title,description,steps_to_reproduce,expected_result,actual_result,environment,module,severity,priority,category
SQL Injection security vulnerability in login authentication field (on mobile Safari browser),Unsanitized user input in security field allows unauthenticated SQL injection exploit against user database. Note: Defect was verified on mobile Safari browser.,"1. Reproduce: SQL Injection security vulnerability in login authentication field
2. Observe result on mobile Safari browser",Security input sanitization and SQL parameterization should block injection payload,Security authentication check bypassed allowing unauthorized access,Staging,Security,Critical,P1,Security
Cross-Site Scripting XSS security vulnerability in comment box (observed in staging deployment),Stored XSS security vulnerability executes arbitrary JavaScript in victim browser session. Note: Defect was verified observed in staging deployment.,"1. Reproduce: Cross-Site Scripting XSS security vulnerability in comment box
2. Observe result observed in staging deployment",Security HTML tag escaping should sanitize XSS payload,Malicious XSS script tag executes on profile page,Staging,Security,High,P2,Security
Missing security HTTP Content-Security-Policy headers (under high concurrent traffic),Application security response headers lack CSP protection against frame injection. Note: Defect was verified under high concurrent traffic.,"1. Reproduce: Missing security HTTP Content-Security-Policy headers
2. Observe result under high concurrent traffic",Include security response headers CSP and X-Frame-Options,Security response headers missing CSP directives,Development,Security,Medium,P3,Security
Verbose server header leaks proxy security version info (on mobile Safari browser),HTTP Server security response header reveals backend proxy version string. Note: Defect was verified on mobile Safari browser.,"1. Reproduce: Verbose server header leaks proxy security version info
2. Observe result on mobile Safari browser",Mask security server version strings in production,Header leaks Server version information,Production,Security,Low,P4,Security
Payment gateway deadlock causing duplicate debit charge (observed in staging deployment),Concurrent payment checkout requests cause deadlock resulting in double credit card debit. Note: Defect was verified observed in staging deployment.,"1. Reproduce: Payment gateway deadlock causing duplicate debit charge
2. Observe result observed in staging deployment",Atomic payment transaction lock prevents duplicate charges,Payment fails with 500 error and debits customer twice,Production,Payment,Critical,P1,Payment
Stripe payment API webhook notification signature failure (after v1.4 patch release),Asynchronous payment gateway notification webhook drops checkout completion events. Note: Defect was verified after v1.4 patch release.,"1. Reproduce: Stripe payment API webhook notification signature failure
2. Observe result after v1.4 patch release",Validate Stripe payment webhook signature correctly,Payment status remains pending after credit card charge,Production,Payment,High,P2,Payment
Currency symbol display mismatch in checkout payment summary (in microservice container),Payment conversion calculates correctly but displays wrong currency symbol prefix. Note: Defect was verified in microservice container.,"1. Reproduce: Currency symbol display mismatch in checkout payment summary
2. Observe result in microservice container",Display correct currency symbol on payment screen,Displays $ instead of EUR symbol for payment total,Development,Payment,Medium,P3,Payment
Saved payment card mask displays 14 visible digits (on mobile Safari browser),Credit card payment mask displays 14 visible digits on account billing page. Note: Defect was verified on mobile Safari browser.,"1. Reproduce: Saved payment card mask displays 14 visible digits
2. Observe result on mobile Safari browser",Mask all but last 4 payment card numbers,Payment card digits exposed on screen,Production,Payment,Low,P4,Payment
Database connection pool leak exhausts active DB connections (under high concurrent traffic),Unclosed database ORM sessions leak database connection pool capacity causing API crash. Note: Defect was verified under high concurrent traffic.,"1. Reproduce: Database connection pool leak exhausts active DB connections
2. Observe result under high concurrent traffic",Recycle idle database connection pool threads automatically,Database connection pool timeout error,Production,Database,Critical,P1,Database
Missing composite database index causes full table scan (during load test run),Database query plan performs full table scan on 10 million database rows. Note: Defect was verified during load test run.,"1. Reproduce: Missing composite database index causes full table scan
2. Observe result during load test run",Execute database query using composite index under 50ms,Database query latency spikes to 9 seconds,Staging,Database,High,P2,Database
Read replica database synchronization delay lag (on mobile Safari browser),Replication lag on secondary database instance returns stale database records. Note: Defect was verified on mobile Safari browser.,"1. Reproduce: Read replica database synchronization delay lag
2. Observe result on mobile Safari browser",Database replication sync delay under 200ms,Stale database records returned to read query,Staging,Database,Medium,P3,Database
Database migration script outputs deprecated syntax warning (after v1.4 patch release),Database schema migration succeeds but logs SQL index syntax warning. Note: Defect was verified after v1.4 patch release.,"1. Reproduce: Database migration script outputs deprecated syntax warning
2. Observe result after v1.4 patch release",Clean database migration execution logs,Deprecated database index syntax warning logged,Development,Database,Low,P4,Database
Memory leak during PDF export triggers OOM performance crash (in microservice container),Exporting PDF documents consumes 4GB heap RAM memory causing OOM performance killer crash. Note: Defect was verified in microservice container.,"1. Reproduce: Memory leak during PDF export triggers OOM performance crash
2. Observe result in microservice container",Optimize PDF stream memory allocation under 250MB,Performance crash with OutOfMemory error,Development,Performance,Critical,P1,Performance
High CPU utilization spike during concurrent CSV file parsing (intermittently after session timeout),Parsing 500MB CSV file locks CPU performance threads causing API response lag. Note: Defect was verified intermittently after session timeout.,"1. Reproduce: High CPU utilization spike during concurrent CSV file parsing
2. Observe result intermittently after session timeout",Process CSV parsing in async background queue to maintain performance,Server CPU spikes to 100% performance degradation,Production,Performance,High,P2,Performance
N+1 SQL query loop in list view degrades page load performance (under high concurrent traffic),Looping over table records triggers 150 individual SQL queries degrading performance. Note: Defect was verified under high concurrent traffic.,"1. Reproduce: N+1 SQL query loop in list view degrades page load performance
2. Observe result under high concurrent traffic",Use eager loading SQL joins for page performance,150 separate queries degrade load performance,Production,Performance,Medium,P3,Performance
Unused JavaScript bundle assets increase page load time (in microservice container),Legacy library dependencies included in main production bundle slowing performance. Note: Defect was verified in microservice container.,"1. Reproduce: Unused JavaScript bundle assets increase page load time
2. Observe result in microservice container",Tree-shake unused script files for optimal frontend performance,Bundle size 50KB larger than optimal performance benchmark,Staging,Performance,Low,P4,Performance
Multi-Factor Authentication MFA bypass via direct login route (in microservice container),Navigating directly to protected URL skips mandatory MFA passcode prompt during authentication. Note: Defect was verified in microservice container.,"1. Reproduce: Multi-Factor Authentication MFA bypass via direct login route
2. Observe result in microservice container",Enforce MFA authentication before issuing access token,Bypasses authentication MFA verification check,Production,Authentication,Critical,P1,Authentication
OAuth2 SSO authentication callback loop state mismatch (observed in staging deployment),Single Sign-On SSO authentication redirect fails for Azure AD login users. Note: Defect was verified observed in staging deployment.,"1. Reproduce: OAuth2 SSO authentication callback loop state mismatch
2. Observe result observed in staging deployment",Validate SSO authentication state token cleanly,Authentication redirect loop with 403 error,Staging,Authentication,High,P2,Authentication
Password reset token does not expire after single redemption (in microservice container),Password reset link remains active for authentication multiple times. Note: Defect was verified in microservice container.,"1. Reproduce: Password reset token does not expire after single redemption
2. Observe result in microservice container",Invalidate password reset token after single authentication use,Reset token re-usable for 24 hours,Production,Authentication,Medium,P3,Authentication
Login form password input field missing autocomplete attribute (in microservice container),Password manager browser extension fails to auto-fill authentication password field. Note: Defect was verified in microservice container.,"1. Reproduce: Login form password input field missing autocomplete attribute
2. Observe result in microservice container",Set autocomplete='current-password' for authentication UX,Password manager fails to detect field,Development,Authentication,Low,P4,Authentication
HTTP 504 Gateway Timeout on microservice network proxy (on mobile Safari browser),Network API gateway proxy drops inbound requests taking longer than 30 seconds. Note: Defect was verified on mobile Safari browser.,"1. Reproduce: HTTP 504 Gateway Timeout on microservice network proxy
2. Observe result on mobile Safari browser",Maintain network proxy connection for long requests,Network proxy returns 504 Gateway Timeout,Development,Network,Critical,P1,Network
WebSocket live stream network connection drops every 60 seconds (after v1.4 patch release),Missing network ping heartbeat ping causes reverse proxy to terminate socket connection. Note: Defect was verified after v1.4 patch release.,"1. Reproduce: WebSocket live stream network connection drops every 60 seconds
2. Observe result after v1.4 patch release",Send periodic WebSocket network keep-alive ping,Network socket connection closes with code 1006,Staging,Network,High,P2,Network
CORS preflight network request fails on custom HTTP headers (in microservice container),OPTIONS network request returns 403 Forbidden due to missing Access-Control header. Note: Defect was verified in microservice container.,"1. Reproduce: CORS preflight network request fails on custom HTTP headers
2. Observe result in microservice container",Allow custom headers in CORS network handler,Browser blocks cross-origin network API request,Development,Network,Medium,P3,Network
DNS lookup retry delay adds 150ms latency to network calls (in microservice container),Secondary DNS network resolver lookup retries before resolving hostname. Note: Defect was verified in microservice container.,"1. Reproduce: DNS lookup retry delay adds 150ms latency to network calls
2. Observe result in microservice container",Fast primary DNS network resolution under 10ms,Intermittent 150ms network delay,Production,Network,Low,P4,Network
Modal dialog close button unclickable on mobile viewport UI/UX (observed in staging deployment),Modal close button positioned outside viewport UI/UX touch boundary. Note: Defect was verified observed in staging deployment.,"1. Reproduce: Modal dialog close button unclickable on mobile viewport UI/UX
2. Observe result observed in staging deployment",Responsive UI/UX modal bounds with accessible tap target,User stuck on modal UI/UX screen,Development,UI/UX,Critical,P1,UI/UX
Filter dropdown selected values fail to clear on reset UI/UX click (under high concurrent traffic),Clicking Clear Filters resets text but leaves dropdown selection active in UI/UX state. Note: Defect was verified under high concurrent traffic.,"1. Reproduce: Filter dropdown selected values fail to clear on reset UI/UX click
2. Observe result under high concurrent traffic",Reset all UI/UX filter components to default state,Dropdown selection remains active in UI/UX state,Production,UI/UX,High,P2,UI/UX
Dark mode text contrast ratio fails accessibility UI/UX guidelines (observed in staging deployment),Muted gray text on dark background has insufficient contrast ratio in UI/UX theme. Note: Defect was verified observed in staging deployment.,"1. Reproduce: Dark mode text contrast ratio fails accessibility UI/UX guidelines
2. Observe result observed in staging deployment",Maintain WCAG AAA contrast ratio 4.5:1 for UI/UX,Text illegible in dark UI/UX theme,Staging,UI/UX,Medium,P3,UI/UX
User avatar image renders broken placeholder icon on CDN UI/UX 404 (on mobile Safari browser),Broken image icon rendered when user profile picture URL fails in UI/UX. Note: Defect was verified on mobile Safari browser.,"1. Reproduce: User avatar image renders broken placeholder icon on CDN UI/UX 404
2. Observe result on mobile Safari browser",Render fallback initial avatar icon in UI/UX,Broken image placeholder shown in UI/UX layout,Staging,UI/UX,Low,P4,UI/UX
Bulk delete functional action removes wrong record IDs (when running background cron job),Select all functional checkbox maps array index instead of database record ID. Note: Defect was verified when running background cron job.,"1. Reproduce: Bulk delete functional action removes wrong record IDs
2. Observe result when running background cron job",Execute functional deletion on selected database IDs only,Deletes wrong database records in functional execution,Staging,General,Critical,P1,Functional
Incorrect functional pagination item count displayed on table footer (after v1.4 patch release),Footer displays total count from unfiltered dataset after applying functional search. Note: Defect was verified after v1.4 patch release.,"1. Reproduce: Incorrect functional pagination item count displayed on table footer
2. Observe result after v1.4 patch release",Update functional item count to match active search filter,Displays stale total count in table functional footer,Development,General,High,P2,Functional
Export CSV functional feature truncates descriptions with commas (on mobile Safari browser),CSV functional generator fails to wrap string values in double quotes. Note: Defect was verified on mobile Safari browser.,"1. Reproduce: Export CSV functional feature truncates descriptions with commas
2. Observe result on mobile Safari browser",Escape commas in CSV functional export,Splits text across columns in functional export,Production,General,Medium,P3,Functional
Date picker functional filter applies timezone offset incorrectly (on mobile Safari browser),Selecting start date converts time to UTC shifting selected functional day. Note: Defect was verified on mobile Safari browser.,"1. Reproduce: Date picker functional filter applies timezone offset incorrectly
2. Observe result on mobile Safari browser",Preserve selected date string in functional filter,Shifts selected date by -1 day in functional query,Development,General,Low,P4,Functional
Zapier webhook integration pipeline drops sync events (intermittently after session timeout),Data integration sync pipeline fails to retry dropped HTTP events under failure. Note: Defect was verified intermittently after session timeout.,"1. Reproduce: Zapier webhook integration pipeline drops sync events
2. Observe result intermittently after session timeout",Guaranteed event delivery across integration pipeline,Integration sync events silently lost,Development,Integration,Critical,P1,Integration
Third-party REST integration API rate limit returns 429 error (in microservice container),Exceeding vendor API quota throws uncaught integration exception in worker queue. Note: Defect was verified in microservice container.,"1. Reproduce: Third-party REST integration API rate limit returns 429 error
2. Observe result in microservice container",Implement exponential backoff retry in integration client,Integration worker process crashes,Production,Integration,High,P2,Integration
Jira issue integration sync fails on custom field schema mismatch (intermittently after session timeout),Custom field value formatting causes Jira integration REST API validation error. Note: Defect was verified intermittently after session timeout.,"1. Reproduce: Jira issue integration sync fails on custom field schema mismatch
2. Observe result intermittently after session timeout",Format payload according to Jira integration spec,Jira integration sync fails,Production,Integration,Medium,P3,Integration
Slack webhook integration notification fails when title contains quotes (under high concurrent traffic),Unescaped double quotes in bug title break Slack integration JSON payload. Note: Defect was verified under high concurrent traffic.,"1. Reproduce: Slack webhook integration notification fails when title contains quotes
2. Observe result under high concurrent traffic",Sanitize JSON payload strings for integration webhook,Slack integration notification fails,Production,Integration,Low,P4,Integration
Cron job scheduler thread deadlocks halting automated tasks (after v1.4 patch release),Shared lock between scheduled tasks causes task runner service to stall. Note: Defect was verified after v1.4 patch release.,"1. Reproduce: Cron job scheduler thread deadlocks halting automated tasks
2. Observe result after v1.4 patch release",Isolated task execution threads for background jobs,Cron scheduler completely stops execution,Production,General,Critical,P1,Other
Email notification sender address rejected by SPF DMARC policy (intermittently after session timeout),Outbound transaction email missing valid DKIM signature in mail header. Note: Defect was verified intermittently after session timeout.,"1. Reproduce: Email notification sender address rejected by SPF DMARC policy
2. Observe result intermittently after session timeout",Send authenticated email headers with DKIM signature,Notification emails marked as spam,Staging,General,High,P2,Other
Help center documentation search returns 500 on special characters (under high concurrent traffic),Searching documentation with quotes throws unhandled server exception. Note: Defect was verified under high concurrent traffic.,"1. Reproduce: Help center documentation search returns 500 on special characters
2. Observe result under high concurrent traffic",Sanitize search input terms in documentation portal,500 Internal Server Error,Staging,General,Medium,P3,Other
Typo in assignment notification email subject header text (in microservice container),Notification email subject contains spelling error: 'Bug Assignned'. Note: Defect was verified in microservice container.,"1. Reproduce: Typo in assignment notification email subject header text
2. Observe result in microservice container",Correct spelling: 'Bug Assigned',Displays 'Assignned' with double n,Development,General,Low,P4,Other
SQL Injection security vulnerability in login authentication field (on mobile Safari browser),Unsanitized user input in security field allows unauthenticated SQL injection exploit against user database. Note: Defect was verified on mobile Safari browser.,"1. Reproduce: SQL Injection security vulnerability in login authentication field
2. Observe result on mobile Safari browser",Security input sanitization and SQL parameterization should block injection payload,Security authentication check bypassed allowing unauthorized access,Staging,Security,Critical,P1,Security
Cross-Site Scripting XSS security vulnerability in comment box (intermittently after session timeout),Stored XSS security vulnerability executes arbitrary JavaScript in victim browser session. Note: Defect was verified intermittently after session timeout.,"1. Reproduce: Cross-Site Scripting XSS security vulnerability in comment box
2. Observe result intermittently after session timeout",Security HTML tag escaping should sanitize XSS payload,Malicious XSS script tag executes on profile page,Development,Security,High,P2,Security
Missing security HTTP Content-Security-Policy headers (intermittently after session timeout),Application security response headers lack CSP protection against frame injection. Note: Defect was verified intermittently after session timeout.,"1. Reproduce: Missing security HTTP Content-Security-Policy headers
2. Observe result intermittently after session timeout",Include security response headers CSP and X-Frame-Options,Security response headers missing CSP directives,Development,Security,Medium,P3,Security
Verbose server header leaks proxy security version info (under high concurrent traffic),HTTP Server security response header reveals backend proxy version string. Note: Defect was verified under high concurrent traffic.,"1. Reproduce: Verbose server header leaks proxy security version info
2. Observe result under high concurrent traffic",Mask security server version strings in production,Header leaks Server version information,Development,Security,Low,P4,Security
Payment gateway deadlock causing duplicate debit charge (when running background cron job),Concurrent payment checkout requests cause deadlock resulting in double credit card debit. Note: Defect was verified when running background cron job.,"1. Reproduce: Payment gateway deadlock causing duplicate debit charge
2. Observe result when running background cron job",Atomic payment transaction lock prevents duplicate charges,Payment fails with 500 error and debits customer twice,Development,Payment,Critical,P1,Payment
Stripe payment API webhook notification signature failure (after v1.4 patch release),Asynchronous payment gateway notification webhook drops checkout completion events. Note: Defect was verified after v1.4 patch release.,"1. Reproduce: Stripe payment API webhook notification signature failure
2. Observe result after v1.4 patch release",Validate Stripe payment webhook signature correctly,Payment status remains pending after credit card charge,Development,Payment,High,P2,Payment
Currency symbol display mismatch in checkout payment summary (in microservice container),Payment conversion calculates correctly but displays wrong currency symbol prefix. Note: Defect was verified in microservice container.,"1. Reproduce: Currency symbol display mismatch in checkout payment summary
2. Observe result in microservice container",Display correct currency symbol on payment screen,Displays $ instead of EUR symbol for payment total,Staging,Payment,Medium,P3,Payment
Saved payment card mask displays 14 visible digits (during load test run),Credit card payment mask displays 14 visible digits on account billing page. Note: Defect was verified during load test run.,"1. Reproduce: Saved payment card mask displays 14 visible digits
2. Observe result during load test run",Mask all but last 4 payment card numbers,Payment card digits exposed on screen,Staging,Payment,Low,P4,Payment
Database connection pool leak exhausts active DB connections (intermittently after session timeout),Unclosed database ORM sessions leak database connection pool capacity causing API crash. Note: Defect was verified intermittently after session timeout.,"1. Reproduce: Database connection pool leak exhausts active DB connections
2. Observe result intermittently after session timeout",Recycle idle database connection pool threads automatically,Database connection pool timeout error,Staging,Database,Critical,P1,Database
Missing composite database index causes full table scan (observed in staging deployment),Database query plan performs full table scan on 10 million database rows. Note: Defect was verified observed in staging deployment.,"1. Reproduce: Missing composite database index causes full table scan
2. Observe result observed in staging deployment",Execute database query using composite index under 50ms,Database query latency spikes to 9 seconds,Development,Database,High,P2,Database
Read replica database synchronization delay lag (on Kubernetes cluster node 3),Replication lag on secondary database instance returns stale database records. Note: Defect was verified on Kubernetes cluster node 3.,"1. Reproduce: Read replica database synchronization delay lag
2. Observe result on Kubernetes cluster node 3",Database replication sync delay under 200ms,Stale database records returned to read query,Production,Database,Medium,P3,Database
Database migration script outputs deprecated syntax warning (intermittently after session timeout),Database schema migration succeeds but logs SQL index syntax warning. Note: Defect was verified intermittently after session timeout.,"1. Reproduce: Database migration script outputs deprecated syntax warning
2. Observe result intermittently after session timeout",Clean database migration execution logs,Deprecated database index syntax warning logged,Production,Database,Low,P4,Database
Memory leak during PDF export triggers OOM performance crash (on mobile Safari browser),Exporting PDF documents consumes 4GB heap RAM memory causing OOM performance killer crash. Note: Defect was verified on mobile Safari browser.,"1. Reproduce: Memory leak during PDF export triggers OOM performance crash
2. Observe result on mobile Safari browser",Optimize PDF stream memory allocation under 250MB,Performance crash with OutOfMemory error,Staging,Performance,Critical,P1,Performance
High CPU utilization spike during concurrent CSV file parsing (under high concurrent traffic),Parsing 500MB CSV file locks CPU performance threads causing API response lag. Note: Defect was verified under high concurrent traffic.,"1. Reproduce: High CPU utilization spike during concurrent CSV file parsing
2. Observe result under high concurrent traffic",Process CSV parsing in async background queue to maintain performance,Server CPU spikes to 100% performance degradation,Development,Performance,High,P2,Performance
N+1 SQL query loop in list view degrades page load performance (when running background cron job),Looping over table records triggers 150 individual SQL queries degrading performance. Note: Defect was verified when running background cron job.,"1. Reproduce: N+1 SQL query loop in list view degrades page load performance
2. Observe result when running background cron job",Use eager loading SQL joins for page performance,150 separate queries degrade load performance,Development,Performance,Medium,P3,Performance
Unused JavaScript bundle assets increase page load time (intermittently after session timeout),Legacy library dependencies included in main production bundle slowing performance. Note: Defect was verified intermittently after session timeout.,"1. Reproduce: Unused JavaScript bundle assets increase page load time
2. Observe result intermittently after session timeout",Tree-shake unused script files for optimal frontend performance,Bundle size 50KB larger than optimal performance benchmark,Production,Performance,Low,P4,Performance
Multi-Factor Authentication MFA bypass via direct login route (observed in staging deployment),Navigating directly to protected URL skips mandatory MFA passcode prompt during authentication. Note: Defect was verified observed in staging deployment.,"1. Reproduce: Multi-Factor Authentication MFA bypass via direct login route
2. Observe result observed in staging deployment",Enforce MFA authentication before issuing access token,Bypasses authentication MFA verification check,Staging,Authentication,Critical,P1,Authentication
OAuth2 SSO authentication callback loop state mismatch (under high concurrent traffic),Single Sign-On SSO authentication redirect fails for Azure AD login users. Note: Defect was verified under high concurrent traffic.,"1. Reproduce: OAuth2 SSO authentication callback loop state mismatch
2. Observe result under high concurrent traffic",Validate SSO authentication state token cleanly,Authentication redirect loop with 403 error,Development,Authentication,High,P2,Authentication
Password reset token does not expire after single redemption (during load test run),Password reset link remains active for authentication multiple times. Note: Defect was verified during load test run.,"1. Reproduce: Password reset token does not expire after single redemption
2. Observe result during load test run",Invalidate password reset token after single authentication use,Reset token re-usable for 24 hours,Development,Authentication,Medium,P3,Authentication
Login form password input field missing autocomplete attribute (observed in staging deployment),Password manager browser extension fails to auto-fill authentication password field. Note: Defect was verified observed in staging deployment.,"1. Reproduce: Login form password input field missing autocomplete attribute
2. Observe result observed in staging deployment",Set autocomplete='current-password' for authentication UX,Password manager fails to detect field,Staging,Authentication,Low,P4,Authentication
HTTP 504 Gateway Timeout on microservice network proxy (on Kubernetes cluster node 3),Network API gateway proxy drops inbound requests taking longer than 30 seconds. Note: Defect was verified on Kubernetes cluster node 3.,"1. Reproduce: HTTP 504 Gateway Timeout on microservice network proxy
2. Observe result on Kubernetes cluster node 3",Maintain network proxy connection for long requests,Network proxy returns 504 Gateway Timeout,Development,Network,Critical,P1,Network
WebSocket live stream network connection drops every 60 seconds (on Kubernetes cluster node 3),Missing network ping heartbeat ping causes reverse proxy to terminate socket connection. Note: Defect was verified on Kubernetes cluster node 3.,"1. Reproduce: WebSocket live stream network connection drops every 60 seconds
2. Observe result on Kubernetes cluster node 3",Send periodic WebSocket network keep-alive ping,Network socket connection closes with code 1006,Production,Network,High,P2,Network
CORS preflight network request fails on custom HTTP headers (during load test run),OPTIONS network request returns 403 Forbidden due to missing Access-Control header. Note: Defect was verified during load test run.,"1. Reproduce: CORS preflight network request fails on custom HTTP headers
2. Observe result during load test run",Allow custom headers in CORS network handler,Browser blocks cross-origin network API request,Development,Network,Medium,P3,Network
DNS lookup retry delay adds 150ms latency to network calls (on mobile Safari browser),Secondary DNS network resolver lookup retries before resolving hostname. Note: Defect was verified on mobile Safari browser.,"1. Reproduce: DNS lookup retry delay adds 150ms latency to network calls
2. Observe result on mobile Safari browser",Fast primary DNS network resolution under 10ms,Intermittent 150ms network delay,Development,Network,Low,P4,Network
Modal dialog close button unclickable on mobile viewport UI/UX (during load test run),Modal close button positioned outside viewport UI/UX touch boundary. Note: Defect was verified during load test run.,"1. Reproduce: Modal dialog close button unclickable on mobile viewport UI/UX
2. Observe result during load test run",Responsive UI/UX modal bounds with accessible tap target,User stuck on modal UI/UX screen,Production,UI/UX,Critical,P1,UI/UX
Filter dropdown selected values fail to clear on reset UI/UX click (on mobile Safari browser),Clicking Clear Filters resets text but leaves dropdown selection active in UI/UX state. Note: Defect was verified on mobile Safari browser.,"1. Reproduce: Filter dropdown selected values fail to clear on reset UI/UX click
2. Observe result on mobile Safari browser",Reset all UI/UX filter components to default state,Dropdown selection remains active in UI/UX state,Staging,UI/UX,High,P2,UI/UX
Dark mode text contrast ratio fails accessibility UI/UX guidelines (on Kubernetes cluster node 3),Muted gray text on dark background has insufficient contrast ratio in UI/UX theme. Note: Defect was verified on Kubernetes cluster node 3.,"1. Reproduce: Dark mode text contrast ratio fails accessibility UI/UX guidelines
2. Observe result on Kubernetes cluster node 3",Maintain WCAG AAA contrast ratio 4.5:1 for UI/UX,Text illegible in dark UI/UX theme,Development,UI/UX,Medium,P3,UI/UX
User avatar image renders broken placeholder icon on CDN UI/UX 404 (after v1.4 patch release),Broken image icon rendered when user profile picture URL fails in UI/UX. Note: Defect was verified after v1.4 patch release.,"1. Reproduce: User avatar image renders broken placeholder icon on CDN UI/UX 404
2. Observe result after v1.4 patch release",Render fallback initial avatar icon in UI/UX,Broken image placeholder shown in UI/UX layout,Development,UI/UX,Low,P4,UI/UX
Bulk delete functional action removes wrong record IDs (when running background cron job),Select all functional checkbox maps array index instead of database record ID. Note: Defect was verified when running background cron job.,"1. Reproduce: Bulk delete functional action removes wrong record IDs
2. Observe result when running background cron job",Execute functional deletion on selected database IDs only,Deletes wrong database records in functional execution,Staging,General,Critical,P1,Functional
Incorrect functional pagination item count displayed on table footer (during load test run),Footer displays total count from unfiltered dataset after applying functional search. Note: Defect was verified during load test run.,"1. Reproduce: Incorrect functional pagination item count displayed on table footer
2. Observe result during load test run",Update functional item count to match active search filter,Displays stale total count in table functional footer,Development,General,High,P2,Functional
Export CSV functional feature truncates descriptions with commas (during load test run),CSV functional generator fails to wrap string values in double quotes. Note: Defect was verified during load test run.,"1. Reproduce: Export CSV functional feature truncates descriptions with commas
2. Observe result during load test run",Escape commas in CSV functional export,Splits text across columns in functional export,Development,General,Medium,P3,Functional
Date picker functional filter applies timezone offset incorrectly (on mobile Safari browser),Selecting start date converts time to UTC shifting selected functional day. Note: Defect was verified on mobile Safari browser.,"1. Reproduce: Date picker functional filter applies timezone offset incorrectly
2. Observe result on mobile Safari browser",Preserve selected date string in functional filter,Shifts selected date by -1 day in functional query,Staging,General,Low,P4,Functional
Zapier webhook integration pipeline drops sync events (observed in staging deployment),Data integration sync pipeline fails to retry dropped HTTP events under failure. Note: Defect was verified observed in staging deployment.,"1. Reproduce: Zapier webhook integration pipeline drops sync events
2. Observe result observed in staging deployment",Guaranteed event delivery across integration pipeline,Integration sync events silently lost,Development,Integration,Critical,P1,Integration
Third-party REST integration API rate limit returns 429 error (in microservice container),Exceeding vendor API quota throws uncaught integration exception in worker queue. Note: Defect was verified in microservice container.,"1. Reproduce: Third-party REST integration API rate limit returns 429 error
2. Observe result in microservice container",Implement exponential backoff retry in integration client,Integration worker process crashes,Production,Integration,High,P2,Integration
Jira issue integration sync fails on custom field schema mismatch (on mobile Safari browser),Custom field value formatting causes Jira integration REST API validation error. Note: Defect was verified on mobile Safari browser.,"1. Reproduce: Jira issue integration sync fails on custom field schema mismatch
2. Observe result on mobile Safari browser",Format payload according to Jira integration spec,Jira integration sync fails,Production,Integration,Medium,P3,Integration
Slack webhook integration notification fails when title contains quotes (observed in staging deployment),Unescaped double quotes in bug title break Slack integration JSON payload. Note: Defect was verified observed in staging deployment.,"1. Reproduce: Slack webhook integration notification fails when title contains quotes
2. Observe result observed in staging deployment",Sanitize JSON payload strings for integration webhook,Slack integration notification fails,Development,Integration,Low,P4,Integration
Cron job scheduler thread deadlocks halting automated tasks (during load test run),Shared lock between scheduled tasks causes task runner service to stall. Note: Defect was verified during load test run.,"1. Reproduce: Cron job scheduler thread deadlocks halting automated tasks
2. Observe result during load test run",Isolated task execution threads for background jobs,Cron scheduler completely stops execution,Staging,General,Critical,P1,Other
Email notification sender address rejected by SPF DMARC policy (under high concurrent traffic),Outbound transaction email missing valid DKIM signature in mail header. Note: Defect was verified under high concurrent traffic.,"1. Reproduce: Email notification sender address rejected by SPF DMARC policy
2. Observe result under high concurrent traffic",Send authenticated email headers with DKIM signature,Notification emails marked as spam,Production,General,High,P2,Other
Help center documentation search returns 500 on special characters (in microservice container),Searching documentation with quotes throws unhandled server exception. Note: Defect was verified in microservice container.,"1. Reproduce: Help center documentation search returns 500 on special characters
2. Observe result in microservice container",Sanitize search input terms in documentation portal,500 Internal Server Error,Production,General,Medium,P3,Other
Typo in assignment notification email subject header text (observed in staging deployment),Notification email subject contains spelling error: 'Bug Assignned'. Note: Defect was verified observed in staging deployment.,"1. Reproduce: Typo in assignment notification email subject header text
2. Observe result observed in staging deployment",Correct spelling: 'Bug Assigned',Displays 'Assignned' with double n,Development,General,Low,P4,Other
SQL Injection security vulnerability in login authentication field (observed in staging deployment),Unsanitized user input in security field allows unauthenticated SQL injection exploit against user database. Note: Defect was verified observed in staging deployment.,"1. Reproduce: SQL Injection security vulnerability in login authentication field
2. Observe result observed in staging deployment",Security input sanitization and SQL parameterization should block injection payload,Security authentication check bypassed allowing unauthorized access,Production,Security,Critical,P1,Security
Cross-Site Scripting XSS security vulnerability in comment box (on mobile Safari browser),Stored XSS security vulnerability executes arbitrary JavaScript in victim browser session. Note: Defect was verified on mobile Safari browser.,"1. Reproduce: Cross-Site Scripting XSS security vulnerability in comment box
2. Observe result on mobile Safari browser",Security HTML tag escaping should sanitize XSS payload,Malicious XSS script tag executes on profile page,Staging,Security,High,P2,Security
Missing security HTTP Content-Security-Policy headers (in microservice container),Application security response headers lack CSP protection against frame injection. Note: Defect was verified in microservice container.,"1. Reproduce: Missing security HTTP Content-Security-Policy headers
2. Observe result in microservice container",Include security response headers CSP and X-Frame-Options,Security response headers missing CSP directives,Development,Security,Medium,P3,Security
Verbose server header leaks proxy security version info (after v1.4 patch release),HTTP Server security response header reveals backend proxy version string. Note: Defect was verified after v1.4 patch release.,"1. Reproduce: Verbose server header leaks proxy security version info
2. Observe result after v1.4 patch release",Mask security server version strings in production,Header leaks Server version information,Production,Security,Low,P4,Security
Payment gateway deadlock causing duplicate debit charge (when running background cron job),Concurrent payment checkout requests cause deadlock resulting in double credit card debit. Note: Defect was verified when running background cron job.,"1. Reproduce: Payment gateway deadlock causing duplicate debit charge
2. Observe result when running background cron job",Atomic payment transaction lock prevents duplicate charges,Payment fails with 500 error and debits customer twice,Staging,Payment,Critical,P1,Payment
Stripe payment API webhook notification signature failure (under high concurrent traffic),Asynchronous payment gateway notification webhook drops checkout completion events. Note: Defect was verified under high concurrent traffic.,"1. Reproduce: Stripe payment API webhook notification signature failure
2. Observe result under high concurrent traffic",Validate Stripe payment webhook signature correctly,Payment status remains pending after credit card charge,Staging,Payment,High,P2,Payment
Currency symbol display mismatch in checkout payment summary (when running background cron job),Payment conversion calculates correctly but displays wrong currency symbol prefix. Note: Defect was verified when running background cron job.,"1. Reproduce: Currency symbol display mismatch in checkout payment summary
2. Observe result when running background cron job",Display correct currency symbol on payment screen,Displays $ instead of EUR symbol for payment total,Staging,Payment,Medium,P3,Payment
Saved payment card mask displays 14 visible digits (observed in staging deployment),Credit card payment mask displays 14 visible digits on account billing page. Note: Defect was verified observed in staging deployment.,"1. Reproduce: Saved payment card mask displays 14 visible digits
2. Observe result observed in staging deployment",Mask all but last 4 payment card numbers,Payment card digits exposed on screen,Staging,Payment,Low,P4,Payment
Database connection pool leak exhausts active DB connections (intermittently after session timeout),Unclosed database ORM sessions leak database connection pool capacity causing API crash. Note: Defect was verified intermittently after session timeout.,"1. Reproduce: Database connection pool leak exhausts active DB connections
2. Observe result intermittently after session timeout",Recycle idle database connection pool threads automatically,Database connection pool timeout error,Production,Database,Critical,P1,Database
Missing composite database index causes full table scan (in microservice container),Database query plan performs full table scan on 10 million database rows. Note: Defect was verified in microservice container.,"1. Reproduce: Missing composite database index causes full table scan
2. Observe result in microservice container",Execute database query using composite index under 50ms,Database query latency spikes to 9 seconds,Staging,Database,High,P2,Database
Read replica database synchronization delay lag (intermittently after session timeout),Replication lag on secondary database instance returns stale database records. Note: Defect was verified intermittently after session timeout.,"1. Reproduce: Read replica database synchronization delay lag
2. Observe result intermittently after session timeout",Database replication sync delay under 200ms,Stale database records returned to read query,Development,Database,Medium,P3,Database
Database migration script outputs deprecated syntax warning (intermittently after session timeout),Database schema migration succeeds but logs SQL index syntax warning. Note: Defect was verified intermittently after session timeout.,"1. Reproduce: Database migration script outputs deprecated syntax warning
2. Observe result intermittently after session timeout",Clean database migration execution logs,Deprecated database index syntax warning logged,Staging,Database,Low,P4,Database
Memory leak during PDF export triggers OOM performance crash (when running background cron job),Exporting PDF documents consumes 4GB heap RAM memory causing OOM performance killer crash. Note: Defect was verified when running background cron job.,"1. Reproduce: Memory leak during PDF export triggers OOM performance crash
2. Observe result when running background cron job",Optimize PDF stream memory allocation under 250MB,Performance crash with OutOfMemory error,Development,Performance,Critical,P1,Performance
High CPU utilization spike during concurrent CSV file parsing (in microservice container),Parsing 500MB CSV file locks CPU performance threads causing API response lag. Note: Defect was verified in microservice container.,"1. Reproduce: High CPU utilization spike during concurrent CSV file parsing
2. Observe result in microservice container",Process CSV parsing in async background queue to maintain performance,Server CPU spikes to 100% performance degradation,Staging,Performance,High,P2,Performance
N+1 SQL query loop in list view degrades page load performance (after v1.4 patch release),Looping over table records triggers 150 individual SQL queries degrading performance. Note: Defect was verified after v1.4 patch release.,"1. Reproduce: N+1 SQL query loop in list view degrades page load performance
2. Observe result after v1.4 patch release",Use eager loading SQL joins for page performance,150 separate queries degrade load performance,Staging,Performance,Medium,P3,Performance
Unused JavaScript bundle assets increase page load time (in microservice container),Legacy library dependencies included in main production bundle slowing performance. Note: Defect was verified in microservice container.,"1. Reproduce: Unused JavaScript bundle assets increase page load time
2. Observe result in microservice container",Tree-shake unused script files for optimal frontend performance,Bundle size 50KB larger than optimal performance benchmark,Production,Performance,Low,P4,Performance
Multi-Factor Authentication MFA bypass via direct login route (under high concurrent traffic),Navigating directly to protected URL skips mandatory MFA passcode prompt during authentication. Note: Defect was verified under high concurrent traffic.,"1. Reproduce: Multi-Factor Authentication MFA bypass via direct login route
2. Observe result under high concurrent traffic",Enforce MFA authentication before issuing access token,Bypasses authentication MFA verification check,Staging,Authentication,Critical,P1,Authentication
OAuth2 SSO authentication callback loop state mismatch (under high concurrent traffic),Single Sign-On SSO authentication redirect fails for Azure AD login users. Note: Defect was verified under high concurrent traffic.,"1. Reproduce: OAuth2 SSO authentication callback loop state mismatch
2. Observe result under high concurrent traffic",Validate SSO authentication state token cleanly,Authentication redirect loop with 403 error,Production,Authentication,High,P2,Authentication
Password reset token does not expire after single redemption (on Kubernetes cluster node 3),Password reset link remains active for authentication multiple times. Note: Defect was verified on Kubernetes cluster node 3.,"1. Reproduce: Password reset token does not expire after single redemption
2. Observe result on Kubernetes cluster node 3",Invalidate password reset token after single authentication use,Reset token re-usable for 24 hours,Production,Authentication,Medium,P3,Authentication
Login form password input field missing autocomplete attribute (intermittently after session timeout),Password manager browser extension fails to auto-fill authentication password field. Note: Defect was verified intermittently after session timeout.,"1. Reproduce: Login form password input field missing autocomplete attribute
2. Observe result intermittently after session timeout",Set autocomplete='current-password' for authentication UX,Password manager fails to detect field,Development,Authentication,Low,P4,Authentication
HTTP 504 Gateway Timeout on microservice network proxy (when running background cron job),Network API gateway proxy drops inbound requests taking longer than 30 seconds. Note: Defect was verified when running background cron job.,"1. Reproduce: HTTP 504 Gateway Timeout on microservice network proxy
2. Observe result when running background cron job",Maintain network proxy connection for long requests,Network proxy returns 504 Gateway Timeout,Production,Network,Critical,P1,Network
WebSocket live stream network connection drops every 60 seconds (on mobile Safari browser),Missing network ping heartbeat ping causes reverse proxy to terminate socket connection. Note: Defect was verified on mobile Safari browser.,"1. Reproduce: WebSocket live stream network connection drops every 60 seconds
2. Observe result on mobile Safari browser",Send periodic WebSocket network keep-alive ping,Network socket connection closes with code 1006,Development,Network,High,P2,Network
CORS preflight network request fails on custom HTTP headers (on Kubernetes cluster node 3),OPTIONS network request returns 403 Forbidden due to missing Access-Control header. Note: Defect was verified on Kubernetes cluster node 3.,"1. Reproduce: CORS preflight network request fails on custom HTTP headers
2. Observe result on Kubernetes cluster node 3",Allow custom headers in CORS network handler,Browser blocks cross-origin network API request,Production,Network,Medium,P3,Network
DNS lookup retry delay adds 150ms latency to network calls (when running background cron job),Secondary DNS network resolver lookup retries before resolving hostname. Note: Defect was verified when running background cron job.,"1. Reproduce: DNS lookup retry delay adds 150ms latency to network calls
2. Observe result when running background cron job",Fast primary DNS network resolution under 10ms,Intermittent 150ms network delay,Production,Network,Low,P4,Network
Modal dialog close button unclickable on mobile viewport UI/UX (in microservice container),Modal close button positioned outside viewport UI/UX touch boundary. Note: Defect was verified in microservice container.,"1. Reproduce: Modal dialog close button unclickable on mobile viewport UI/UX
2. Observe result in microservice container",Responsive UI/UX modal bounds with accessible tap target,User stuck on modal UI/UX screen,Development,UI/UX,Critical,P1,UI/UX
Filter dropdown selected values fail to clear on reset UI/UX click (observed in staging deployment),Clicking Clear Filters resets text but leaves dropdown selection active in UI/UX state. Note: Defect was verified observed in staging deployment.,"1. Reproduce: Filter dropdown selected values fail to clear on reset UI/UX click
2. Observe result observed in staging deployment",Reset all UI/UX filter components to default state,Dropdown selection remains active in UI/UX state,Production,UI/UX,High,P2,UI/UX
Dark mode text contrast ratio fails accessibility UI/UX guidelines (after v1.4 patch release),Muted gray text on dark background has insufficient contrast ratio in UI/UX theme. Note: Defect was verified after v1.4 patch release.,"1. Reproduce: Dark mode text contrast ratio fails accessibility UI/UX guidelines
2. Observe result after v1.4 patch release",Maintain WCAG AAA contrast ratio 4.5:1 for UI/UX,Text illegible in dark UI/UX theme,Development,UI/UX,Medium,P3,UI/UX
User avatar image renders broken placeholder icon on CDN UI/UX 404 (under high concurrent traffic),Broken image icon rendered when user profile picture URL fails in UI/UX. Note: Defect was verified under high concurrent traffic.,"1. Reproduce: User avatar image renders broken placeholder icon on CDN UI/UX 404
2. Observe result under high concurrent traffic",Render fallback initial avatar icon in UI/UX,Broken image placeholder shown in UI/UX layout,Staging,UI/UX,Low,P4,UI/UX
Bulk delete functional action removes wrong record IDs (during load test run),Select all functional checkbox maps array index instead of database record ID. Note: Defect was verified during load test run.,"1. Reproduce: Bulk delete functional action removes wrong record IDs
2. Observe result during load test run",Execute functional deletion on selected database IDs only,Deletes wrong database records in functional execution,Staging,General,Critical,P1,Functional
Incorrect functional pagination item count displayed on table footer (in microservice container),Footer displays total count from unfiltered dataset after applying functional search. Note: Defect was verified in microservice container.,"1. Reproduce: Incorrect functional pagination item count displayed on table footer
2. Observe result in microservice container",Update functional item count to match active search filter,Displays stale total count in table functional footer,Production,General,High,P2,Functional
Export CSV functional feature truncates descriptions with commas (under high concurrent traffic),CSV functional generator fails to wrap string values in double quotes. Note: Defect was verified under high concurrent traffic.,"1. Reproduce: Export CSV functional feature truncates descriptions with commas
2. Observe result under high concurrent traffic",Escape commas in CSV functional export,Splits text across columns in functional export,Staging,General,Medium,P3,Functional
Date picker functional filter applies timezone offset incorrectly (on Kubernetes cluster node 3),Selecting start date converts time to UTC shifting selected functional day. Note: Defect was verified on Kubernetes cluster node 3.,"1. Reproduce: Date picker functional filter applies timezone offset incorrectly
2. Observe result on Kubernetes cluster node 3",Preserve selected date string in functional filter,Shifts selected date by -1 day in functional query,Staging,General,Low,P4,Functional
Zapier webhook integration pipeline drops sync events (in microservice container),Data integration sync pipeline fails to retry dropped HTTP events under failure. Note: Defect was verified in microservice container.,"1. Reproduce: Zapier webhook integration pipeline drops sync events
2. Observe result in microservice container",Guaranteed event delivery across integration pipeline,Integration sync events silently lost,Development,Integration,Critical,P1,Integration
Third-party REST integration API rate limit returns 429 error (observed in staging deployment),Exceeding vendor API quota throws uncaught integration exception in worker queue. Note: Defect was verified observed in staging deployment.,"1. Reproduce: Third-party REST integration API rate limit returns 429 error
2. Observe result observed in staging deployment",Implement exponential backoff retry in integration client,Integration worker process crashes,Development,Integration,High,P2,Integration
Jira issue integration sync fails on custom field schema mismatch (observed in staging deployment),Custom field value formatting causes Jira integration REST API validation error. Note: Defect was verified observed in staging deployment.,"1. Reproduce: Jira issue integration sync fails on custom field schema mismatch
2. Observe result observed in staging deployment",Format payload according to Jira integration spec,Jira integration sync fails,Staging,Integration,Medium,P3,Integration
Slack webhook integration notification fails when title contains quotes (after v1.4 patch release),Unescaped double quotes in bug title break Slack integration JSON payload. Note: Defect was verified after v1.4 patch release.,"1. Reproduce: Slack webhook integration notification fails when title contains quotes
2. Observe result after v1.4 patch release",Sanitize JSON payload strings for integration webhook,Slack integration notification fails,Production,Integration,Low,P4,Integration
Cron job scheduler thread deadlocks halting automated tasks (during load test run),Shared lock between scheduled tasks causes task runner service to stall. Note: Defect was verified during load test run.,"1. Reproduce: Cron job scheduler thread deadlocks halting automated tasks
2. Observe result during load test run",Isolated task execution threads for background jobs,Cron scheduler completely stops execution,Development,General,Critical,P1,Other
Email notification sender address rejected by SPF DMARC policy (observed in staging deployment),Outbound transaction email missing valid DKIM signature in mail header. Note: Defect was verified observed in staging deployment.,"1. Reproduce: Email notification sender address rejected by SPF DMARC policy
2. Observe result observed in staging deployment",Send authenticated email headers with DKIM signature,Notification emails marked as spam,Development,General,High,P2,Other
Help center documentation search returns 500 on special characters (on Kubernetes cluster node 3),Searching documentation with quotes throws unhandled server exception. Note: Defect was verified on Kubernetes cluster node 3.,"1. Reproduce: Help center documentation search returns 500 on special characters
2. Observe result on Kubernetes cluster node 3",Sanitize search input terms in documentation portal,500 Internal Server Error,Production,General,Medium,P3,Other
Typo in assignment notification email subject header text (during load test run),Notification email subject contains spelling error: 'Bug Assignned'. Note: Defect was verified during load test run.,"1. Reproduce: Typo in assignment notification email subject header text
2. Observe result during load test run",Correct spelling: 'Bug Assigned',Displays 'Assignned' with double n,Staging,General,Low,P4,Other
SQL Injection security vulnerability in login authentication field (observed in staging deployment),Unsanitized user input in security field allows unauthenticated SQL injection exploit against user database. Note: Defect was verified observed in staging deployment.,"1. Reproduce: SQL Injection security vulnerability in login authentication field
2. Observe result observed in staging deployment",Security input sanitization and SQL parameterization should block injection payload,Security authentication check bypassed allowing unauthorized access,Staging,Security,Critical,P1,Security
Cross-Site Scripting XSS security vulnerability in comment box (intermittently after session timeout),Stored XSS security vulnerability executes arbitrary JavaScript in victim browser session. Note: Defect was verified intermittently after session timeout.,"1. Reproduce: Cross-Site Scripting XSS security vulnerability in comment box
2. Observe result intermittently after session timeout",Security HTML tag escaping should sanitize XSS payload,Malicious XSS script tag executes on profile page,Production,Security,High,P2,Security
Missing security HTTP Content-Security-Policy headers (on mobile Safari browser),Application security response headers lack CSP protection against frame injection. Note: Defect was verified on mobile Safari browser.,"1. Reproduce: Missing security HTTP Content-Security-Policy headers
2. Observe result on mobile Safari browser",Include security response headers CSP and X-Frame-Options,Security response headers missing CSP directives,Staging,Security,Medium,P3,Security
Verbose server header leaks proxy security version info (under high concurrent traffic),HTTP Server security response header reveals backend proxy version string. Note: Defect was verified under high concurrent traffic.,"1. Reproduce: Verbose server header leaks proxy security version info
2. Observe result under high concurrent traffic",Mask security server version strings in production,Header leaks Server version information,Staging,Security,Low,P4,Security
Payment gateway deadlock causing duplicate debit charge (on Kubernetes cluster node 3),Concurrent payment checkout requests cause deadlock resulting in double credit card debit. Note: Defect was verified on Kubernetes cluster node 3.,"1. Reproduce: Payment gateway deadlock causing duplicate debit charge
2. Observe result on Kubernetes cluster node 3",Atomic payment transaction lock prevents duplicate charges,Payment fails with 500 error and debits customer twice,Development,Payment,Critical,P1,Payment
Stripe payment API webhook notification signature failure (on Kubernetes cluster node 3),Asynchronous payment gateway notification webhook drops checkout completion events. Note: Defect was verified on Kubernetes cluster node 3.,"1. Reproduce: Stripe payment API webhook notification signature failure
2. Observe result on Kubernetes cluster node 3",Validate Stripe payment webhook signature correctly,Payment status remains pending after credit card charge,Staging,Payment,High,P2,Payment
Currency symbol display mismatch in checkout payment summary (intermittently after session timeout),Payment conversion calculates correctly but displays wrong currency symbol prefix. Note: Defect was verified intermittently after session timeout.,"1. Reproduce: Currency symbol display mismatch in checkout payment summary
2. Observe result intermittently after session timeout",Display correct currency symbol on payment screen,Displays $ instead of EUR symbol for payment total,Staging,Payment,Medium,P3,Payment
Saved payment card mask displays 14 visible digits (after v1.4 patch release),Credit card payment mask displays 14 visible digits on account billing page. Note: Defect was verified after v1.4 patch release.,"1. Reproduce: Saved payment card mask displays 14 visible digits
2. Observe result after v1.4 patch release",Mask all but last 4 payment card numbers,Payment card digits exposed on screen,Development,Payment,Low,P4,Payment
Database connection pool leak exhausts active DB connections (on Kubernetes cluster node 3),Unclosed database ORM sessions leak database connection pool capacity causing API crash. Note: Defect was verified on Kubernetes cluster node 3.,"1. Reproduce: Database connection pool leak exhausts active DB connections
2. Observe result on Kubernetes cluster node 3",Recycle idle database connection pool threads automatically,Database connection pool timeout error,Production,Database,Critical,P1,Database
Missing composite database index causes full table scan (during load test run),Database query plan performs full table scan on 10 million database rows. Note: Defect was verified during load test run.,"1. Reproduce: Missing composite database index causes full table scan
2. Observe result during load test run",Execute database query using composite index under 50ms,Database query latency spikes to 9 seconds,Production,Database,High,P2,Database
Read replica database synchronization delay lag (under high concurrent traffic),Replication lag on secondary database instance returns stale database records. Note: Defect was verified under high concurrent traffic.,"1. Reproduce: Read replica database synchronization delay lag
2. Observe result under high concurrent traffic",Database replication sync delay under 200ms,Stale database records returned to read query,Production,Database,Medium,P3,Database
Database migration script outputs deprecated syntax warning (when running background cron job),Database schema migration succeeds but logs SQL index syntax warning. Note: Defect was verified when running background cron job.,"1. Reproduce: Database migration script outputs deprecated syntax warning
2. Observe result when running background cron job",Clean database migration execution logs,Deprecated database index syntax warning logged,Development,Database,Low,P4,Database
Memory leak during PDF export triggers OOM performance crash (observed in staging deployment),Exporting PDF documents consumes 4GB heap RAM memory causing OOM performance killer crash. Note: Defect was verified observed in staging deployment.,"1. Reproduce: Memory leak during PDF export triggers OOM performance crash
2. Observe result observed in staging deployment",Optimize PDF stream memory allocation under 250MB,Performance crash with OutOfMemory error,Staging,Performance,Critical,P1,Performance
High CPU utilization spike during concurrent CSV file parsing (during load test run),Parsing 500MB CSV file locks CPU performance threads causing API response lag. Note: Defect was verified during load test run.,"1. Reproduce: High CPU utilization spike during concurrent CSV file parsing
2. Observe result during load test run",Process CSV parsing in async background queue to maintain performance,Server CPU spikes to 100% performance degradation,Development,Performance,High,P2,Performance
N+1 SQL query loop in list view degrades page load performance (in microservice container),Looping over table records triggers 150 individual SQL queries degrading performance. Note: Defect was verified in microservice container.,"1. Reproduce: N+1 SQL query loop in list view degrades page load performance
2. Observe result in microservice container",Use eager loading SQL joins for page performance,150 separate queries degrade load performance,Production,Performance,Medium,P3,Performance
Unused JavaScript bundle assets increase page load time (during load test run),Legacy library dependencies included in main production bundle slowing performance. Note: Defect was verified during load test run.,"1. Reproduce: Unused JavaScript bundle assets increase page load time
2. Observe result during load test run",Tree-shake unused script files for optimal frontend performance,Bundle size 50KB larger than optimal performance benchmark,Production,Performance,Low,P4,Performance
Multi-Factor Authentication MFA bypass via direct login route (during load test run),Navigating directly to protected URL skips mandatory MFA passcode prompt during authentication. Note: Defect was verified during load test run.,"1. Reproduce: Multi-Factor Authentication MFA bypass via direct login route
2. Observe result during load test run",Enforce MFA authentication before issuing access token,Bypasses authentication MFA verification check,Development,Authentication,Critical,P1,Authentication
OAuth2 SSO authentication callback loop state mismatch (in microservice container),Single Sign-On SSO authentication redirect fails for Azure AD login users. Note: Defect was verified in microservice container.,"1. Reproduce: OAuth2 SSO authentication callback loop state mismatch
2. Observe result in microservice container",Validate SSO authentication state token cleanly,Authentication redirect loop with 403 error,Development,Authentication,High,P2,Authentication
Password reset token does not expire after single redemption (on Kubernetes cluster node 3),Password reset link remains active for authentication multiple times. Note: Defect was verified on Kubernetes cluster node 3.,"1. Reproduce: Password reset token does not expire after single redemption
2. Observe result on Kubernetes cluster node 3",Invalidate password reset token after single authentication use,Reset token re-usable for 24 hours,Development,Authentication,Medium,P3,Authentication
Login form password input field missing autocomplete attribute (in microservice container),Password manager browser extension fails to auto-fill authentication password field. Note: Defect was verified in microservice container.,"1. Reproduce: Login form password input field missing autocomplete attribute
2. Observe result in microservice container",Set autocomplete='current-password' for authentication UX,Password manager fails to detect field,Production,Authentication,Low,P4,Authentication
HTTP 504 Gateway Timeout on microservice network proxy (in microservice container),Network API gateway proxy drops inbound requests taking longer than 30 seconds. Note: Defect was verified in microservice container.,"1. Reproduce: HTTP 504 Gateway Timeout on microservice network proxy
2. Observe result in microservice container",Maintain network proxy connection for long requests,Network proxy returns 504 Gateway Timeout,Production,Network,Critical,P1,Network
WebSocket live stream network connection drops every 60 seconds (intermittently after session timeout),Missing network ping heartbeat ping causes reverse proxy to terminate socket connection. Note: Defect was verified intermittently after session timeout.,"1. Reproduce: WebSocket live stream network connection drops every 60 seconds
2. Observe result intermittently after session timeout",Send periodic WebSocket network keep-alive ping,Network socket connection closes with code 1006,Production,Network,High,P2,Network
CORS preflight network request fails on custom HTTP headers (on Kubernetes cluster node 3),OPTIONS network request returns 403 Forbidden due to missing Access-Control header. Note: Defect was verified on Kubernetes cluster node 3.,"1. Reproduce: CORS preflight network request fails on custom HTTP headers
2. Observe result on Kubernetes cluster node 3",Allow custom headers in CORS network handler,Browser blocks cross-origin network API request,Production,Network,Medium,P3,Network
DNS lookup retry delay adds 150ms latency to network calls (under high concurrent traffic),Secondary DNS network resolver lookup retries before resolving hostname. Note: Defect was verified under high concurrent traffic.,"1. Reproduce: DNS lookup retry delay adds 150ms latency to network calls
2. Observe result under high concurrent traffic",Fast primary DNS network resolution under 10ms,Intermittent 150ms network delay,Production,Network,Low,P4,Network
Modal dialog close button unclickable on mobile viewport UI/UX (under high concurrent traffic),Modal close button positioned outside viewport UI/UX touch boundary. Note: Defect was verified under high concurrent traffic.,"1. Reproduce: Modal dialog close button unclickable on mobile viewport UI/UX
2. Observe result under high concurrent traffic",Responsive UI/UX modal bounds with accessible tap target,User stuck on modal UI/UX screen,Staging,UI/UX,Critical,P1,UI/UX
Filter dropdown selected values fail to clear on reset UI/UX click (in microservice container),Clicking Clear Filters resets text but leaves dropdown selection active in UI/UX state. Note: Defect was verified in microservice container.,"1. Reproduce: Filter dropdown selected values fail to clear on reset UI/UX click
2. Observe result in microservice container",Reset all UI/UX filter components to default state,Dropdown selection remains active in UI/UX state,Development,UI/UX,High,P2,UI/UX
Dark mode text contrast ratio fails accessibility UI/UX guidelines (on Kubernetes cluster node 3),Muted gray text on dark background has insufficient contrast ratio in UI/UX theme. Note: Defect was verified on Kubernetes cluster node 3.,"1. Reproduce: Dark mode text contrast ratio fails accessibility UI/UX guidelines
2. Observe result on Kubernetes cluster node 3",Maintain WCAG AAA contrast ratio 4.5:1 for UI/UX,Text illegible in dark UI/UX theme,Development,UI/UX,Medium,P3,UI/UX
User avatar image renders broken placeholder icon on CDN UI/UX 404 (during load test run),Broken image icon rendered when user profile picture URL fails in UI/UX. Note: Defect was verified during load test run.,"1. Reproduce: User avatar image renders broken placeholder icon on CDN UI/UX 404
2. Observe result during load test run",Render fallback initial avatar icon in UI/UX,Broken image placeholder shown in UI/UX layout,Production,UI/UX,Low,P4,UI/UX
Bulk delete functional action removes wrong record IDs (when running background cron job),Select all functional checkbox maps array index instead of database record ID. Note: Defect was verified when running background cron job.,"1. Reproduce: Bulk delete functional action removes wrong record IDs
2. Observe result when running background cron job",Execute functional deletion on selected database IDs only,Deletes wrong database records in functional execution,Staging,General,Critical,P1,Functional
Incorrect functional pagination item count displayed on table footer (when running background cron job),Footer displays total count from unfiltered dataset after applying functional search. Note: Defect was verified when running background cron job.,"1. Reproduce: Incorrect functional pagination item count displayed on table footer
2. Observe result when running background cron job",Update functional item count to match active search filter,Displays stale total count in table functional footer,Production,General,High,P2,Functional
Export CSV functional feature truncates descriptions with commas (under high concurrent traffic),CSV functional generator fails to wrap string values in double quotes. Note: Defect was verified under high concurrent traffic.,"1. Reproduce: Export CSV functional feature truncates descriptions with commas
2. Observe result under high concurrent traffic",Escape commas in CSV functional export,Splits text across columns in functional export,Staging,General,Medium,P3,Functional
Date picker functional filter applies timezone offset incorrectly (intermittently after session timeout),Selecting start date converts time to UTC shifting selected functional day. Note: Defect was verified intermittently after session timeout.,"1. Reproduce: Date picker functional filter applies timezone offset incorrectly
2. Observe result intermittently after session timeout",Preserve selected date string in functional filter,Shifts selected date by -1 day in functional query,Development,General,Low,P4,Functional
Zapier webhook integration pipeline drops sync events (intermittently after session timeout),Data integration sync pipeline fails to retry dropped HTTP events under failure. Note: Defect was verified intermittently after session timeout.,"1. Reproduce: Zapier webhook integration pipeline drops sync events
2. Observe result intermittently after session timeout",Guaranteed event delivery across integration pipeline,Integration sync events silently lost,Production,Integration,Critical,P1,Integration
Third-party REST integration API rate limit returns 429 error (on mobile Safari browser),Exceeding vendor API quota throws uncaught integration exception in worker queue. Note: Defect was verified on mobile Safari browser.,"1. Reproduce: Third-party REST integration API rate limit returns 429 error
2. Observe result on mobile Safari browser",Implement exponential backoff retry in integration client,Integration worker process crashes,Production,Integration,High,P2,Integration
Jira issue integration sync fails on custom field schema mismatch (on Kubernetes cluster node 3),Custom field value formatting causes Jira integration REST API validation error. Note: Defect was verified on Kubernetes cluster node 3.,"1. Reproduce: Jira issue integration sync fails on custom field schema mismatch
2. Observe result on Kubernetes cluster node 3",Format payload according to Jira integration spec,Jira integration sync fails,Development,Integration,Medium,P3,Integration
Slack webhook integration notification fails when title contains quotes (during load test run),Unescaped double quotes in bug title break Slack integration JSON payload. Note: Defect was verified during load test run.,"1. Reproduce: Slack webhook integration notification fails when title contains quotes
2. Observe result during load test run",Sanitize JSON payload strings for integration webhook,Slack integration notification fails,Development,Integration,Low,P4,Integration
Cron job scheduler thread deadlocks halting automated tasks (after v1.4 patch release),Shared lock between scheduled tasks causes task runner service to stall. Note: Defect was verified after v1.4 patch release.,"1. Reproduce: Cron job scheduler thread deadlocks halting automated tasks
2. Observe result after v1.4 patch release",Isolated task execution threads for background jobs,Cron scheduler completely stops execution,Development,General,Critical,P1,Other
Email notification sender address rejected by SPF DMARC policy (intermittently after session timeout),Outbound transaction email missing valid DKIM signature in mail header. Note: Defect was verified intermittently after session timeout.,"1. Reproduce: Email notification sender address rejected by SPF DMARC policy
2. Observe result intermittently after session timeout",Send authenticated email headers with DKIM signature,Notification emails marked as spam,Production,General,High,P2,Other
Help center documentation search returns 500 on special characters (under high concurrent traffic),Searching documentation with quotes throws unhandled server exception. Note: Defect was verified under high concurrent traffic.,"1. Reproduce: Help center documentation search returns 500 on special characters
2. Observe result under high concurrent traffic",Sanitize search input terms in documentation portal,500 Internal Server Error,Production,General,Medium,P3,Other
Typo in assignment notification email subject header text (on mobile Safari browser),Notification email subject contains spelling error: 'Bug Assignned'. Note: Defect was verified on mobile Safari browser.,"1. Reproduce: Typo in assignment notification email subject header text
2. Observe result on mobile Safari browser",Correct spelling: 'Bug Assigned',Displays 'Assignned' with double n,Production,General,Low,P4,Other
SQL Injection security vulnerability in login authentication field (on mobile Safari browser),Unsanitized user input in security field allows unauthenticated SQL injection exploit against user database. Note: Defect was verified on mobile Safari browser.,"1. Reproduce: SQL Injection security vulnerability in login authentication field
2. Observe result on mobile Safari browser",Security input sanitization and SQL parameterization should block injection payload,Security authentication check bypassed allowing unauthorized access,Development,Security,Critical,P1,Security
Cross-Site Scripting XSS security vulnerability in comment box (on Kubernetes cluster node 3),Stored XSS security vulnerability executes arbitrary JavaScript in victim browser session. Note: Defect was verified on Kubernetes cluster node 3.,"1. Reproduce: Cross-Site Scripting XSS security vulnerability in comment box
2. Observe result on Kubernetes cluster node 3",Security HTML tag escaping should sanitize XSS payload,Malicious XSS script tag executes on profile page,Staging,Security,High,P2,Security
Missing security HTTP Content-Security-Policy headers (in microservice container),Application security response headers lack CSP protection against frame injection. Note: Defect was verified in microservice container.,"1. Reproduce: Missing security HTTP Content-Security-Policy headers
2. Observe result in microservice container",Include security response headers CSP and X-Frame-Options,Security response headers missing CSP directives,Production,Security,Medium,P3,Security
Verbose server header leaks proxy security version info (when running background cron job),HTTP Server security response header reveals backend proxy version string. Note: Defect was verified when running background cron job.,"1. Reproduce: Verbose server header leaks proxy security version info
2. Observe result when running background cron job",Mask security server version strings in production,Header leaks Server version information,Production,Security,Low,P4,Security
Payment gateway deadlock causing duplicate debit charge (during load test run),Concurrent payment checkout requests cause deadlock resulting in double credit card debit. Note: Defect was verified during load test run.,"1. Reproduce: Payment gateway deadlock causing duplicate debit charge
2. Observe result during load test run",Atomic payment transaction lock prevents duplicate charges,Payment fails with 500 error and debits customer twice,Production,Payment,Critical,P1,Payment
Stripe payment API webhook notification signature failure (during load test run),Asynchronous payment gateway notification webhook drops checkout completion events. Note: Defect was verified during load test run.,"1. Reproduce: Stripe payment API webhook notification signature failure
2. Observe result during load test run",Validate Stripe payment webhook signature correctly,Payment status remains pending after credit card charge,Production,Payment,High,P2,Payment
Currency symbol display mismatch in checkout payment summary (on Kubernetes cluster node 3),Payment conversion calculates correctly but displays wrong currency symbol prefix. Note: Defect was verified on Kubernetes cluster node 3.,"1. Reproduce: Currency symbol display mismatch in checkout payment summary
2. Observe result on Kubernetes cluster node 3",Display correct currency symbol on payment screen,Displays $ instead of EUR symbol for payment total,Production,Payment,Medium,P3,Payment
Saved payment card mask displays 14 visible digits (intermittently after session timeout),Credit card payment mask displays 14 visible digits on account billing page. Note: Defect was verified intermittently after session timeout.,"1. Reproduce: Saved payment card mask displays 14 visible digits
2. Observe result intermittently after session timeout",Mask all but last 4 payment card numbers,Payment card digits exposed on screen,Staging,Payment,Low,P4,Payment
Database connection pool leak exhausts active DB connections (intermittently after session timeout),Unclosed database ORM sessions leak database connection pool capacity causing API crash. Note: Defect was verified intermittently after session timeout.,"1. Reproduce: Database connection pool leak exhausts active DB connections
2. Observe result intermittently after session timeout",Recycle idle database connection pool threads automatically,Database connection pool timeout error,Production,Database,Critical,P1,Database
Missing composite database index causes full table scan (intermittently after session timeout),Database query plan performs full table scan on 10 million database rows. Note: Defect was verified intermittently after session timeout.,"1. Reproduce: Missing composite database index causes full table scan
2. Observe result intermittently after session timeout",Execute database query using composite index under 50ms,Database query latency spikes to 9 seconds,Production,Database,High,P2,Database
Read replica database synchronization delay lag (observed in staging deployment),Replication lag on secondary database instance returns stale database records. Note: Defect was verified observed in staging deployment.,"1. Reproduce: Read replica database synchronization delay lag
2. Observe result observed in staging deployment",Database replication sync delay under 200ms,Stale database records returned to read query,Development,Database,Medium,P3,Database
Database migration script outputs deprecated syntax warning (on mobile Safari browser),Database schema migration succeeds but logs SQL index syntax warning. Note: Defect was verified on mobile Safari browser.,"1. Reproduce: Database migration script outputs deprecated syntax warning
2. Observe result on mobile Safari browser",Clean database migration execution logs,Deprecated database index syntax warning logged,Production,Database,Low,P4,Database
Memory leak during PDF export triggers OOM performance crash (when running background cron job),Exporting PDF documents consumes 4GB heap RAM memory causing OOM performance killer crash. Note: Defect was verified when running background cron job.,"1. Reproduce: Memory leak during PDF export triggers OOM performance crash
2. Observe result when running background cron job",Optimize PDF stream memory allocation under 250MB,Performance crash with OutOfMemory error,Production,Performance,Critical,P1,Performance
High CPU utilization spike during concurrent CSV file parsing (under high concurrent traffic),Parsing 500MB CSV file locks CPU performance threads causing API response lag. Note: Defect was verified under high concurrent traffic.,"1. Reproduce: High CPU utilization spike during concurrent CSV file parsing
2. Observe result under high concurrent traffic",Process CSV parsing in async background queue to maintain performance,Server CPU spikes to 100% performance degradation,Development,Performance,High,P2,Performance
N+1 SQL query loop in list view degrades page load performance (on mobile Safari browser),Looping over table records triggers 150 individual SQL queries degrading performance. Note: Defect was verified on mobile Safari browser.,"1. Reproduce: N+1 SQL query loop in list view degrades page load performance
2. Observe result on mobile Safari browser",Use eager loading SQL joins for page performance,150 separate queries degrade load performance,Production,Performance,Medium,P3,Performance
Unused JavaScript bundle assets increase page load time (on Kubernetes cluster node 3),Legacy library dependencies included in main production bundle slowing performance. Note: Defect was verified on Kubernetes cluster node 3.,"1. Reproduce: Unused JavaScript bundle assets increase page load time
2. Observe result on Kubernetes cluster node 3",Tree-shake unused script files for optimal frontend performance,Bundle size 50KB larger than optimal performance benchmark,Staging,Performance,Low,P4,Performance
Multi-Factor Authentication MFA bypass via direct login route (observed in staging deployment),Navigating directly to protected URL skips mandatory MFA passcode prompt during authentication. Note: Defect was verified observed in staging deployment.,"1. Reproduce: Multi-Factor Authentication MFA bypass via direct login route
2. Observe result observed in staging deployment",Enforce MFA authentication before issuing access token,Bypasses authentication MFA verification check,Staging,Authentication,Critical,P1,Authentication
OAuth2 SSO authentication callback loop state mismatch (on Kubernetes cluster node 3),Single Sign-On SSO authentication redirect fails for Azure AD login users. Note: Defect was verified on Kubernetes cluster node 3.,"1. Reproduce: OAuth2 SSO authentication callback loop state mismatch
2. Observe result on Kubernetes cluster node 3",Validate SSO authentication state token cleanly,Authentication redirect loop with 403 error,Staging,Authentication,High,P2,Authentication
Password reset token does not expire after single redemption (observed in staging deployment),Password reset link remains active for authentication multiple times. Note: Defect was verified observed in staging deployment.,"1. Reproduce: Password reset token does not expire after single redemption
2. Observe result observed in staging deployment",Invalidate password reset token after single authentication use,Reset token re-usable for 24 hours,Staging,Authentication,Medium,P3,Authentication
Login form password input field missing autocomplete attribute (observed in staging deployment),Password manager browser extension fails to auto-fill authentication password field. Note: Defect was verified observed in staging deployment.,"1. Reproduce: Login form password input field missing autocomplete attribute
2. Observe result observed in staging deployment",Set autocomplete='current-password' for authentication UX,Password manager fails to detect field,Production,Authentication,Low,P4,Authentication
HTTP 504 Gateway Timeout on microservice network proxy (on mobile Safari browser),Network API gateway proxy drops inbound requests taking longer than 30 seconds. Note: Defect was verified on mobile Safari browser.,"1. Reproduce: HTTP 504 Gateway Timeout on microservice network proxy
2. Observe result on mobile Safari browser",Maintain network proxy connection for long requests,Network proxy returns 504 Gateway Timeout,Staging,Network,Critical,P1,Network
WebSocket live stream network connection drops every 60 seconds (observed in staging deployment),Missing network ping heartbeat ping causes reverse proxy to terminate socket connection. Note: Defect was verified observed in staging deployment.,"1. Reproduce: WebSocket live stream network connection drops every 60 seconds
2. Observe result observed in staging deployment",Send periodic WebSocket network keep-alive ping,Network socket connection closes with code 1006,Production,Network,High,P2,Network
CORS preflight network request fails on custom HTTP headers (under high concurrent traffic),OPTIONS network request returns 403 Forbidden due to missing Access-Control header. Note: Defect was verified under high concurrent traffic.,"1. Reproduce: CORS preflight network request fails on custom HTTP headers
2. Observe result under high concurrent traffic",Allow custom headers in CORS network handler,Browser blocks cross-origin network API request,Production,Network,Medium,P3,Network
DNS lookup retry delay adds 150ms latency to network calls (in microservice container),Secondary DNS network resolver lookup retries before resolving hostname. Note: Defect was verified in microservice container.,"1. Reproduce: DNS lookup retry delay adds 150ms latency to network calls
2. Observe result in microservice container",Fast primary DNS network resolution under 10ms,Intermittent 150ms network delay,Production,Network,Low,P4,Network
Modal dialog close button unclickable on mobile viewport UI/UX (in microservice container),Modal close button positioned outside viewport UI/UX touch boundary. Note: Defect was verified in microservice container.,"1. Reproduce: Modal dialog close button unclickable on mobile viewport UI/UX
2. Observe result in microservice container",Responsive UI/UX modal bounds with accessible tap target,User stuck on modal UI/UX screen,Staging,UI/UX,Critical,P1,UI/UX
Filter dropdown selected values fail to clear on reset UI/UX click (observed in staging deployment),Clicking Clear Filters resets text but leaves dropdown selection active in UI/UX state. Note: Defect was verified observed in staging deployment.,"1. Reproduce: Filter dropdown selected values fail to clear on reset UI/UX click
2. Observe result observed in staging deployment",Reset all UI/UX filter components to default state,Dropdown selection remains active in UI/UX state,Staging,UI/UX,High,P2,UI/UX
Dark mode text contrast ratio fails accessibility UI/UX guidelines (in microservice container),Muted gray text on dark background has insufficient contrast ratio in UI/UX theme. Note: Defect was verified in microservice container.,"1. Reproduce: Dark mode text contrast ratio fails accessibility UI/UX guidelines
2. Observe result in microservice container",Maintain WCAG AAA contrast ratio 4.5:1 for UI/UX,Text illegible in dark UI/UX theme,Development,UI/UX,Medium,P3,UI/UX
User avatar image renders broken placeholder icon on CDN UI/UX 404 (when running background cron job),Broken image icon rendered when user profile picture URL fails in UI/UX. Note: Defect was verified when running background cron job.,"1. Reproduce: User avatar image renders broken placeholder icon on CDN UI/UX 404
2. Observe result when running background cron job",Render fallback initial avatar icon in UI/UX,Broken image placeholder shown in UI/UX layout,Production,UI/UX,Low,P4,UI/UX
Bulk delete functional action removes wrong record IDs (in microservice container),Select all functional checkbox maps array index instead of database record ID. Note: Defect was verified in microservice container.,"1. Reproduce: Bulk delete functional action removes wrong record IDs
2. Observe result in microservice container",Execute functional deletion on selected database IDs only,Deletes wrong database records in functional execution,Development,General,Critical,P1,Functional
Incorrect functional pagination item count displayed on table footer (intermittently after session timeout),Footer displays total count from unfiltered dataset after applying functional search. Note: Defect was verified intermittently after session timeout.,"1. Reproduce: Incorrect functional pagination item count displayed on table footer
2. Observe result intermittently after session timeout",Update functional item count to match active search filter,Displays stale total count in table functional footer,Staging,General,High,P2,Functional
Export CSV functional feature truncates descriptions with commas (in microservice container),CSV functional generator fails to wrap string values in double quotes. Note: Defect was verified in microservice container.,"1. Reproduce: Export CSV functional feature truncates descriptions with commas
2. Observe result in microservice container",Escape commas in CSV functional export,Splits text across columns in functional export,Production,General,Medium,P3,Functional
Date picker functional filter applies timezone offset incorrectly (intermittently after session timeout),Selecting start date converts time to UTC shifting selected functional day. Note: Defect was verified intermittently after session timeout.,"1. Reproduce: Date picker functional filter applies timezone offset incorrectly
2. Observe result intermittently after session timeout",Preserve selected date string in functional filter,Shifts selected date by -1 day in functional query,Production,General,Low,P4,Functional
Zapier webhook integration pipeline drops sync events (in microservice container),Data integration sync pipeline fails to retry dropped HTTP events under failure. Note: Defect was verified in microservice container.,"1. Reproduce: Zapier webhook integration pipeline drops sync events
2. Observe result in microservice container",Guaranteed event delivery across integration pipeline,Integration sync events silently lost,Production,Integration,Critical,P1,Integration
Third-party REST integration API rate limit returns 429 error (observed in staging deployment),Exceeding vendor API quota throws uncaught integration exception in worker queue. Note: Defect was verified observed in staging deployment.,"1. Reproduce: Third-party REST integration API rate limit returns 429 error
2. Observe result observed in staging deployment",Implement exponential backoff retry in integration client,Integration worker process crashes,Development,Integration,High,P2,Integration
Jira issue integration sync fails on custom field schema mismatch (after v1.4 patch release),Custom field value formatting causes Jira integration REST API validation error. Note: Defect was verified after v1.4 patch release.,"1. Reproduce: Jira issue integration sync fails on custom field schema mismatch
2. Observe result after v1.4 patch release",Format payload according to Jira integration spec,Jira integration sync fails,Staging,Integration,Medium,P3,Integration
Slack webhook integration notification fails when title contains quotes (under high concurrent traffic),Unescaped double quotes in bug title break Slack integration JSON payload. Note: Defect was verified under high concurrent traffic.,"1. Reproduce: Slack webhook integration notification fails when title contains quotes
2. Observe result under high concurrent traffic",Sanitize JSON payload strings for integration webhook,Slack integration notification fails,Production,Integration,Low,P4,Integration
Cron job scheduler thread deadlocks halting automated tasks (observed in staging deployment),Shared lock between scheduled tasks causes task runner service to stall. Note: Defect was verified observed in staging deployment.,"1. Reproduce: Cron job scheduler thread deadlocks halting automated tasks
2. Observe result observed in staging deployment",Isolated task execution threads for background jobs,Cron scheduler completely stops execution,Production,General,Critical,P1,Other
Email notification sender address rejected by SPF DMARC policy (during load test run),Outbound transaction email missing valid DKIM signature in mail header. Note: Defect was verified during load test run.,"1. Reproduce: Email notification sender address rejected by SPF DMARC policy
2. Observe result during load test run",Send authenticated email headers with DKIM signature,Notification emails marked as spam,Development,General,High,P2,Other
Help center documentation search returns 500 on special characters (intermittently after session timeout),Searching documentation with quotes throws unhandled server exception. Note: Defect was verified intermittently after session timeout.,"1. Reproduce: Help center documentation search returns 500 on special characters
2. Observe result intermittently after session timeout",Sanitize search input terms in documentation portal,500 Internal Server Error,Development,General,Medium,P3,Other
Typo in assignment notification email subject header text (observed in staging deployment),Notification email subject contains spelling error: 'Bug Assignned'. Note: Defect was verified observed in staging deployment.,"1. Reproduce: Typo in assignment notification email subject header text
2. Observe result observed in staging deployment",Correct spelling: 'Bug Assigned',Displays 'Assignned' with double n,Staging,General,Low,P4,Other
SQL Injection security vulnerability in login authentication field (intermittently after session timeout),Unsanitized user input in security field allows unauthenticated SQL injection exploit against user database. Note: Defect was verified intermittently after session timeout.,"1. Reproduce: SQL Injection security vulnerability in login authentication field
2. Observe result intermittently after session timeout",Security input sanitization and SQL parameterization should block injection payload,Security authentication check bypassed allowing unauthorized access,Production,Security,Critical,P1,Security
Cross-Site Scripting XSS security vulnerability in comment box (on Kubernetes cluster node 3),Stored XSS security vulnerability executes arbitrary JavaScript in victim browser session. Note: Defect was verified on Kubernetes cluster node 3.,"1. Reproduce: Cross-Site Scripting XSS security vulnerability in comment box
2. Observe result on Kubernetes cluster node 3",Security HTML tag escaping should sanitize XSS payload,Malicious XSS script tag executes on profile page,Staging,Security,High,P2,Security
Missing security HTTP Content-Security-Policy headers (under high concurrent traffic),Application security response headers lack CSP protection against frame injection. Note: Defect was verified under high concurrent traffic.,"1. Reproduce: Missing security HTTP Content-Security-Policy headers
2. Observe result under high concurrent traffic",Include security response headers CSP and X-Frame-Options,Security response headers missing CSP directives,Staging,Security,Medium,P3,Security
Verbose server header leaks proxy security version info (under high concurrent traffic),HTTP Server security response header reveals backend proxy version string. Note: Defect was verified under high concurrent traffic.,"1. Reproduce: Verbose server header leaks proxy security version info
2. Observe result under high concurrent traffic",Mask security server version strings in production,Header leaks Server version information,Staging,Security,Low,P4,Security
Payment gateway deadlock causing duplicate debit charge (under high concurrent traffic),Concurrent payment checkout requests cause deadlock resulting in double credit card debit. Note: Defect was verified under high concurrent traffic.,"1. Reproduce: Payment gateway deadlock causing duplicate debit charge
2. Observe result under high concurrent traffic",Atomic payment transaction lock prevents duplicate charges,Payment fails with 500 error and debits customer twice,Development,Payment,Critical,P1,Payment
Stripe payment API webhook notification signature failure (when running background cron job),Asynchronous payment gateway notification webhook drops checkout completion events. Note: Defect was verified when running background cron job.,"1. Reproduce: Stripe payment API webhook notification signature failure
2. Observe result when running background cron job",Validate Stripe payment webhook signature correctly,Payment status remains pending after credit card charge,Production,Payment,High,P2,Payment
Currency symbol display mismatch in checkout payment summary (observed in staging deployment),Payment conversion calculates correctly but displays wrong currency symbol prefix. Note: Defect was verified observed in staging deployment.,"1. Reproduce: Currency symbol display mismatch in checkout payment summary
2. Observe result observed in staging deployment",Display correct currency symbol on payment screen,Displays $ instead of EUR symbol for payment total,Staging,Payment,Medium,P3,Payment
Saved payment card mask displays 14 visible digits (observed in staging deployment),Credit card payment mask displays 14 visible digits on account billing page. Note: Defect was verified observed in staging deployment.,"1. Reproduce: Saved payment card mask displays 14 visible digits
2. Observe result observed in staging deployment",Mask all but last 4 payment card numbers,Payment card digits exposed on screen,Production,Payment,Low,P4,Payment
Database connection pool leak exhausts active DB connections (on Kubernetes cluster node 3),Unclosed database ORM sessions leak database connection pool capacity causing API crash. Note: Defect was verified on Kubernetes cluster node 3.,"1. Reproduce: Database connection pool leak exhausts active DB connections
2. Observe result on Kubernetes cluster node 3",Recycle idle database connection pool threads automatically,Database connection pool timeout error,Staging,Database,Critical,P1,Database
Missing composite database index causes full table scan (after v1.4 patch release),Database query plan performs full table scan on 10 million database rows. Note: Defect was verified after v1.4 patch release.,"1. Reproduce: Missing composite database index causes full table scan
2. Observe result after v1.4 patch release",Execute database query using composite index under 50ms,Database query latency spikes to 9 seconds,Development,Database,High,P2,Database
Read replica database synchronization delay lag (under high concurrent traffic),Replication lag on secondary database instance returns stale database records. Note: Defect was verified under high concurrent traffic.,"1. Reproduce: Read replica database synchronization delay lag
2. Observe result under high concurrent traffic",Database replication sync delay under 200ms,Stale database records returned to read query,Staging,Database,Medium,P3,Database
Database migration script outputs deprecated syntax warning (in microservice container),Database schema migration succeeds but logs SQL index syntax warning. Note: Defect was verified in microservice container.,"1. Reproduce: Database migration script outputs deprecated syntax warning
2. Observe result in microservice container",Clean database migration execution logs,Deprecated database index syntax warning logged,Staging,Database,Low,P4,Database
Memory leak during PDF export triggers OOM performance crash (after v1.4 patch release),Exporting PDF documents consumes 4GB heap RAM memory causing OOM performance killer crash. Note: Defect was verified after v1.4 patch release.,"1. Reproduce: Memory leak during PDF export triggers OOM performance crash
2. Observe result after v1.4 patch release",Optimize PDF stream memory allocation under 250MB,Performance crash with OutOfMemory error,Production,Performance,Critical,P1,Performance
High CPU utilization spike during concurrent CSV file parsing (after v1.4 patch release),Parsing 500MB CSV file locks CPU performance threads causing API response lag. Note: Defect was verified after v1.4 patch release.,"1. Reproduce: High CPU utilization spike during concurrent CSV file parsing
2. Observe result after v1.4 patch release",Process CSV parsing in async background queue to maintain performance,Server CPU spikes to 100% performance degradation,Staging,Performance,High,P2,Performance
N+1 SQL query loop in list view degrades page load performance (after v1.4 patch release),Looping over table records triggers 150 individual SQL queries degrading performance. Note: Defect was verified after v1.4 patch release.,"1. Reproduce: N+1 SQL query loop in list view degrades page load performance
2. Observe result after v1.4 patch release",Use eager loading SQL joins for page performance,150 separate queries degrade load performance,Staging,Performance,Medium,P3,Performance
Unused JavaScript bundle assets increase page load time (intermittently after session timeout),Legacy library dependencies included in main production bundle slowing performance. Note: Defect was verified intermittently after session timeout.,"1. Reproduce: Unused JavaScript bundle assets increase page load time
2. Observe result intermittently after session timeout",Tree-shake unused script files for optimal frontend performance,Bundle size 50KB larger than optimal performance benchmark,Development,Performance,Low,P4,Performance
Multi-Factor Authentication MFA bypass via direct login route (intermittently after session timeout),Navigating directly to protected URL skips mandatory MFA passcode prompt during authentication. Note: Defect was verified intermittently after session timeout.,"1. Reproduce: Multi-Factor Authentication MFA bypass via direct login route
2. Observe result intermittently after session timeout",Enforce MFA authentication before issuing access token,Bypasses authentication MFA verification check,Development,Authentication,Critical,P1,Authentication
OAuth2 SSO authentication callback loop state mismatch (on mobile Safari browser),Single Sign-On SSO authentication redirect fails for Azure AD login users. Note: Defect was verified on mobile Safari browser.,"1. Reproduce: OAuth2 SSO authentication callback loop state mismatch
2. Observe result on mobile Safari browser",Validate SSO authentication state token cleanly,Authentication redirect loop with 403 error,Development,Authentication,High,P2,Authentication
Password reset token does not expire after single redemption (under high concurrent traffic),Password reset link remains active for authentication multiple times. Note: Defect was verified under high concurrent traffic.,"1. Reproduce: Password reset token does not expire after single redemption
2. Observe result under high concurrent traffic",Invalidate password reset token after single authentication use,Reset token re-usable for 24 hours,Staging,Authentication,Medium,P3,Authentication
Login form password input field missing autocomplete attribute (on Kubernetes cluster node 3),Password manager browser extension fails to auto-fill authentication password field. Note: Defect was verified on Kubernetes cluster node 3.,"1. Reproduce: Login form password input field missing autocomplete attribute
2. Observe result on Kubernetes cluster node 3",Set autocomplete='current-password' for authentication UX,Password manager fails to detect field,Staging,Authentication,Low,P4,Authentication
HTTP 504 Gateway Timeout on microservice network proxy (observed in staging deployment),Network API gateway proxy drops inbound requests taking longer than 30 seconds. Note: Defect was verified observed in staging deployment.,"1. Reproduce: HTTP 504 Gateway Timeout on microservice network proxy
2. Observe result observed in staging deployment",Maintain network proxy connection for long requests,Network proxy returns 504 Gateway Timeout,Production,Network,Critical,P1,Network
WebSocket live stream network connection drops every 60 seconds (after v1.4 patch release),Missing network ping heartbeat ping causes reverse proxy to terminate socket connection. Note: Defect was verified after v1.4 patch release.,"1. Reproduce: WebSocket live stream network connection drops every 60 seconds
2. Observe result after v1.4 patch release",Send periodic WebSocket network keep-alive ping,Network socket connection closes with code 1006,Development,Network,High,P2,Network
CORS preflight network request fails on custom HTTP headers (after v1.4 patch release),OPTIONS network request returns 403 Forbidden due to missing Access-Control header. Note: Defect was verified after v1.4 patch release.,"1. Reproduce: CORS preflight network request fails on custom HTTP headers
2. Observe result after v1.4 patch release",Allow custom headers in CORS network handler,Browser blocks cross-origin network API request,Staging,Network,Medium,P3,Network
DNS lookup retry delay adds 150ms latency to network calls (under high concurrent traffic),Secondary DNS network resolver lookup retries before resolving hostname. Note: Defect was verified under high concurrent traffic.,"1. Reproduce: DNS lookup retry delay adds 150ms latency to network calls
2. Observe result under high concurrent traffic",Fast primary DNS network resolution under 10ms,Intermittent 150ms network delay,Production,Network,Low,P4,Network
Modal dialog close button unclickable on mobile viewport UI/UX (intermittently after session timeout),Modal close button positioned outside viewport UI/UX touch boundary. Note: Defect was verified intermittently after session timeout.,"1. Reproduce: Modal dialog close button unclickable on mobile viewport UI/UX
2. Observe result intermittently after session timeout",Responsive UI/UX modal bounds with accessible tap target,User stuck on modal UI/UX screen,Development,UI/UX,Critical,P1,UI/UX
Filter dropdown selected values fail to clear on reset UI/UX click (on Kubernetes cluster node 3),Clicking Clear Filters resets text but leaves dropdown selection active in UI/UX state. Note: Defect was verified on Kubernetes cluster node 3.,"1. Reproduce: Filter dropdown selected values fail to clear on reset UI/UX click
2. Observe result on Kubernetes cluster node 3",Reset all UI/UX filter components to default state,Dropdown selection remains active in UI/UX state,Development,UI/UX,High,P2,UI/UX
Dark mode text contrast ratio fails accessibility UI/UX guidelines (after v1.4 patch release),Muted gray text on dark background has insufficient contrast ratio in UI/UX theme. Note: Defect was verified after v1.4 patch release.,"1. Reproduce: Dark mode text contrast ratio fails accessibility UI/UX guidelines
2. Observe result after v1.4 patch release",Maintain WCAG AAA contrast ratio 4.5:1 for UI/UX,Text illegible in dark UI/UX theme,Development,UI/UX,Medium,P3,UI/UX
User avatar image renders broken placeholder icon on CDN UI/UX 404 (after v1.4 patch release),Broken image icon rendered when user profile picture URL fails in UI/UX. Note: Defect was verified after v1.4 patch release.,"1. Reproduce: User avatar image renders broken placeholder icon on CDN UI/UX 404
2. Observe result after v1.4 patch release",Render fallback initial avatar icon in UI/UX,Broken image placeholder shown in UI/UX layout,Development,UI/UX,Low,P4,UI/UX
Bulk delete functional action removes wrong record IDs (on mobile Safari browser),Select all functional checkbox maps array index instead of database record ID. Note: Defect was verified on mobile Safari browser.,"1. Reproduce: Bulk delete functional action removes wrong record IDs
2. Observe result on mobile Safari browser",Execute functional deletion on selected database IDs only,Deletes wrong database records in functional execution,Staging,General,Critical,P1,Functional
Incorrect functional pagination item count displayed on table footer (during load test run),Footer displays total count from unfiltered dataset after applying functional search. Note: Defect was verified during load test run.,"1. Reproduce: Incorrect functional pagination item count displayed on table footer
2. Observe result during load test run",Update functional item count to match active search filter,Displays stale total count in table functional footer,Production,General,High,P2,Functional
Export CSV functional feature truncates descriptions with commas (on Kubernetes cluster node 3),CSV functional generator fails to wrap string values in double quotes. Note: Defect was verified on Kubernetes cluster node 3.,"1. Reproduce: Export CSV functional feature truncates descriptions with commas
2. Observe result on Kubernetes cluster node 3",Escape commas in CSV functional export,Splits text across columns in functional export,Production,General,Medium,P3,Functional
Date picker functional filter applies timezone offset incorrectly (on mobile Safari browser),Selecting start date converts time to UTC shifting selected functional day. Note: Defect was verified on mobile Safari browser.,"1. Reproduce: Date picker functional filter applies timezone offset incorrectly
2. Observe result on mobile Safari browser",Preserve selected date string in functional filter,Shifts selected date by -1 day in functional query,Production,General,Low,P4,Functional
Zapier webhook integration pipeline drops sync events (in microservice container),Data integration sync pipeline fails to retry dropped HTTP events under failure. Note: Defect was verified in microservice container.,"1. Reproduce: Zapier webhook integration pipeline drops sync events
2. Observe result in microservice container",Guaranteed event delivery across integration pipeline,Integration sync events silently lost,Production,Integration,Critical,P1,Integration
Third-party REST integration API rate limit returns 429 error (after v1.4 patch release),Exceeding vendor API quota throws uncaught integration exception in worker queue. Note: Defect was verified after v1.4 patch release.,"1. Reproduce: Third-party REST integration API rate limit returns 429 error
2. Observe result after v1.4 patch release",Implement exponential backoff retry in integration client,Integration worker process crashes,Development,Integration,High,P2,Integration
Jira issue integration sync fails on custom field schema mismatch (after v1.4 patch release),Custom field value formatting causes Jira integration REST API validation error. Note: Defect was verified after v1.4 patch release.,"1. Reproduce: Jira issue integration sync fails on custom field schema mismatch
2. Observe result after v1.4 patch release",Format payload according to Jira integration spec,Jira integration sync fails,Production,Integration,Medium,P3,Integration
Slack webhook integration notification fails when title contains quotes (in microservice container),Unescaped double quotes in bug title break Slack integration JSON payload. Note: Defect was verified in microservice container.,"1. Reproduce: Slack webhook integration notification fails when title contains quotes
2. Observe result in microservice container",Sanitize JSON payload strings for integration webhook,Slack integration notification fails,Development,Integration,Low,P4,Integration
Cron job scheduler thread deadlocks halting automated tasks (observed in staging deployment),Shared lock between scheduled tasks causes task runner service to stall. Note: Defect was verified observed in staging deployment.,"1. Reproduce: Cron job scheduler thread deadlocks halting automated tasks
2. Observe result observed in staging deployment",Isolated task execution threads for background jobs,Cron scheduler completely stops execution,Development,General,Critical,P1,Other
Email notification sender address rejected by SPF DMARC policy (observed in staging deployment),Outbound transaction email missing valid DKIM signature in mail header. Note: Defect was verified observed in staging deployment.,"1. Reproduce: Email notification sender address rejected by SPF DMARC policy
2. Observe result observed in staging deployment",Send authenticated email headers with DKIM signature,Notification emails marked as spam,Production,General,High,P2,Other
Help center documentation search returns 500 on special characters (intermittently after session timeout),Searching documentation with quotes throws unhandled server exception. Note: Defect was verified intermittently after session timeout.,"1. Reproduce: Help center documentation search returns 500 on special characters
2. Observe result intermittently after session timeout",Sanitize search input terms in documentation portal,500 Internal Server Error,Staging,General,Medium,P3,Other
Typo in assignment notification email subject header text (after v1.4 patch release),Notification email subject contains spelling error: 'Bug Assignned'. Note: Defect was verified after v1.4 patch release.,"1. Reproduce: Typo in assignment notification email subject header text
2. Observe result after v1.4 patch release",Correct spelling: 'Bug Assigned',Displays 'Assignned' with double n,Development,General,Low,P4,Other
SQL Injection security vulnerability in login authentication field (during load test run),Unsanitized user input in security field allows unauthenticated SQL injection exploit against user database. Note: Defect was verified during load test run.,"1. Reproduce: SQL Injection security vulnerability in login authentication field
2. Observe result during load test run",Security input sanitization and SQL parameterization should block injection payload,Security authentication check bypassed allowing unauthorized access,Production,Security,Critical,P1,Security
Cross-Site Scripting XSS security vulnerability in comment box (on Kubernetes cluster node 3),Stored XSS security vulnerability executes arbitrary JavaScript in victim browser session. Note: Defect was verified on Kubernetes cluster node 3.,"1. Reproduce: Cross-Site Scripting XSS security vulnerability in comment box
2. Observe result on Kubernetes cluster node 3",Security HTML tag escaping should sanitize XSS payload,Malicious XSS script tag executes on profile page,Staging,Security,High,P2,Security
Missing security HTTP Content-Security-Policy headers (on mobile Safari browser),Application security response headers lack CSP protection against frame injection. Note: Defect was verified on mobile Safari browser.,"1. Reproduce: Missing security HTTP Content-Security-Policy headers
2. Observe result on mobile Safari browser",Include security response headers CSP and X-Frame-Options,Security response headers missing CSP directives,Production,Security,Medium,P3,Security
Verbose server header leaks proxy security version info (when running background cron job),HTTP Server security response header reveals backend proxy version string. Note: Defect was verified when running background cron job.,"1. Reproduce: Verbose server header leaks proxy security version info
2. Observe result when running background cron job",Mask security server version strings in production,Header leaks Server version information,Development,Security,Low,P4,Security
Payment gateway deadlock causing duplicate debit charge (on Kubernetes cluster node 3),Concurrent payment checkout requests cause deadlock resulting in double credit card debit. Note: Defect was verified on Kubernetes cluster node 3.,"1. Reproduce: Payment gateway deadlock causing duplicate debit charge
2. Observe result on Kubernetes cluster node 3",Atomic payment transaction lock prevents duplicate charges,Payment fails with 500 error and debits customer twice,Development,Payment,Critical,P1,Payment
Stripe payment API webhook notification signature failure (in microservice container),Asynchronous payment gateway notification webhook drops checkout completion events. Note: Defect was verified in microservice container.,"1. Reproduce: Stripe payment API webhook notification signature failure
2. Observe result in microservice container",Validate Stripe payment webhook signature correctly,Payment status remains pending after credit card charge,Staging,Payment,High,P2,Payment
Currency symbol display mismatch in checkout payment summary (during load test run),Payment conversion calculates correctly but displays wrong currency symbol prefix. Note: Defect was verified during load test run.,"1. Reproduce: Currency symbol display mismatch in checkout payment summary
2. Observe result during load test run",Display correct currency symbol on payment screen,Displays $ instead of EUR symbol for payment total,Production,Payment,Medium,P3,Payment
Saved payment card mask displays 14 visible digits (during load test run),Credit card payment mask displays 14 visible digits on account billing page. Note: Defect was verified during load test run.,"1. Reproduce: Saved payment card mask displays 14 visible digits
2. Observe result during load test run",Mask all but last 4 payment card numbers,Payment card digits exposed on screen,Staging,Payment,Low,P4,Payment
Database connection pool leak exhausts active DB connections (intermittently after session timeout),Unclosed database ORM sessions leak database connection pool capacity causing API crash. Note: Defect was verified intermittently after session timeout.,"1. Reproduce: Database connection pool leak exhausts active DB connections
2. Observe result intermittently after session timeout",Recycle idle database connection pool threads automatically,Database connection pool timeout error,Production,Database,Critical,P1,Database
Missing composite database index causes full table scan (after v1.4 patch release),Database query plan performs full table scan on 10 million database rows. Note: Defect was verified after v1.4 patch release.,"1. Reproduce: Missing composite database index causes full table scan
2. Observe result after v1.4 patch release",Execute database query using composite index under 50ms,Database query latency spikes to 9 seconds,Development,Database,High,P2,Database
Read replica database synchronization delay lag (in microservice container),Replication lag on secondary database instance returns stale database records. Note: Defect was verified in microservice container.,"1. Reproduce: Read replica database synchronization delay lag
2. Observe result in microservice container",Database replication sync delay under 200ms,Stale database records returned to read query,Development,Database,Medium,P3,Database
Database migration script outputs deprecated syntax warning (under high concurrent traffic),Database schema migration succeeds but logs SQL index syntax warning. Note: Defect was verified under high concurrent traffic.,"1. Reproduce: Database migration script outputs deprecated syntax warning
2. Observe result under high concurrent traffic",Clean database migration execution logs,Deprecated database index syntax warning logged,Staging,Database,Low,P4,Database
Memory leak during PDF export triggers OOM performance crash (on mobile Safari browser),Exporting PDF documents consumes 4GB heap RAM memory causing OOM performance killer crash. Note: Defect was verified on mobile Safari browser.,"1. Reproduce: Memory leak during PDF export triggers OOM performance crash
2. Observe result on mobile Safari browser",Optimize PDF stream memory allocation under 250MB,Performance crash with OutOfMemory error,Development,Performance,Critical,P1,Performance
High CPU utilization spike during concurrent CSV file parsing (under high concurrent traffic),Parsing 500MB CSV file locks CPU performance threads causing API response lag. Note: Defect was verified under high concurrent traffic.,"1. Reproduce: High CPU utilization spike during concurrent CSV file parsing
2. Observe result under high concurrent traffic",Process CSV parsing in async background queue to maintain performance,Server CPU spikes to 100% performance degradation,Development,Performance,High,P2,Performance
N+1 SQL query loop in list view degrades page load performance (intermittently after session timeout),Looping over table records triggers 150 individual SQL queries degrading performance. Note: Defect was verified intermittently after session timeout.,"1. Reproduce: N+1 SQL query loop in list view degrades page load performance
2. Observe result intermittently after session timeout",Use eager loading SQL joins for page performance,150 separate queries degrade load performance,Production,Performance,Medium,P3,Performance
Unused JavaScript bundle assets increase page load time (intermittently after session timeout),Legacy library dependencies included in main production bundle slowing performance. Note: Defect was verified intermittently after session timeout.,"1. Reproduce: Unused JavaScript bundle assets increase page load time
2. Observe result intermittently after session timeout",Tree-shake unused script files for optimal frontend performance,Bundle size 50KB larger than optimal performance benchmark,Development,Performance,Low,P4,Performance
Multi-Factor Authentication MFA bypass via direct login route (during load test run),Navigating directly to protected URL skips mandatory MFA passcode prompt during authentication. Note: Defect was verified during load test run.,"1. Reproduce: Multi-Factor Authentication MFA bypass via direct login route
2. Observe result during load test run",Enforce MFA authentication before issuing access token,Bypasses authentication MFA verification check,Production,Authentication,Critical,P1,Authentication
OAuth2 SSO authentication callback loop state mismatch (when running background cron job),Single Sign-On SSO authentication redirect fails for Azure AD login users. Note: Defect was verified when running background cron job.,"1. Reproduce: OAuth2 SSO authentication callback loop state mismatch
2. Observe result when running background cron job",Validate SSO authentication state token cleanly,Authentication redirect loop with 403 error,Staging,Authentication,High,P2,Authentication
Password reset token does not expire after single redemption (on mobile Safari browser),Password reset link remains active for authentication multiple times. Note: Defect was verified on mobile Safari browser.,"1. Reproduce: Password reset token does not expire after single redemption
2. Observe result on mobile Safari browser",Invalidate password reset token after single authentication use,Reset token re-usable for 24 hours,Development,Authentication,Medium,P3,Authentication
Login form password input field missing autocomplete attribute (under high concurrent traffic),Password manager browser extension fails to auto-fill authentication password field. Note: Defect was verified under high concurrent traffic.,"1. Reproduce: Login form password input field missing autocomplete attribute
2. Observe result under high concurrent traffic",Set autocomplete='current-password' for authentication UX,Password manager fails to detect field,Staging,Authentication,Low,P4,Authentication
HTTP 504 Gateway Timeout on microservice network proxy (after v1.4 patch release),Network API gateway proxy drops inbound requests taking longer than 30 seconds. Note: Defect was verified after v1.4 patch release.,"1. Reproduce: HTTP 504 Gateway Timeout on microservice network proxy
2. Observe result after v1.4 patch release",Maintain network proxy connection for long requests,Network proxy returns 504 Gateway Timeout,Production,Network,Critical,P1,Network
WebSocket live stream network connection drops every 60 seconds (in microservice container),Missing network ping heartbeat ping causes reverse proxy to terminate socket connection. Note: Defect was verified in microservice container.,"1. Reproduce: WebSocket live stream network connection drops every 60 seconds
2. Observe result in microservice container",Send periodic WebSocket network keep-alive ping,Network socket connection closes with code 1006,Staging,Network,High,P2,Network
CORS preflight network request fails on custom HTTP headers (under high concurrent traffic),OPTIONS network request returns 403 Forbidden due to missing Access-Control header. Note: Defect was verified under high concurrent traffic.,"1. Reproduce: CORS preflight network request fails on custom HTTP headers
2. Observe result under high concurrent traffic",Allow custom headers in CORS network handler,Browser blocks cross-origin network API request,Development,Network,Medium,P3,Network
DNS lookup retry delay adds 150ms latency to network calls (in microservice container),Secondary DNS network resolver lookup retries before resolving hostname. Note: Defect was verified in microservice container.,"1. Reproduce: DNS lookup retry delay adds 150ms latency to network calls
2. Observe result in microservice container",Fast primary DNS network resolution under 10ms,Intermittent 150ms network delay,Production,Network,Low,P4,Network
Modal dialog close button unclickable on mobile viewport UI/UX (on mobile Safari browser),Modal close button positioned outside viewport UI/UX touch boundary. Note: Defect was verified on mobile Safari browser.,"1. Reproduce: Modal dialog close button unclickable on mobile viewport UI/UX
2. Observe result on mobile Safari browser",Responsive UI/UX modal bounds with accessible tap target,User stuck on modal UI/UX screen,Production,UI/UX,Critical,P1,UI/UX
Filter dropdown selected values fail to clear on reset UI/UX click (on mobile Safari browser),Clicking Clear Filters resets text but leaves dropdown selection active in UI/UX state. Note: Defect was verified on mobile Safari browser.,"1. Reproduce: Filter dropdown selected values fail to clear on reset UI/UX click
2. Observe result on mobile Safari browser",Reset all UI/UX filter components to default state,Dropdown selection remains active in UI/UX state,Development,UI/UX,High,P2,UI/UX
Dark mode text contrast ratio fails accessibility UI/UX guidelines (observed in staging deployment),Muted gray text on dark background has insufficient contrast ratio in UI/UX theme. Note: Defect was verified observed in staging deployment.,"1. Reproduce: Dark mode text contrast ratio fails accessibility UI/UX guidelines
2. Observe result observed in staging deployment",Maintain WCAG AAA contrast ratio 4.5:1 for UI/UX,Text illegible in dark UI/UX theme,Staging,UI/UX,Medium,P3,UI/UX
User avatar image renders broken placeholder icon on CDN UI/UX 404 (in microservice container),Broken image icon rendered when user profile picture URL fails in UI/UX. Note: Defect was verified in microservice container.,"1. Reproduce: User avatar image renders broken placeholder icon on CDN UI/UX 404
2. Observe result in microservice container",Render fallback initial avatar icon in UI/UX,Broken image placeholder shown in UI/UX layout,Production,UI/UX,Low,P4,UI/UX
Bulk delete functional action removes wrong record IDs (on Kubernetes cluster node 3),Select all functional checkbox maps array index instead of database record ID. Note: Defect was verified on Kubernetes cluster node 3.,"1. Reproduce: Bulk delete functional action removes wrong record IDs
2. Observe result on Kubernetes cluster node 3",Execute functional deletion on selected database IDs only,Deletes wrong database records in functional execution,Production,General,Critical,P1,Functional
Incorrect functional pagination item count displayed on table footer (during load test run),Footer displays total count from unfiltered dataset after applying functional search. Note: Defect was verified during load test run.,"1. Reproduce: Incorrect functional pagination item count displayed on table footer
2. Observe result during load test run",Update functional item count to match active search filter,Displays stale total count in table functional footer,Production,General,High,P2,Functional
Export CSV functional feature truncates descriptions with commas (on Kubernetes cluster node 3),CSV functional generator fails to wrap string values in double quotes. Note: Defect was verified on Kubernetes cluster node 3.,"1. Reproduce: Export CSV functional feature truncates descriptions with commas
2. Observe result on Kubernetes cluster node 3",Escape commas in CSV functional export,Splits text across columns in functional export,Development,General,Medium,P3,Functional
Date picker functional filter applies timezone offset incorrectly (when running background cron job),Selecting start date converts time to UTC shifting selected functional day. Note: Defect was verified when running background cron job.,"1. Reproduce: Date picker functional filter applies timezone offset incorrectly
2. Observe result when running background cron job",Preserve selected date string in functional filter,Shifts selected date by -1 day in functional query,Staging,General,Low,P4,Functional
Zapier webhook integration pipeline drops sync events (observed in staging deployment),Data integration sync pipeline fails to retry dropped HTTP events under failure. Note: Defect was verified observed in staging deployment.,"1. Reproduce: Zapier webhook integration pipeline drops sync events
2. Observe result observed in staging deployment",Guaranteed event delivery across integration pipeline,Integration sync events silently lost,Production,Integration,Critical,P1,Integration
Third-party REST integration API rate limit returns 429 error (in microservice container),Exceeding vendor API quota throws uncaught integration exception in worker queue. Note: Defect was verified in microservice container.,"1. Reproduce: Third-party REST integration API rate limit returns 429 error
2. Observe result in microservice container",Implement exponential backoff retry in integration client,Integration worker process crashes,Staging,Integration,High,P2,Integration
Jira issue integration sync fails on custom field schema mismatch (on mobile Safari browser),Custom field value formatting causes Jira integration REST API validation error. Note: Defect was verified on mobile Safari browser.,"1. Reproduce: Jira issue integration sync fails on custom field schema mismatch
2. Observe result on mobile Safari browser",Format payload according to Jira integration spec,Jira integration sync fails,Development,Integration,Medium,P3,Integration
Slack webhook integration notification fails when title contains quotes (after v1.4 patch release),Unescaped double quotes in bug title break Slack integration JSON payload. Note: Defect was verified after v1.4 patch release.,"1. Reproduce: Slack webhook integration notification fails when title contains quotes
2. Observe result after v1.4 patch release",Sanitize JSON payload strings for integration webhook,Slack integration notification fails,Staging,Integration,Low,P4,Integration
Cron job scheduler thread deadlocks halting automated tasks (on mobile Safari browser),Shared lock between scheduled tasks causes task runner service to stall. Note: Defect was verified on mobile Safari browser.,"1. Reproduce: Cron job scheduler thread deadlocks halting automated tasks
2. Observe result on mobile Safari browser",Isolated task execution threads for background jobs,Cron scheduler completely stops execution,Development,General,Critical,P1,Other
Email notification sender address rejected by SPF DMARC policy (on Kubernetes cluster node 3),Outbound transaction email missing valid DKIM signature in mail header. Note: Defect was verified on Kubernetes cluster node 3.,"1. Reproduce: Email notification sender address rejected by SPF DMARC policy
2. Observe result on Kubernetes cluster node 3",Send authenticated email headers with DKIM signature,Notification emails marked as spam,Staging,General,High,P2,Other
Help center documentation search returns 500 on special characters (observed in staging deployment),Searching documentation with quotes throws unhandled server exception. Note: Defect was verified observed in staging deployment.,"1. Reproduce: Help center documentation search returns 500 on special characters
2. Observe result observed in staging deployment",Sanitize search input terms in documentation portal,500 Internal Server Error,Development,General,Medium,P3,Other
Typo in assignment notification email subject header text (intermittently after session timeout),Notification email subject contains spelling error: 'Bug Assignned'. Note: Defect was verified intermittently after session timeout.,"1. Reproduce: Typo in assignment notification email subject header text
2. Observe result intermittently after session timeout",Correct spelling: 'Bug Assigned',Displays 'Assignned' with double n,Development,General,Low,P4,Other
SQL Injection security vulnerability in login authentication field (in microservice container),Unsanitized user input in security field allows unauthenticated SQL injection exploit against user database. Note: Defect was verified in microservice container.,"1. Reproduce: SQL Injection security vulnerability in login authentication field
2. Observe result in microservice container",Security input sanitization and SQL parameterization should block injection payload,Security authentication check bypassed allowing unauthorized access,Staging,Security,Critical,P1,Security
Cross-Site Scripting XSS security vulnerability in comment box (intermittently after session timeout),Stored XSS security vulnerability executes arbitrary JavaScript in victim browser session. Note: Defect was verified intermittently after session timeout.,"1. Reproduce: Cross-Site Scripting XSS security vulnerability in comment box
2. Observe result intermittently after session timeout",Security HTML tag escaping should sanitize XSS payload,Malicious XSS script tag executes on profile page,Production,Security,High,P2,Security
Missing security HTTP Content-Security-Policy headers (when running background cron job),Application security response headers lack CSP protection against frame injection. Note: Defect was verified when running background cron job.,"1. Reproduce: Missing security HTTP Content-Security-Policy headers
2. Observe result when running background cron job",Include security response headers CSP and X-Frame-Options,Security response headers missing CSP directives,Staging,Security,Medium,P3,Security
Verbose server header leaks proxy security version info (intermittently after session timeout),HTTP Server security response header reveals backend proxy version string. Note: Defect was verified intermittently after session timeout.,"1. Reproduce: Verbose server header leaks proxy security version info
2. Observe result intermittently after session timeout",Mask security server version strings in production,Header leaks Server version information,Production,Security,Low,P4,Security
Payment gateway deadlock causing duplicate debit charge (under high concurrent traffic),Concurrent payment checkout requests cause deadlock resulting in double credit card debit. Note: Defect was verified under high concurrent traffic.,"1. Reproduce: Payment gateway deadlock causing duplicate debit charge
2. Observe result under high concurrent traffic",Atomic payment transaction lock prevents duplicate charges,Payment fails with 500 error and debits customer twice,Production,Payment,Critical,P1,Payment
Stripe payment API webhook notification signature failure (under high concurrent traffic),Asynchronous payment gateway notification webhook drops checkout completion events. Note: Defect was verified under high concurrent traffic.,"1. Reproduce: Stripe payment API webhook notification signature failure
2. Observe result under high concurrent traffic",Validate Stripe payment webhook signature correctly,Payment status remains pending after credit card charge,Development,Payment,High,P2,Payment
Currency symbol display mismatch in checkout payment summary (in microservice container),Payment conversion calculates correctly but displays wrong currency symbol prefix. Note: Defect was verified in microservice container.,"1. Reproduce: Currency symbol display mismatch in checkout payment summary
2. Observe result in microservice container",Display correct currency symbol on payment screen,Displays $ instead of EUR symbol for payment total,Production,Payment,Medium,P3,Payment
Saved payment card mask displays 14 visible digits (after v1.4 patch release),Credit card payment mask displays 14 visible digits on account billing page. Note: Defect was verified after v1.4 patch release.,"1. Reproduce: Saved payment card mask displays 14 visible digits
2. Observe result after v1.4 patch release",Mask all but last 4 payment card numbers,Payment card digits exposed on screen,Production,Payment,Low,P4,Payment
Database connection pool leak exhausts active DB connections (on Kubernetes cluster node 3),Unclosed database ORM sessions leak database connection pool capacity causing API crash. Note: Defect was verified on Kubernetes cluster node 3.,"1. Reproduce: Database connection pool leak exhausts active DB connections
2. Observe result on Kubernetes cluster node 3",Recycle idle database connection pool threads automatically,Database connection pool timeout error,Production,Database,Critical,P1,Database
Missing composite database index causes full table scan (when running background cron job),Database query plan performs full table scan on 10 million database rows. Note: Defect was verified when running background cron job.,"1. Reproduce: Missing composite database index causes full table scan
2. Observe result when running background cron job",Execute database query using composite index under 50ms,Database query latency spikes to 9 seconds,Staging,Database,High,P2,Database
Read replica database synchronization delay lag (when running background cron job),Replication lag on secondary database instance returns stale database records. Note: Defect was verified when running background cron job.,"1. Reproduce: Read replica database synchronization delay lag
2. Observe result when running background cron job",Database replication sync delay under 200ms,Stale database records returned to read query,Production,Database,Medium,P3,Database
Database migration script outputs deprecated syntax warning (on mobile Safari browser),Database schema migration succeeds but logs SQL index syntax warning. Note: Defect was verified on mobile Safari browser.,"1. Reproduce: Database migration script outputs deprecated syntax warning
2. Observe result on mobile Safari browser",Clean database migration execution logs,Deprecated database index syntax warning logged,Staging,Database,Low,P4,Database
Memory leak during PDF export triggers OOM performance crash (intermittently after session timeout),Exporting PDF documents consumes 4GB heap RAM memory causing OOM performance killer crash. Note: Defect was verified intermittently after session timeout.,"1. Reproduce: Memory leak during PDF export triggers OOM performance crash
2. Observe result intermittently after session timeout",Optimize PDF stream memory allocation under 250MB,Performance crash with OutOfMemory error,Production,Performance,Critical,P1,Performance
High CPU utilization spike during concurrent CSV file parsing (on mobile Safari browser),Parsing 500MB CSV file locks CPU performance threads causing API response lag. Note: Defect was verified on mobile Safari browser.,"1. Reproduce: High CPU utilization spike during concurrent CSV file parsing
2. Observe result on mobile Safari browser",Process CSV parsing in async background queue to maintain performance,Server CPU spikes to 100% performance degradation,Production,Performance,High,P2,Performance
N+1 SQL query loop in list view degrades page load performance (during load test run),Looping over table records triggers 150 individual SQL queries degrading performance. Note: Defect was verified during load test run.,"1. Reproduce: N+1 SQL query loop in list view degrades page load performance
2. Observe result during load test run",Use eager loading SQL joins for page performance,150 separate queries degrade load performance,Production,Performance,Medium,P3,Performance
Unused JavaScript bundle assets increase page load time (when running background cron job),Legacy library dependencies included in main production bundle slowing performance. Note: Defect was verified when running background cron job.,"1. Reproduce: Unused JavaScript bundle assets increase page load time
2. Observe result when running background cron job",Tree-shake unused script files for optimal frontend performance,Bundle size 50KB larger than optimal performance benchmark,Staging,Performance,Low,P4,Performance
Multi-Factor Authentication MFA bypass via direct login route (in microservice container),Navigating directly to protected URL skips mandatory MFA passcode prompt during authentication. Note: Defect was verified in microservice container.,"1. Reproduce: Multi-Factor Authentication MFA bypass via direct login route
2. Observe result in microservice container",Enforce MFA authentication before issuing access token,Bypasses authentication MFA verification check,Development,Authentication,Critical,P1,Authentication
OAuth2 SSO authentication callback loop state mismatch (under high concurrent traffic),Single Sign-On SSO authentication redirect fails for Azure AD login users. Note: Defect was verified under high concurrent traffic.,"1. Reproduce: OAuth2 SSO authentication callback loop state mismatch
2. Observe result under high concurrent traffic",Validate SSO authentication state token cleanly,Authentication redirect loop with 403 error,Staging,Authentication,High,P2,Authentication
Password reset token does not expire after single redemption (in microservice container),Password reset link remains active for authentication multiple times. Note: Defect was verified in microservice container.,"1. Reproduce: Password reset token does not expire after single redemption
2. Observe result in microservice container",Invalidate password reset token after single authentication use,Reset token re-usable for 24 hours,Development,Authentication,Medium,P3,Authentication
Login form password input field missing autocomplete attribute (when running background cron job),Password manager browser extension fails to auto-fill authentication password field. Note: Defect was verified when running background cron job.,"1. Reproduce: Login form password input field missing autocomplete attribute
2. Observe result when running background cron job",Set autocomplete='current-password' for authentication UX,Password manager fails to detect field,Development,Authentication,Low,P4,Authentication
HTTP 504 Gateway Timeout on microservice network proxy (during load test run),Network API gateway proxy drops inbound requests taking longer than 30 seconds. Note: Defect was verified during load test run.,"1. Reproduce: HTTP 504 Gateway Timeout on microservice network proxy
2. Observe result during load test run",Maintain network proxy connection for long requests,Network proxy returns 504 Gateway Timeout,Staging,Network,Critical,P1,Network
WebSocket live stream network connection drops every 60 seconds (intermittently after session timeout),Missing network ping heartbeat ping causes reverse proxy to terminate socket connection. Note: Defect was verified intermittently after session timeout.,"1. Reproduce: WebSocket live stream network connection drops every 60 seconds
2. Observe result intermittently after session timeout",Send periodic WebSocket network keep-alive ping,Network socket connection closes with code 1006,Production,Network,High,P2,Network
CORS preflight network request fails on custom HTTP headers (intermittently after session timeout),OPTIONS network request returns 403 Forbidden due to missing Access-Control header. Note: Defect was verified intermittently after session timeout.,"1. Reproduce: CORS preflight network request fails on custom HTTP headers
2. Observe result intermittently after session timeout",Allow custom headers in CORS network handler,Browser blocks cross-origin network API request,Development,Network,Medium,P3,Network
DNS lookup retry delay adds 150ms latency to network calls (after v1.4 patch release),Secondary DNS network resolver lookup retries before resolving hostname. Note: Defect was verified after v1.4 patch release.,"1. Reproduce: DNS lookup retry delay adds 150ms latency to network calls
2. Observe result after v1.4 patch release",Fast primary DNS network resolution under 10ms,Intermittent 150ms network delay,Development,Network,Low,P4,Network
Modal dialog close button unclickable on mobile viewport UI/UX (in microservice container),Modal close button positioned outside viewport UI/UX touch boundary. Note: Defect was verified in microservice container.,"1. Reproduce: Modal dialog close button unclickable on mobile viewport UI/UX
2. Observe result in microservice container",Responsive UI/UX modal bounds with accessible tap target,User stuck on modal UI/UX screen,Production,UI/UX,Critical,P1,UI/UX
Filter dropdown selected values fail to clear on reset UI/UX click (on mobile Safari browser),Clicking Clear Filters resets text but leaves dropdown selection active in UI/UX state. Note: Defect was verified on mobile Safari browser.,"1. Reproduce: Filter dropdown selected values fail to clear on reset UI/UX click
2. Observe result on mobile Safari browser",Reset all UI/UX filter components to default state,Dropdown selection remains active in UI/UX state,Staging,UI/UX,High,P2,UI/UX
Dark mode text contrast ratio fails accessibility UI/UX guidelines (intermittently after session timeout),Muted gray text on dark background has insufficient contrast ratio in UI/UX theme. Note: Defect was verified intermittently after session timeout.,"1. Reproduce: Dark mode text contrast ratio fails accessibility UI/UX guidelines
2. Observe result intermittently after session timeout",Maintain WCAG AAA contrast ratio 4.5:1 for UI/UX,Text illegible in dark UI/UX theme,Staging,UI/UX,Medium,P3,UI/UX
User avatar image renders broken placeholder icon on CDN UI/UX 404 (under high concurrent traffic),Broken image icon rendered when user profile picture URL fails in UI/UX. Note: Defect was verified under high concurrent traffic.,"1. Reproduce: User avatar image renders broken placeholder icon on CDN UI/UX 404
2. Observe result under high concurrent traffic",Render fallback initial avatar icon in UI/UX,Broken image placeholder shown in UI/UX layout,Staging,UI/UX,Low,P4,UI/UX
Bulk delete functional action removes wrong record IDs (under high concurrent traffic),Select all functional checkbox maps array index instead of database record ID. Note: Defect was verified under high concurrent traffic.,"1. Reproduce: Bulk delete functional action removes wrong record IDs
2. Observe result under high concurrent traffic",Execute functional deletion on selected database IDs only,Deletes wrong database records in functional execution,Production,General,Critical,P1,Functional
Incorrect functional pagination item count displayed on table footer (intermittently after session timeout),Footer displays total count from unfiltered dataset after applying functional search. Note: Defect was verified intermittently after session timeout.,"1. Reproduce: Incorrect functional pagination item count displayed on table footer
2. Observe result intermittently after session timeout",Update functional item count to match active search filter,Displays stale total count in table functional footer,Staging,General,High,P2,Functional
Export CSV functional feature truncates descriptions with commas (after v1.4 patch release),CSV functional generator fails to wrap string values in double quotes. Note: Defect was verified after v1.4 patch release.,"1. Reproduce: Export CSV functional feature truncates descriptions with commas
2. Observe result after v1.4 patch release",Escape commas in CSV functional export,Splits text across columns in functional export,Staging,General,Medium,P3,Functional
Date picker functional filter applies timezone offset incorrectly (observed in staging deployment),Selecting start date converts time to UTC shifting selected functional day. Note: Defect was verified observed in staging deployment.,"1. Reproduce: Date picker functional filter applies timezone offset incorrectly
2. Observe result observed in staging deployment",Preserve selected date string in functional filter,Shifts selected date by -1 day in functional query,Production,General,Low,P4,Functional
Zapier webhook integration pipeline drops sync events (after v1.4 patch release),Data integration sync pipeline fails to retry dropped HTTP events under failure. Note: Defect was verified after v1.4 patch release.,"1. Reproduce: Zapier webhook integration pipeline drops sync events
2. Observe result after v1.4 patch release",Guaranteed event delivery across integration pipeline,Integration sync events silently lost,Staging,Integration,Critical,P1,Integration
Third-party REST integration API rate limit returns 429 error (on mobile Safari browser),Exceeding vendor API quota throws uncaught integration exception in worker queue. Note: Defect was verified on mobile Safari browser.,"1. Reproduce: Third-party REST integration API rate limit returns 429 error
2. Observe result on mobile Safari browser",Implement exponential backoff retry in integration client,Integration worker process crashes,Production,Integration,High,P2,Integration
Jira issue integration sync fails on custom field schema mismatch (observed in staging deployment),Custom field value formatting causes Jira integration REST API validation error. Note: Defect was verified observed in staging deployment.,"1. Reproduce: Jira issue integration sync fails on custom field schema mismatch
2. Observe result observed in staging deployment",Format payload according to Jira integration spec,Jira integration sync fails,Development,Integration,Medium,P3,Integration
Slack webhook integration notification fails when title contains quotes (observed in staging deployment),Unescaped double quotes in bug title break Slack integration JSON payload. Note: Defect was verified observed in staging deployment.,"1. Reproduce: Slack webhook integration notification fails when title contains quotes
2. Observe result observed in staging deployment",Sanitize JSON payload strings for integration webhook,Slack integration notification fails,Staging,Integration,Low,P4,Integration
Cron job scheduler thread deadlocks halting automated tasks (in microservice container),Shared lock between scheduled tasks causes task runner service to stall. Note: Defect was verified in microservice container.,"1. Reproduce: Cron job scheduler thread deadlocks halting automated tasks
2. Observe result in microservice container",Isolated task execution threads for background jobs,Cron scheduler completely stops execution,Development,General,Critical,P1,Other
Email notification sender address rejected by SPF DMARC policy (during load test run),Outbound transaction email missing valid DKIM signature in mail header. Note: Defect was verified during load test run.,"1. Reproduce: Email notification sender address rejected by SPF DMARC policy
2. Observe result during load test run",Send authenticated email headers with DKIM signature,Notification emails marked as spam,Production,General,High,P2,Other
Help center documentation search returns 500 on special characters (after v1.4 patch release),Searching documentation with quotes throws unhandled server exception. Note: Defect was verified after v1.4 patch release.,"1. Reproduce: Help center documentation search returns 500 on special characters
2. Observe result after v1.4 patch release",Sanitize search input terms in documentation portal,500 Internal Server Error,Staging,General,Medium,P3,Other
Typo in assignment notification email subject header text (in microservice container),Notification email subject contains spelling error: 'Bug Assignned'. Note: Defect was verified in microservice container.,"1. Reproduce: Typo in assignment notification email subject header text
2. Observe result in microservice container",Correct spelling: 'Bug Assigned',Displays 'Assignned' with double n,Staging,General,Low,P4,Other
SQL Injection security vulnerability in login authentication field (after v1.4 patch release),Unsanitized user input in security field allows unauthenticated SQL injection exploit against user database. Note: Defect was verified after v1.4 patch release.,"1. Reproduce: SQL Injection security vulnerability in login authentication field
2. Observe result after v1.4 patch release",Security input sanitization and SQL parameterization should block injection payload,Security authentication check bypassed allowing unauthorized access,Production,Security,Critical,P1,Security
Cross-Site Scripting XSS security vulnerability in comment box (on Kubernetes cluster node 3),Stored XSS security vulnerability executes arbitrary JavaScript in victim browser session. Note: Defect was verified on Kubernetes cluster node 3.,"1. Reproduce: Cross-Site Scripting XSS security vulnerability in comment box
2. Observe result on Kubernetes cluster node 3",Security HTML tag escaping should sanitize XSS payload,Malicious XSS script tag executes on profile page,Staging,Security,High,P2,Security
Missing security HTTP Content-Security-Policy headers (on mobile Safari browser),Application security response headers lack CSP protection against frame injection. Note: Defect was verified on mobile Safari browser.,"1. Reproduce: Missing security HTTP Content-Security-Policy headers
2. Observe result on mobile Safari browser",Include security response headers CSP and X-Frame-Options,Security response headers missing CSP directives,Staging,Security,Medium,P3,Security
Verbose server header leaks proxy security version info (under high concurrent traffic),HTTP Server security response header reveals backend proxy version string. Note: Defect was verified under high concurrent traffic.,"1. Reproduce: Verbose server header leaks proxy security version info
2. Observe result under high concurrent traffic",Mask security server version strings in production,Header leaks Server version information,Staging,Security,Low,P4,Security
Payment gateway deadlock causing duplicate debit charge (intermittently after session timeout),Concurrent payment checkout requests cause deadlock resulting in double credit card debit. Note: Defect was verified intermittently after session timeout.,"1. Reproduce: Payment gateway deadlock causing duplicate debit charge
2. Observe result intermittently after session timeout",Atomic payment transaction lock prevents duplicate charges,Payment fails with 500 error and debits customer twice,Development,Payment,Critical,P1,Payment
Stripe payment API webhook notification signature failure (observed in staging deployment),Asynchronous payment gateway notification webhook drops checkout completion events. Note: Defect was verified observed in staging deployment.,"1. Reproduce: Stripe payment API webhook notification signature failure
2. Observe result observed in staging deployment",Validate Stripe payment webhook signature correctly,Payment status remains pending after credit card charge,Staging,Payment,High,P2,Payment
Currency symbol display mismatch in checkout payment summary (in microservice container),Payment conversion calculates correctly but displays wrong currency symbol prefix. Note: Defect was verified in microservice container.,"1. Reproduce: Currency symbol display mismatch in checkout payment summary
2. Observe result in microservice container",Display correct currency symbol on payment screen,Displays $ instead of EUR symbol for payment total,Production,Payment,Medium,P3,Payment
Saved payment card mask displays 14 visible digits (during load test run),Credit card payment mask displays 14 visible digits on account billing page. Note: Defect was verified during load test run.,"1. Reproduce: Saved payment card mask displays 14 visible digits
2. Observe result during load test run",Mask all but last 4 payment card numbers,Payment card digits exposed on screen,Staging,Payment,Low,P4,Payment
Database connection pool leak exhausts active DB connections (when running background cron job),Unclosed database ORM sessions leak database connection pool capacity causing API crash. Note: Defect was verified when running background cron job.,"1. Reproduce: Database connection pool leak exhausts active DB connections
2. Observe result when running background cron job",Recycle idle database connection pool threads automatically,Database connection pool timeout error,Development,Database,Critical,P1,Database
Missing composite database index causes full table scan (in microservice container),Database query plan performs full table scan on 10 million database rows. Note: Defect was verified in microservice container.,"1. Reproduce: Missing composite database index causes full table scan
2. Observe result in microservice container",Execute database query using composite index under 50ms,Database query latency spikes to 9 seconds,Development,Database,High,P2,Database
Read replica database synchronization delay lag (in microservice container),Replication lag on secondary database instance returns stale database records. Note: Defect was verified in microservice container.,"1. Reproduce: Read replica database synchronization delay lag
2. Observe result in microservice container",Database replication sync delay under 200ms,Stale database records returned to read query,Production,Database,Medium,P3,Database
Database migration script outputs deprecated syntax warning (under high concurrent traffic),Database schema migration succeeds but logs SQL index syntax warning. Note: Defect was verified under high concurrent traffic.,"1. Reproduce: Database migration script outputs deprecated syntax warning
2. Observe result under high concurrent traffic",Clean database migration execution logs,Deprecated database index syntax warning logged,Staging,Database,Low,P4,Database
Memory leak during PDF export triggers OOM performance crash (in microservice container),Exporting PDF documents consumes 4GB heap RAM memory causing OOM performance killer crash. Note: Defect was verified in microservice container.,"1. Reproduce: Memory leak during PDF export triggers OOM performance crash
2. Observe result in microservice container",Optimize PDF stream memory allocation under 250MB,Performance crash with OutOfMemory error,Development,Performance,Critical,P1,Performance
High CPU utilization spike during concurrent CSV file parsing (on Kubernetes cluster node 3),Parsing 500MB CSV file locks CPU performance threads causing API response lag. Note: Defect was verified on Kubernetes cluster node 3.,"1. Reproduce: High CPU utilization spike during concurrent CSV file parsing
2. Observe result on Kubernetes cluster node 3",Process CSV parsing in async background queue to maintain performance,Server CPU spikes to 100% performance degradation,Production,Performance,High,P2,Performance
N+1 SQL query loop in list view degrades page load performance (intermittently after session timeout),Looping over table records triggers 150 individual SQL queries degrading performance. Note: Defect was verified intermittently after session timeout.,"1. Reproduce: N+1 SQL query loop in list view degrades page load performance
2. Observe result intermittently after session timeout",Use eager loading SQL joins for page performance,150 separate queries degrade load performance,Staging,Performance,Medium,P3,Performance
Unused JavaScript bundle assets increase page load time (on Kubernetes cluster node 3),Legacy library dependencies included in main production bundle slowing performance. Note: Defect was verified on Kubernetes cluster node 3.,"1. Reproduce: Unused JavaScript bundle assets increase page load time
2. Observe result on Kubernetes cluster node 3",Tree-shake unused script files for optimal frontend performance,Bundle size 50KB larger than optimal performance benchmark,Production,Performance,Low,P4,Performance
Multi-Factor Authentication MFA bypass via direct login route (after v1.4 patch release),Navigating directly to protected URL skips mandatory MFA passcode prompt during authentication. Note: Defect was verified after v1.4 patch release.,"1. Reproduce: Multi-Factor Authentication MFA bypass via direct login route
2. Observe result after v1.4 patch release",Enforce MFA authentication before issuing access token,Bypasses authentication MFA verification check,Production,Authentication,Critical,P1,Authentication
OAuth2 SSO authentication callback loop state mismatch (on Kubernetes cluster node 3),Single Sign-On SSO authentication redirect fails for Azure AD login users. Note: Defect was verified on Kubernetes cluster node 3.,"1. Reproduce: OAuth2 SSO authentication callback loop state mismatch
2. Observe result on Kubernetes cluster node 3",Validate SSO authentication state token cleanly,Authentication redirect loop with 403 error,Staging,Authentication,High,P2,Authentication
Password reset token does not expire after single redemption (on mobile Safari browser),Password reset link remains active for authentication multiple times. Note: Defect was verified on mobile Safari browser.,"1. Reproduce: Password reset token does not expire after single redemption
2. Observe result on mobile Safari browser",Invalidate password reset token after single authentication use,Reset token re-usable for 24 hours,Production,Authentication,Medium,P3,Authentication
Login form password input field missing autocomplete attribute (in microservice container),Password manager browser extension fails to auto-fill authentication password field. Note: Defect was verified in microservice container.,"1. Reproduce: Login form password input field missing autocomplete attribute
2. Observe result in microservice container",Set autocomplete='current-password' for authentication UX,Password manager fails to detect field,Production,Authentication,Low,P4,Authentication
HTTP 504 Gateway Timeout on microservice network proxy (after v1.4 patch release),Network API gateway proxy drops inbound requests taking longer than 30 seconds. Note: Defect was verified after v1.4 patch release.,"1. Reproduce: HTTP 504 Gateway Timeout on microservice network proxy
2. Observe result after v1.4 patch release",Maintain network proxy connection for long requests,Network proxy returns 504 Gateway Timeout,Development,Network,Critical,P1,Network
WebSocket live stream network connection drops every 60 seconds (on Kubernetes cluster node 3),Missing network ping heartbeat ping causes reverse proxy to terminate socket connection. Note: Defect was verified on Kubernetes cluster node 3.,"1. Reproduce: WebSocket live stream network connection drops every 60 seconds
2. Observe result on Kubernetes cluster node 3",Send periodic WebSocket network keep-alive ping,Network socket connection closes with code 1006,Development,Network,High,P2,Network
CORS preflight network request fails on custom HTTP headers (in microservice container),OPTIONS network request returns 403 Forbidden due to missing Access-Control header. Note: Defect was verified in microservice container.,"1. Reproduce: CORS preflight network request fails on custom HTTP headers
2. Observe result in microservice container",Allow custom headers in CORS network handler,Browser blocks cross-origin network API request,Development,Network,Medium,P3,Network
DNS lookup retry delay adds 150ms latency to network calls (intermittently after session timeout),Secondary DNS network resolver lookup retries before resolving hostname. Note: Defect was verified intermittently after session timeout.,"1. Reproduce: DNS lookup retry delay adds 150ms latency to network calls
2. Observe result intermittently after session timeout",Fast primary DNS network resolution under 10ms,Intermittent 150ms network delay,Production,Network,Low,P4,Network
Modal dialog close button unclickable on mobile viewport UI/UX (intermittently after session timeout),Modal close button positioned outside viewport UI/UX touch boundary. Note: Defect was verified intermittently after session timeout.,"1. Reproduce: Modal dialog close button unclickable on mobile viewport UI/UX
2. Observe result intermittently after session timeout",Responsive UI/UX modal bounds with accessible tap target,User stuck on modal UI/UX screen,Production,UI/UX,Critical,P1,UI/UX
Filter dropdown selected values fail to clear on reset UI/UX click (observed in staging deployment),Clicking Clear Filters resets text but leaves dropdown selection active in UI/UX state. Note: Defect was verified observed in staging deployment.,"1. Reproduce: Filter dropdown selected values fail to clear on reset UI/UX click
2. Observe result observed in staging deployment",Reset all UI/UX filter components to default state,Dropdown selection remains active in UI/UX state,Development,UI/UX,High,P2,UI/UX
Dark mode text contrast ratio fails accessibility UI/UX guidelines (in microservice container),Muted gray text on dark background has insufficient contrast ratio in UI/UX theme. Note: Defect was verified in microservice container.,"1. Reproduce: Dark mode text contrast ratio fails accessibility UI/UX guidelines
2. Observe result in microservice container",Maintain WCAG AAA contrast ratio 4.5:1 for UI/UX,Text illegible in dark UI/UX theme,Production,UI/UX,Medium,P3,UI/UX
User avatar image renders broken placeholder icon on CDN UI/UX 404 (observed in staging deployment),Broken image icon rendered when user profile picture URL fails in UI/UX. Note: Defect was verified observed in staging deployment.,"1. Reproduce: User avatar image renders broken placeholder icon on CDN UI/UX 404
2. Observe result observed in staging deployment",Render fallback initial avatar icon in UI/UX,Broken image placeholder shown in UI/UX layout,Development,UI/UX,Low,P4,UI/UX
Bulk delete functional action removes wrong record IDs (on Kubernetes cluster node 3),Select all functional checkbox maps array index instead of database record ID. Note: Defect was verified on Kubernetes cluster node 3.,"1. Reproduce: Bulk delete functional action removes wrong record IDs
2. Observe result on Kubernetes cluster node 3",Execute functional deletion on selected database IDs only,Deletes wrong database records in functional execution,Staging,General,Critical,P1,Functional
Incorrect functional pagination item count displayed on table footer (when running background cron job),Footer displays total count from unfiltered dataset after applying functional search. Note: Defect was verified when running background cron job.,"1. Reproduce: Incorrect functional pagination item count displayed on table footer
2. Observe result when running background cron job",Update functional item count to match active search filter,Displays stale total count in table functional footer,Production,General,High,P2,Functional
Export CSV functional feature truncates descriptions with commas (during load test run),CSV functional generator fails to wrap string values in double quotes. Note: Defect was verified during load test run.,"1. Reproduce: Export CSV functional feature truncates descriptions with commas
2. Observe result during load test run",Escape commas in CSV functional export,Splits text across columns in functional export,Staging,General,Medium,P3,Functional
Date picker functional filter applies timezone offset incorrectly (on mobile Safari browser),Selecting start date converts time to UTC shifting selected functional day. Note: Defect was verified on mobile Safari browser.,"1. Reproduce: Date picker functional filter applies timezone offset incorrectly
2. Observe result on mobile Safari browser",Preserve selected date string in functional filter,Shifts selected date by -1 day in functional query,Staging,General,Low,P4,Functional
Zapier webhook integration pipeline drops sync events (when running background cron job),Data integration sync pipeline fails to retry dropped HTTP events under failure. Note: Defect was verified when running background cron job.,"1. Reproduce: Zapier webhook integration pipeline drops sync events
2. Observe result when running background cron job",Guaranteed event delivery across integration pipeline,Integration sync events silently lost,Production,Integration,Critical,P1,Integration
Third-party REST integration API rate limit returns 429 error (observed in staging deployment),Exceeding vendor API quota throws uncaught integration exception in worker queue. Note: Defect was verified observed in staging deployment.,"1. Reproduce: Third-party REST integration API rate limit returns 429 error
2. Observe result observed in staging deployment",Implement exponential backoff retry in integration client,Integration worker process crashes,Development,Integration,High,P2,Integration
Jira issue integration sync fails on custom field schema mismatch (observed in staging deployment),Custom field value formatting causes Jira integration REST API validation error. Note: Defect was verified observed in staging deployment.,"1. Reproduce: Jira issue integration sync fails on custom field schema mismatch
2. Observe result observed in staging deployment",Format payload according to Jira integration spec,Jira integration sync fails,Development,Integration,Medium,P3,Integration
Slack webhook integration notification fails when title contains quotes (in microservice container),Unescaped double quotes in bug title break Slack integration JSON payload. Note: Defect was verified in microservice container.,"1. Reproduce: Slack webhook integration notification fails when title contains quotes
2. Observe result in microservice container",Sanitize JSON payload strings for integration webhook,Slack integration notification fails,Development,Integration,Low,P4,Integration
Cron job scheduler thread deadlocks halting automated tasks (on mobile Safari browser),Shared lock between scheduled tasks causes task runner service to stall. Note: Defect was verified on mobile Safari browser.,"1. Reproduce: Cron job scheduler thread deadlocks halting automated tasks
2. Observe result on mobile Safari browser",Isolated task execution threads for background jobs,Cron scheduler completely stops execution,Staging,General,Critical,P1,Other
Email notification sender address rejected by SPF DMARC policy (when running background cron job),Outbound transaction email missing valid DKIM signature in mail header. Note: Defect was verified when running background cron job.,"1. Reproduce: Email notification sender address rejected by SPF DMARC policy
2. Observe result when running background cron job",Send authenticated email headers with DKIM signature,Notification emails marked as spam,Production,General,High,P2,Other
Help center documentation search returns 500 on special characters (in microservice container),Searching documentation with quotes throws unhandled server exception. Note: Defect was verified in microservice container.,"1. Reproduce: Help center documentation search returns 500 on special characters
2. Observe result in microservice container",Sanitize search input terms in documentation portal,500 Internal Server Error,Production,General,Medium,P3,Other
Typo in assignment notification email subject header text (when running background cron job),Notification email subject contains spelling error: 'Bug Assignned'. Note: Defect was verified when running background cron job.,"1. Reproduce: Typo in assignment notification email subject header text
2. Observe result when running background cron job",Correct spelling: 'Bug Assigned',Displays 'Assignned' with double n,Staging,General,Low,P4,Other
SQL Injection security vulnerability in login authentication field (when running background cron job),Unsanitized user input in security field allows unauthenticated SQL injection exploit against user database. Note: Defect was verified when running background cron job.,"1. Reproduce: SQL Injection security vulnerability in login authentication field
2. Observe result when running background cron job",Security input sanitization and SQL parameterization should block injection payload,Security authentication check bypassed allowing unauthorized access,Development,Security,Critical,P1,Security
Cross-Site Scripting XSS security vulnerability in comment box (on Kubernetes cluster node 3),Stored XSS security vulnerability executes arbitrary JavaScript in victim browser session. Note: Defect was verified on Kubernetes cluster node 3.,"1. Reproduce: Cross-Site Scripting XSS security vulnerability in comment box
2. Observe result on Kubernetes cluster node 3",Security HTML tag escaping should sanitize XSS payload,Malicious XSS script tag executes on profile page,Staging,Security,High,P2,Security
Missing security HTTP Content-Security-Policy headers (in microservice container),Application security response headers lack CSP protection against frame injection. Note: Defect was verified in microservice container.,"1. Reproduce: Missing security HTTP Content-Security-Policy headers
2. Observe result in microservice container",Include security response headers CSP and X-Frame-Options,Security response headers missing CSP directives,Production,Security,Medium,P3,Security
Verbose server header leaks proxy security version info (on Kubernetes cluster node 3),HTTP Server security response header reveals backend proxy version string. Note: Defect was verified on Kubernetes cluster node 3.,"1. Reproduce: Verbose server header leaks proxy security version info
2. Observe result on Kubernetes cluster node 3",Mask security server version strings in production,Header leaks Server version information,Staging,Security,Low,P4,Security
Payment gateway deadlock causing duplicate debit charge (on mobile Safari browser),Concurrent payment checkout requests cause deadlock resulting in double credit card debit. Note: Defect was verified on mobile Safari browser.,"1. Reproduce: Payment gateway deadlock causing duplicate debit charge
2. Observe result on mobile Safari browser",Atomic payment transaction lock prevents duplicate charges,Payment fails with 500 error and debits customer twice,Development,Payment,Critical,P1,Payment
Stripe payment API webhook notification signature failure (in microservice container),Asynchronous payment gateway notification webhook drops checkout completion events. Note: Defect was verified in microservice container.,"1. Reproduce: Stripe payment API webhook notification signature failure
2. Observe result in microservice container",Validate Stripe payment webhook signature correctly,Payment status remains pending after credit card charge,Staging,Payment,High,P2,Payment
Currency symbol display mismatch in checkout payment summary (on Kubernetes cluster node 3),Payment conversion calculates correctly but displays wrong currency symbol prefix. Note: Defect was verified on Kubernetes cluster node 3.,"1. Reproduce: Currency symbol display mismatch in checkout payment summary
2. Observe result on Kubernetes cluster node 3",Display correct currency symbol on payment screen,Displays $ instead of EUR symbol for payment total,Production,Payment,Medium,P3,Payment
Saved payment card mask displays 14 visible digits (on Kubernetes cluster node 3),Credit card payment mask displays 14 visible digits on account billing page. Note: Defect was verified on Kubernetes cluster node 3.,"1. Reproduce: Saved payment card mask displays 14 visible digits
2. Observe result on Kubernetes cluster node 3",Mask all but last 4 payment card numbers,Payment card digits exposed on screen,Development,Payment,Low,P4,Payment
Database connection pool leak exhausts active DB connections (on mobile Safari browser),Unclosed database ORM sessions leak database connection pool capacity causing API crash. Note: Defect was verified on mobile Safari browser.,"1. Reproduce: Database connection pool leak exhausts active DB connections
2. Observe result on mobile Safari browser",Recycle idle database connection pool threads automatically,Database connection pool timeout error,Staging,Database,Critical,P1,Database
Missing composite database index causes full table scan (after v1.4 patch release),Database query plan performs full table scan on 10 million database rows. Note: Defect was verified after v1.4 patch release.,"1. Reproduce: Missing composite database index causes full table scan
2. Observe result after v1.4 patch release",Execute database query using composite index under 50ms,Database query latency spikes to 9 seconds,Staging,Database,High,P2,Database
Read replica database synchronization delay lag (after v1.4 patch release),Replication lag on secondary database instance returns stale database records. Note: Defect was verified after v1.4 patch release.,"1. Reproduce: Read replica database synchronization delay lag
2. Observe result after v1.4 patch release",Database replication sync delay under 200ms,Stale database records returned to read query,Staging,Database,Medium,P3,Database
Database migration script outputs deprecated syntax warning (in microservice container),Database schema migration succeeds but logs SQL index syntax warning. Note: Defect was verified in microservice container.,"1. Reproduce: Database migration script outputs deprecated syntax warning
2. Observe result in microservice container",Clean database migration execution logs,Deprecated database index syntax warning logged,Development,Database,Low,P4,Database
Memory leak during PDF export triggers OOM performance crash (in microservice container),Exporting PDF documents consumes 4GB heap RAM memory causing OOM performance killer crash. Note: Defect was verified in microservice container.,"1. Reproduce: Memory leak during PDF export triggers OOM performance crash
2. Observe result in microservice container",Optimize PDF stream memory allocation under 250MB,Performance crash with OutOfMemory error,Production,Performance,Critical,P1,Performance
High CPU utilization spike during concurrent CSV file parsing (on mobile Safari browser),Parsing 500MB CSV file locks CPU performance threads causing API response lag. Note: Defect was verified on mobile Safari browser.,"1. Reproduce: High CPU utilization spike during concurrent CSV file parsing
2. Observe result on mobile Safari browser",Process CSV parsing in async background queue to maintain performance,Server CPU spikes to 100% performance degradation,Production,Performance,High,P2,Performance
N+1 SQL query loop in list view degrades page load performance (after v1.4 patch release),Looping over table records triggers 150 individual SQL queries degrading performance. Note: Defect was verified after v1.4 patch release.,"1. Reproduce: N+1 SQL query loop in list view degrades page load performance
2. Observe result after v1.4 patch release",Use eager loading SQL joins for page performance,150 separate queries degrade load performance,Staging,Performance,Medium,P3,Performance
Unused JavaScript bundle assets increase page load time (when running background cron job),Legacy library dependencies included in main production bundle slowing performance. Note: Defect was verified when running background cron job.,"1. Reproduce: Unused JavaScript bundle assets increase page load time
2. Observe result when running background cron job",Tree-shake unused script files for optimal frontend performance,Bundle size 50KB larger than optimal performance benchmark,Production,Performance,Low,P4,Performance
Multi-Factor Authentication MFA bypass via direct login route (observed in staging deployment),Navigating directly to protected URL skips mandatory MFA passcode prompt during authentication. Note: Defect was verified observed in staging deployment.,"1. Reproduce: Multi-Factor Authentication MFA bypass via direct login route
2. Observe result observed in staging deployment",Enforce MFA authentication before issuing access token,Bypasses authentication MFA verification check,Production,Authentication,Critical,P1,Authentication
OAuth2 SSO authentication callback loop state mismatch (on mobile Safari browser),Single Sign-On SSO authentication redirect fails for Azure AD login users. Note: Defect was verified on mobile Safari browser.,"1. Reproduce: OAuth2 SSO authentication callback loop state mismatch
2. Observe result on mobile Safari browser",Validate SSO authentication state token cleanly,Authentication redirect loop with 403 error,Production,Authentication,High,P2,Authentication
Password reset token does not expire after single redemption (in microservice container),Password reset link remains active for authentication multiple times. Note: Defect was verified in microservice container.,"1. Reproduce: Password reset token does not expire after single redemption
2. Observe result in microservice container",Invalidate password reset token after single authentication use,Reset token re-usable for 24 hours,Production,Authentication,Medium,P3,Authentication
Login form password input field missing autocomplete attribute (observed in staging deployment),Password manager browser extension fails to auto-fill authentication password field. Note: Defect was verified observed in staging deployment.,"1. Reproduce: Login form password input field missing autocomplete attribute
2. Observe result observed in staging deployment",Set autocomplete='current-password' for authentication UX,Password manager fails to detect field,Staging,Authentication,Low,P4,Authentication
HTTP 504 Gateway Timeout on microservice network proxy (in microservice container),Network API gateway proxy drops inbound requests taking longer than 30 seconds. Note: Defect was verified in microservice container.,"1. Reproduce: HTTP 504 Gateway Timeout on microservice network proxy
2. Observe result in microservice container",Maintain network proxy connection for long requests,Network proxy returns 504 Gateway Timeout,Development,Network,Critical,P1,Network
WebSocket live stream network connection drops every 60 seconds (after v1.4 patch release),Missing network ping heartbeat ping causes reverse proxy to terminate socket connection. Note: Defect was verified after v1.4 patch release.,"1. Reproduce: WebSocket live stream network connection drops every 60 seconds
2. Observe result after v1.4 patch release",Send periodic WebSocket network keep-alive ping,Network socket connection closes with code 1006,Development,Network,High,P2,Network
CORS preflight network request fails on custom HTTP headers (observed in staging deployment),OPTIONS network request returns 403 Forbidden due to missing Access-Control header. Note: Defect was verified observed in staging deployment.,"1. Reproduce: CORS preflight network request fails on custom HTTP headers
2. Observe result observed in staging deployment",Allow custom headers in CORS network handler,Browser blocks cross-origin network API request,Development,Network,Medium,P3,Network
DNS lookup retry delay adds 150ms latency to network calls (on mobile Safari browser),Secondary DNS network resolver lookup retries before resolving hostname. Note: Defect was verified on mobile Safari browser.,"1. Reproduce: DNS lookup retry delay adds 150ms latency to network calls
2. Observe result on mobile Safari browser",Fast primary DNS network resolution under 10ms,Intermittent 150ms network delay,Staging,Network,Low,P4,Network
Modal dialog close button unclickable on mobile viewport UI/UX (in microservice container),Modal close button positioned outside viewport UI/UX touch boundary. Note: Defect was verified in microservice container.,"1. Reproduce: Modal dialog close button unclickable on mobile viewport UI/UX
2. Observe result in microservice container",Responsive UI/UX modal bounds with accessible tap target,User stuck on modal UI/UX screen,Staging,UI/UX,Critical,P1,UI/UX
Filter dropdown selected values fail to clear on reset UI/UX click (observed in staging deployment),Clicking Clear Filters resets text but leaves dropdown selection active in UI/UX state. Note: Defect was verified observed in staging deployment.,"1. Reproduce: Filter dropdown selected values fail to clear on reset UI/UX click
2. Observe result observed in staging deployment",Reset all UI/UX filter components to default state,Dropdown selection remains active in UI/UX state,Staging,UI/UX,High,P2,UI/UX
Dark mode text contrast ratio fails accessibility UI/UX guidelines (during load test run),Muted gray text on dark background has insufficient contrast ratio in UI/UX theme. Note: Defect was verified during load test run.,"1. Reproduce: Dark mode text contrast ratio fails accessibility UI/UX guidelines
2. Observe result during load test run",Maintain WCAG AAA contrast ratio 4.5:1 for UI/UX,Text illegible in dark UI/UX theme,Development,UI/UX,Medium,P3,UI/UX
User avatar image renders broken placeholder icon on CDN UI/UX 404 (on Kubernetes cluster node 3),Broken image icon rendered when user profile picture URL fails in UI/UX. Note: Defect was verified on Kubernetes cluster node 3.,"1. Reproduce: User avatar image renders broken placeholder icon on CDN UI/UX 404
2. Observe result on Kubernetes cluster node 3",Render fallback initial avatar icon in UI/UX,Broken image placeholder shown in UI/UX layout,Development,UI/UX,Low,P4,UI/UX
Bulk delete functional action removes wrong record IDs (in microservice container),Select all functional checkbox maps array index instead of database record ID. Note: Defect was verified in microservice container.,"1. Reproduce: Bulk delete functional action removes wrong record IDs
2. Observe result in microservice container",Execute functional deletion on selected database IDs only,Deletes wrong database records in functional execution,Staging,General,Critical,P1,Functional
Incorrect functional pagination item count displayed on table footer (after v1.4 patch release),Footer displays total count from unfiltered dataset after applying functional search. Note: Defect was verified after v1.4 patch release.,"1. Reproduce: Incorrect functional pagination item count displayed on table footer
2. Observe result after v1.4 patch release",Update functional item count to match active search filter,Displays stale total count in table functional footer,Production,General,High,P2,Functional
Export CSV functional feature truncates descriptions with commas (on Kubernetes cluster node 3),CSV functional generator fails to wrap string values in double quotes. Note: Defect was verified on Kubernetes cluster node 3.,"1. Reproduce: Export CSV functional feature truncates descriptions with commas
2. Observe result on Kubernetes cluster node 3",Escape commas in CSV functional export,Splits text across columns in functional export,Staging,General,Medium,P3,Functional
Date picker functional filter applies timezone offset incorrectly (in microservice container),Selecting start date converts time to UTC shifting selected functional day. Note: Defect was verified in microservice container.,"1. Reproduce: Date picker functional filter applies timezone offset incorrectly
2. Observe result in microservice container",Preserve selected date string in functional filter,Shifts selected date by -1 day in functional query,Staging,General,Low,P4,Functional
Zapier webhook integration pipeline drops sync events (when running background cron job),Data integration sync pipeline fails to retry dropped HTTP events under failure. Note: Defect was verified when running background cron job.,"1. Reproduce: Zapier webhook integration pipeline drops sync events
2. Observe result when running background cron job",Guaranteed event delivery across integration pipeline,Integration sync events silently lost,Production,Integration,Critical,P1,Integration
Third-party REST integration API rate limit returns 429 error (under high concurrent traffic),Exceeding vendor API quota throws uncaught integration exception in worker queue. Note: Defect was verified under high concurrent traffic.,"1. Reproduce: Third-party REST integration API rate limit returns 429 error
2. Observe result under high concurrent traffic",Implement exponential backoff retry in integration client,Integration worker process crashes,Development,Integration,High,P2,Integration
Jira issue integration sync fails on custom field schema mismatch (when running background cron job),Custom field value formatting causes Jira integration REST API validation error. Note: Defect was verified when running background cron job.,"1. Reproduce: Jira issue integration sync fails on custom field schema mismatch
2. Observe result when running background cron job",Format payload according to Jira integration spec,Jira integration sync fails,Production,Integration,Medium,P3,Integration
Slack webhook integration notification fails when title contains quotes (intermittently after session timeout),Unescaped double quotes in bug title break Slack integration JSON payload. Note: Defect was verified intermittently after session timeout.,"1. Reproduce: Slack webhook integration notification fails when title contains quotes
2. Observe result intermittently after session timeout",Sanitize JSON payload strings for integration webhook,Slack integration notification fails,Development,Integration,Low,P4,Integration
Cron job scheduler thread deadlocks halting automated tasks (on Kubernetes cluster node 3),Shared lock between scheduled tasks causes task runner service to stall. Note: Defect was verified on Kubernetes cluster node 3.,"1. Reproduce: Cron job scheduler thread deadlocks halting automated tasks
2. Observe result on Kubernetes cluster node 3",Isolated task execution threads for background jobs,Cron scheduler completely stops execution,Staging,General,Critical,P1,Other
Email notification sender address rejected by SPF DMARC policy (observed in staging deployment),Outbound transaction email missing valid DKIM signature in mail header. Note: Defect was verified observed in staging deployment.,"1. Reproduce: Email notification sender address rejected by SPF DMARC policy
2. Observe result observed in staging deployment",Send authenticated email headers with DKIM signature,Notification emails marked as spam,Development,General,High,P2,Other
Help center documentation search returns 500 on special characters (during load test run),Searching documentation with quotes throws unhandled server exception. Note: Defect was verified during load test run.,"1. Reproduce: Help center documentation search returns 500 on special characters
2. Observe result during load test run",Sanitize search input terms in documentation portal,500 Internal Server Error,Production,General,Medium,P3,Other
Typo in assignment notification email subject header text (on Kubernetes cluster node 3),Notification email subject contains spelling error: 'Bug Assignned'. Note: Defect was verified on Kubernetes cluster node 3.,"1. Reproduce: Typo in assignment notification email subject header text
2. Observe result on Kubernetes cluster node 3",Correct spelling: 'Bug Assigned',Displays 'Assignned' with double n,Development,General,Low,P4,Other
SQL Injection security vulnerability in login authentication field (observed in staging deployment),Unsanitized user input in security field allows unauthenticated SQL injection exploit against user database. Note: Defect was verified observed in staging deployment.,"1. Reproduce: SQL Injection security vulnerability in login authentication field
2. Observe result observed in staging deployment",Security input sanitization and SQL parameterization should block injection payload,Security authentication check bypassed allowing unauthorized access,Production,Security,Critical,P1,Security
Cross-Site Scripting XSS security vulnerability in comment box (on Kubernetes cluster node 3),Stored XSS security vulnerability executes arbitrary JavaScript in victim browser session. Note: Defect was verified on Kubernetes cluster node 3.,"1. Reproduce: Cross-Site Scripting XSS security vulnerability in comment box
2. Observe result on Kubernetes cluster node 3",Security HTML tag escaping should sanitize XSS payload,Malicious XSS script tag executes on profile page,Production,Security,High,P2,Security
Missing security HTTP Content-Security-Policy headers (in microservice container),Application security response headers lack CSP protection against frame injection. Note: Defect was verified in microservice container.,"1. Reproduce: Missing security HTTP Content-Security-Policy headers
2. Observe result in microservice container",Include security response headers CSP and X-Frame-Options,Security response headers missing CSP directives,Staging,Security,Medium,P3,Security
Verbose server header leaks proxy security version info (on Kubernetes cluster node 3),HTTP Server security response header reveals backend proxy version string. Note: Defect was verified on Kubernetes cluster node 3.,"1. Reproduce: Verbose server header leaks proxy security version info
2. Observe result on Kubernetes cluster node 3",Mask security server version strings in production,Header leaks Server version information,Production,Security,Low,P4,Security
Payment gateway deadlock causing duplicate debit charge (during load test run),Concurrent payment checkout requests cause deadlock resulting in double credit card debit. Note: Defect was verified during load test run.,"1. Reproduce: Payment gateway deadlock causing duplicate debit charge
2. Observe result during load test run",Atomic payment transaction lock prevents duplicate charges,Payment fails with 500 error and debits customer twice,Development,Payment,Critical,P1,Payment
Stripe payment API webhook notification signature failure (after v1.4 patch release),Asynchronous payment gateway notification webhook drops checkout completion events. Note: Defect was verified after v1.4 patch release.,"1. Reproduce: Stripe payment API webhook notification signature failure
2. Observe result after v1.4 patch release",Validate Stripe payment webhook signature correctly,Payment status remains pending after credit card charge,Development,Payment,High,P2,Payment
Currency symbol display mismatch in checkout payment summary (intermittently after session timeout),Payment conversion calculates correctly but displays wrong currency symbol prefix. Note: Defect was verified intermittently after session timeout.,"1. Reproduce: Currency symbol display mismatch in checkout payment summary
2. Observe result intermittently after session timeout",Display correct currency symbol on payment screen,Displays $ instead of EUR symbol for payment total,Staging,Payment,Medium,P3,Payment
Saved payment card mask displays 14 visible digits (after v1.4 patch release),Credit card payment mask displays 14 visible digits on account billing page. Note: Defect was verified after v1.4 patch release.,"1. Reproduce: Saved payment card mask displays 14 visible digits
2. Observe result after v1.4 patch release",Mask all but last 4 payment card numbers,Payment card digits exposed on screen,Production,Payment,Low,P4,Payment
Database connection pool leak exhausts active DB connections (after v1.4 patch release),Unclosed database ORM sessions leak database connection pool capacity causing API crash. Note: Defect was verified after v1.4 patch release.,"1. Reproduce: Database connection pool leak exhausts active DB connections
2. Observe result after v1.4 patch release",Recycle idle database connection pool threads automatically,Database connection pool timeout error,Staging,Database,Critical,P1,Database
Missing composite database index causes full table scan (on Kubernetes cluster node 3),Database query plan performs full table scan on 10 million database rows. Note: Defect was verified on Kubernetes cluster node 3.,"1. Reproduce: Missing composite database index causes full table scan
2. Observe result on Kubernetes cluster node 3",Execute database query using composite index under 50ms,Database query latency spikes to 9 seconds,Development,Database,High,P2,Database
Read replica database synchronization delay lag (observed in staging deployment),Replication lag on secondary database instance returns stale database records. Note: Defect was verified observed in staging deployment.,"1. Reproduce: Read replica database synchronization delay lag
2. Observe result observed in staging deployment",Database replication sync delay under 200ms,Stale database records returned to read query,Development,Database,Medium,P3,Database
Database migration script outputs deprecated syntax warning (intermittently after session timeout),Database schema migration succeeds but logs SQL index syntax warning. Note: Defect was verified intermittently after session timeout.,"1. Reproduce: Database migration script outputs deprecated syntax warning
2. Observe result intermittently after session timeout",Clean database migration execution logs,Deprecated database index syntax warning logged,Staging,Database,Low,P4,Database
Memory leak during PDF export triggers OOM performance crash (on mobile Safari browser),Exporting PDF documents consumes 4GB heap RAM memory causing OOM performance killer crash. Note: Defect was verified on mobile Safari browser.,"1. Reproduce: Memory leak during PDF export triggers OOM performance crash
2. Observe result on mobile Safari browser",Optimize PDF stream memory allocation under 250MB,Performance crash with OutOfMemory error,Staging,Performance,Critical,P1,Performance
High CPU utilization spike during concurrent CSV file parsing (after v1.4 patch release),Parsing 500MB CSV file locks CPU performance threads causing API response lag. Note: Defect was verified after v1.4 patch release.,"1. Reproduce: High CPU utilization spike during concurrent CSV file parsing
2. Observe result after v1.4 patch release",Process CSV parsing in async background queue to maintain performance,Server CPU spikes to 100% performance degradation,Staging,Performance,High,P2,Performance
N+1 SQL query loop in list view degrades page load performance (when running background cron job),Looping over table records triggers 150 individual SQL queries degrading performance. Note: Defect was verified when running background cron job.,"1. Reproduce: N+1 SQL query loop in list view degrades page load performance
2. Observe result when running background cron job",Use eager loading SQL joins for page performance,150 separate queries degrade load performance,Development,Performance,Medium,P3,Performance
Unused JavaScript bundle assets increase page load time (on mobile Safari browser),Legacy library dependencies included in main production bundle slowing performance. Note: Defect was verified on mobile Safari browser.,"1. Reproduce: Unused JavaScript bundle assets increase page load time
2. Observe result on mobile Safari browser",Tree-shake unused script files for optimal frontend performance,Bundle size 50KB larger than optimal performance benchmark,Development,Performance,Low,P4,Performance
Multi-Factor Authentication MFA bypass via direct login route (when running background cron job),Navigating directly to protected URL skips mandatory MFA passcode prompt during authentication. Note: Defect was verified when running background cron job.,"1. Reproduce: Multi-Factor Authentication MFA bypass via direct login route
2. Observe result when running background cron job",Enforce MFA authentication before issuing access token,Bypasses authentication MFA verification check,Staging,Authentication,Critical,P1,Authentication
OAuth2 SSO authentication callback loop state mismatch (on mobile Safari browser),Single Sign-On SSO authentication redirect fails for Azure AD login users. Note: Defect was verified on mobile Safari browser.,"1. Reproduce: OAuth2 SSO authentication callback loop state mismatch
2. Observe result on mobile Safari browser",Validate SSO authentication state token cleanly,Authentication redirect loop with 403 error,Development,Authentication,High,P2,Authentication
Password reset token does not expire after single redemption (observed in staging deployment),Password reset link remains active for authentication multiple times. Note: Defect was verified observed in staging deployment.,"1. Reproduce: Password reset token does not expire after single redemption
2. Observe result observed in staging deployment",Invalidate password reset token after single authentication use,Reset token re-usable for 24 hours,Production,Authentication,Medium,P3,Authentication
Login form password input field missing autocomplete attribute (under high concurrent traffic),Password manager browser extension fails to auto-fill authentication password field. Note: Defect was verified under high concurrent traffic.,"1. Reproduce: Login form password input field missing autocomplete attribute
2. Observe result under high concurrent traffic",Set autocomplete='current-password' for authentication UX,Password manager fails to detect field,Staging,Authentication,Low,P4,Authentication
HTTP 504 Gateway Timeout on microservice network proxy (when running background cron job),Network API gateway proxy drops inbound requests taking longer than 30 seconds. Note: Defect was verified when running background cron job.,"1. Reproduce: HTTP 504 Gateway Timeout on microservice network proxy
2. Observe result when running background cron job",Maintain network proxy connection for long requests,Network proxy returns 504 Gateway Timeout,Development,Network,Critical,P1,Network
WebSocket live stream network connection drops every 60 seconds (under high concurrent traffic),Missing network ping heartbeat ping causes reverse proxy to terminate socket connection. Note: Defect was verified under high concurrent traffic.,"1. Reproduce: WebSocket live stream network connection drops every 60 seconds
2. Observe result under high concurrent traffic",Send periodic WebSocket network keep-alive ping,Network socket connection closes with code 1006,Production,Network,High,P2,Network
CORS preflight network request fails on custom HTTP headers (when running background cron job),OPTIONS network request returns 403 Forbidden due to missing Access-Control header. Note: Defect was verified when running background cron job.,"1. Reproduce: CORS preflight network request fails on custom HTTP headers
2. Observe result when running background cron job",Allow custom headers in CORS network handler,Browser blocks cross-origin network API request,Development,Network,Medium,P3,Network
DNS lookup retry delay adds 150ms latency to network calls (intermittently after session timeout),Secondary DNS network resolver lookup retries before resolving hostname. Note: Defect was verified intermittently after session timeout.,"1. Reproduce: DNS lookup retry delay adds 150ms latency to network calls
2. Observe result intermittently after session timeout",Fast primary DNS network resolution under 10ms,Intermittent 150ms network delay,Production,Network,Low,P4,Network
Modal dialog close button unclickable on mobile viewport UI/UX (on mobile Safari browser),Modal close button positioned outside viewport UI/UX touch boundary. Note: Defect was verified on mobile Safari browser.,"1. Reproduce: Modal dialog close button unclickable on mobile viewport UI/UX
2. Observe result on mobile Safari browser",Responsive UI/UX modal bounds with accessible tap target,User stuck on modal UI/UX screen,Production,UI/UX,Critical,P1,UI/UX
Filter dropdown selected values fail to clear on reset UI/UX click (observed in staging deployment),Clicking Clear Filters resets text but leaves dropdown selection active in UI/UX state. Note: Defect was verified observed in staging deployment.,"1. Reproduce: Filter dropdown selected values fail to clear on reset UI/UX click
2. Observe result observed in staging deployment",Reset all UI/UX filter components to default state,Dropdown selection remains active in UI/UX state,Production,UI/UX,High,P2,UI/UX
Dark mode text contrast ratio fails accessibility UI/UX guidelines (in microservice container),Muted gray text on dark background has insufficient contrast ratio in UI/UX theme. Note: Defect was verified in microservice container.,"1. Reproduce: Dark mode text contrast ratio fails accessibility UI/UX guidelines
2. Observe result in microservice container",Maintain WCAG AAA contrast ratio 4.5:1 for UI/UX,Text illegible in dark UI/UX theme,Development,UI/UX,Medium,P3,UI/UX
User avatar image renders broken placeholder icon on CDN UI/UX 404 (on mobile Safari browser),Broken image icon rendered when user profile picture URL fails in UI/UX. Note: Defect was verified on mobile Safari browser.,"1. Reproduce: User avatar image renders broken placeholder icon on CDN UI/UX 404
2. Observe result on mobile Safari browser",Render fallback initial avatar icon in UI/UX,Broken image placeholder shown in UI/UX layout,Development,UI/UX,Low,P4,UI/UX
Bulk delete functional action removes wrong record IDs (in microservice container),Select all functional checkbox maps array index instead of database record ID. Note: Defect was verified in microservice container.,"1. Reproduce: Bulk delete functional action removes wrong record IDs
2. Observe result in microservice container",Execute functional deletion on selected database IDs only,Deletes wrong database records in functional execution,Staging,General,Critical,P1,Functional
Incorrect functional pagination item count displayed on table footer (on mobile Safari browser),Footer displays total count from unfiltered dataset after applying functional search. Note: Defect was verified on mobile Safari browser.,"1. Reproduce: Incorrect functional pagination item count displayed on table footer
2. Observe result on mobile Safari browser",Update functional item count to match active search filter,Displays stale total count in table functional footer,Development,General,High,P2,Functional
Export CSV functional feature truncates descriptions with commas (under high concurrent traffic),CSV functional generator fails to wrap string values in double quotes. Note: Defect was verified under high concurrent traffic.,"1. Reproduce: Export CSV functional feature truncates descriptions with commas
2. Observe result under high concurrent traffic",Escape commas in CSV functional export,Splits text across columns in functional export,Production,General,Medium,P3,Functional
Date picker functional filter applies timezone offset incorrectly (intermittently after session timeout),Selecting start date converts time to UTC shifting selected functional day. Note: Defect was verified intermittently after session timeout.,"1. Reproduce: Date picker functional filter applies timezone offset incorrectly
2. Observe result intermittently after session timeout",Preserve selected date string in functional filter,Shifts selected date by -1 day in functional query,Staging,General,Low,P4,Functional
Zapier webhook integration pipeline drops sync events (in microservice container),Data integration sync pipeline fails to retry dropped HTTP events under failure. Note: Defect was verified in microservice container.,"1. Reproduce: Zapier webhook integration pipeline drops sync events
2. Observe result in microservice container",Guaranteed event delivery across integration pipeline,Integration sync events silently lost,Production,Integration,Critical,P1,Integration
Third-party REST integration API rate limit returns 429 error (in microservice container),Exceeding vendor API quota throws uncaught integration exception in worker queue. Note: Defect was verified in microservice container.,"1. Reproduce: Third-party REST integration API rate limit returns 429 error
2. Observe result in microservice container",Implement exponential backoff retry in integration client,Integration worker process crashes,Production,Integration,High,P2,Integration
Jira issue integration sync fails on custom field schema mismatch (during load test run),Custom field value formatting causes Jira integration REST API validation error. Note: Defect was verified during load test run.,"1. Reproduce: Jira issue integration sync fails on custom field schema mismatch
2. Observe result during load test run",Format payload according to Jira integration spec,Jira integration sync fails,Development,Integration,Medium,P3,Integration
Slack webhook integration notification fails when title contains quotes (in microservice container),Unescaped double quotes in bug title break Slack integration JSON payload. Note: Defect was verified in microservice container.,"1. Reproduce: Slack webhook integration notification fails when title contains quotes
2. Observe result in microservice container",Sanitize JSON payload strings for integration webhook,Slack integration notification fails,Staging,Integration,Low,P4,Integration
Cron job scheduler thread deadlocks halting automated tasks (under high concurrent traffic),Shared lock between scheduled tasks causes task runner service to stall. Note: Defect was verified under high concurrent traffic.,"1. Reproduce: Cron job scheduler thread deadlocks halting automated tasks
2. Observe result under high concurrent traffic",Isolated task execution threads for background jobs,Cron scheduler completely stops execution,Staging,General,Critical,P1,Other
Email notification sender address rejected by SPF DMARC policy (on Kubernetes cluster node 3),Outbound transaction email missing valid DKIM signature in mail header. Note: Defect was verified on Kubernetes cluster node 3.,"1. Reproduce: Email notification sender address rejected by SPF DMARC policy
2. Observe result on Kubernetes cluster node 3",Send authenticated email headers with DKIM signature,Notification emails marked as spam,Production,General,High,P2,Other
Help center documentation search returns 500 on special characters (when running background cron job),Searching documentation with quotes throws unhandled server exception. Note: Defect was verified when running background cron job.,"1. Reproduce: Help center documentation search returns 500 on special characters
2. Observe result when running background cron job",Sanitize search input terms in documentation portal,500 Internal Server Error,Development,General,Medium,P3,Other
Typo in assignment notification email subject header text (intermittently after session timeout),Notification email subject contains spelling error: 'Bug Assignned'. Note: Defect was verified intermittently after session timeout.,"1. Reproduce: Typo in assignment notification email subject header text
2. Observe result intermittently after session timeout",Correct spelling: 'Bug Assigned',Displays 'Assignned' with double n,Staging,General,Low,P4,Other
SQL Injection security vulnerability in login authentication field (intermittently after session timeout),Unsanitized user input in security field allows unauthenticated SQL injection exploit against user database. Note: Defect was verified intermittently after session timeout.,"1. Reproduce: SQL Injection security vulnerability in login authentication field
2. Observe result intermittently after session timeout",Security input sanitization and SQL parameterization should block injection payload,Security authentication check bypassed allowing unauthorized access,Development,Security,Critical,P1,Security
Cross-Site Scripting XSS security vulnerability in comment box (intermittently after session timeout),Stored XSS security vulnerability executes arbitrary JavaScript in victim browser session. Note: Defect was verified intermittently after session timeout.,"1. Reproduce: Cross-Site Scripting XSS security vulnerability in comment box
2. Observe result intermittently after session timeout",Security HTML tag escaping should sanitize XSS payload,Malicious XSS script tag executes on profile page,Staging,Security,High,P2,Security
Missing security HTTP Content-Security-Policy headers (after v1.4 patch release),Application security response headers lack CSP protection against frame injection. Note: Defect was verified after v1.4 patch release.,"1. Reproduce: Missing security HTTP Content-Security-Policy headers
2. Observe result after v1.4 patch release",Include security response headers CSP and X-Frame-Options,Security response headers missing CSP directives,Staging,Security,Medium,P3,Security
Verbose server header leaks proxy security version info (after v1.4 patch release),HTTP Server security response header reveals backend proxy version string. Note: Defect was verified after v1.4 patch release.,"1. Reproduce: Verbose server header leaks proxy security version info
2. Observe result after v1.4 patch release",Mask security server version strings in production,Header leaks Server version information,Staging,Security,Low,P4,Security
Payment gateway deadlock causing duplicate debit charge (on Kubernetes cluster node 3),Concurrent payment checkout requests cause deadlock resulting in double credit card debit. Note: Defect was verified on Kubernetes cluster node 3.,"1. Reproduce: Payment gateway deadlock causing duplicate debit charge
2. Observe result on Kubernetes cluster node 3",Atomic payment transaction lock prevents duplicate charges,Payment fails with 500 error and debits customer twice,Staging,Payment,Critical,P1,Payment
Stripe payment API webhook notification signature failure (observed in staging deployment),Asynchronous payment gateway notification webhook drops checkout completion events. Note: Defect was verified observed in staging deployment.,"1. Reproduce: Stripe payment API webhook notification signature failure
2. Observe result observed in staging deployment",Validate Stripe payment webhook signature correctly,Payment status remains pending after credit card charge,Development,Payment,High,P2,Payment
Currency symbol display mismatch in checkout payment summary (after v1.4 patch release),Payment conversion calculates correctly but displays wrong currency symbol prefix. Note: Defect was verified after v1.4 patch release.,"1. Reproduce: Currency symbol display mismatch in checkout payment summary
2. Observe result after v1.4 patch release",Display correct currency symbol on payment screen,Displays $ instead of EUR symbol for payment total,Development,Payment,Medium,P3,Payment
Saved payment card mask displays 14 visible digits (in microservice container),Credit card payment mask displays 14 visible digits on account billing page. Note: Defect was verified in microservice container.,"1. Reproduce: Saved payment card mask displays 14 visible digits
2. Observe result in microservice container",Mask all but last 4 payment card numbers,Payment card digits exposed on screen,Development,Payment,Low,P4,Payment
Database connection pool leak exhausts active DB connections (on Kubernetes cluster node 3),Unclosed database ORM sessions leak database connection pool capacity causing API crash. Note: Defect was verified on Kubernetes cluster node 3.,"1. Reproduce: Database connection pool leak exhausts active DB connections
2. Observe result on Kubernetes cluster node 3",Recycle idle database connection pool threads automatically,Database connection pool timeout error,Development,Database,Critical,P1,Database
Missing composite database index causes full table scan (after v1.4 patch release),Database query plan performs full table scan on 10 million database rows. Note: Defect was verified after v1.4 patch release.,"1. Reproduce: Missing composite database index causes full table scan
2. Observe result after v1.4 patch release",Execute database query using composite index under 50ms,Database query latency spikes to 9 seconds,Development,Database,High,P2,Database
Read replica database synchronization delay lag (on mobile Safari browser),Replication lag on secondary database instance returns stale database records. Note: Defect was verified on mobile Safari browser.,"1. Reproduce: Read replica database synchronization delay lag
2. Observe result on mobile Safari browser",Database replication sync delay under 200ms,Stale database records returned to read query,Staging,Database,Medium,P3,Database
Database migration script outputs deprecated syntax warning (after v1.4 patch release),Database schema migration succeeds but logs SQL index syntax warning. Note: Defect was verified after v1.4 patch release.,"1. Reproduce: Database migration script outputs deprecated syntax warning
2. Observe result after v1.4 patch release",Clean database migration execution logs,Deprecated database index syntax warning logged,Staging,Database,Low,P4,Database
Memory leak during PDF export triggers OOM performance crash (when running background cron job),Exporting PDF documents consumes 4GB heap RAM memory causing OOM performance killer crash. Note: Defect was verified when running background cron job.,"1. Reproduce: Memory leak during PDF export triggers OOM performance crash
2. Observe result when running background cron job",Optimize PDF stream memory allocation under 250MB,Performance crash with OutOfMemory error,Staging,Performance,Critical,P1,Performance
High CPU utilization spike during concurrent CSV file parsing (after v1.4 patch release),Parsing 500MB CSV file locks CPU performance threads causing API response lag. Note: Defect was verified after v1.4 patch release.,"1. Reproduce: High CPU utilization spike during concurrent CSV file parsing
2. Observe result after v1.4 patch release",Process CSV parsing in async background queue to maintain performance,Server CPU spikes to 100% performance degradation,Development,Performance,High,P2,Performance
N+1 SQL query loop in list view degrades page load performance (observed in staging deployment),Looping over table records triggers 150 individual SQL queries degrading performance. Note: Defect was verified observed in staging deployment.,"1. Reproduce: N+1 SQL query loop in list view degrades page load performance
2. Observe result observed in staging deployment",Use eager loading SQL joins for page performance,150 separate queries degrade load performance,Staging,Performance,Medium,P3,Performance
Unused JavaScript bundle assets increase page load time (observed in staging deployment),Legacy library dependencies included in main production bundle slowing performance. Note: Defect was verified observed in staging deployment.,"1. Reproduce: Unused JavaScript bundle assets increase page load time
2. Observe result observed in staging deployment",Tree-shake unused script files for optimal frontend performance,Bundle size 50KB larger than optimal performance benchmark,Production,Performance,Low,P4,Performance
Multi-Factor Authentication MFA bypass via direct login route (on mobile Safari browser),Navigating directly to protected URL skips mandatory MFA passcode prompt during authentication. Note: Defect was verified on mobile Safari browser.,"1. Reproduce: Multi-Factor Authentication MFA bypass via direct login route
2. Observe result on mobile Safari browser",Enforce MFA authentication before issuing access token,Bypasses authentication MFA verification check,Production,Authentication,Critical,P1,Authentication
OAuth2 SSO authentication callback loop state mismatch (intermittently after session timeout),Single Sign-On SSO authentication redirect fails for Azure AD login users. Note: Defect was verified intermittently after session timeout.,"1. Reproduce: OAuth2 SSO authentication callback loop state mismatch
2. Observe result intermittently after session timeout",Validate SSO authentication state token cleanly,Authentication redirect loop with 403 error,Staging,Authentication,High,P2,Authentication
Password reset token does not expire after single redemption (on mobile Safari browser),Password reset link remains active for authentication multiple times. Note: Defect was verified on mobile Safari browser.,"1. Reproduce: Password reset token does not expire after single redemption
2. Observe result on mobile Safari browser",Invalidate password reset token after single authentication use,Reset token re-usable for 24 hours,Production,Authentication,Medium,P3,Authentication
Login form password input field missing autocomplete attribute (when running background cron job),Password manager browser extension fails to auto-fill authentication password field. Note: Defect was verified when running background cron job.,"1. Reproduce: Login form password input field missing autocomplete attribute
2. Observe result when running background cron job",Set autocomplete='current-password' for authentication UX,Password manager fails to detect field,Staging,Authentication,Low,P4,Authentication
HTTP 504 Gateway Timeout on microservice network proxy (in microservice container),Network API gateway proxy drops inbound requests taking longer than 30 seconds. Note: Defect was verified in microservice container.,"1. Reproduce: HTTP 504 Gateway Timeout on microservice network proxy
2. Observe result in microservice container",Maintain network proxy connection for long requests,Network proxy returns 504 Gateway Timeout,Staging,Network,Critical,P1,Network
WebSocket live stream network connection drops every 60 seconds (on mobile Safari browser),Missing network ping heartbeat ping causes reverse proxy to terminate socket connection. Note: Defect was verified on mobile Safari browser.,"1. Reproduce: WebSocket live stream network connection drops every 60 seconds
2. Observe result on mobile Safari browser",Send periodic WebSocket network keep-alive ping,Network socket connection closes with code 1006,Production,Network,High,P2,Network
CORS preflight network request fails on custom HTTP headers (when running background cron job),OPTIONS network request returns 403 Forbidden due to missing Access-Control header. Note: Defect was verified when running background cron job.,"1. Reproduce: CORS preflight network request fails on custom HTTP headers
2. Observe result when running background cron job",Allow custom headers in CORS network handler,Browser blocks cross-origin network API request,Production,Network,Medium,P3,Network
DNS lookup retry delay adds 150ms latency to network calls (after v1.4 patch release),Secondary DNS network resolver lookup retries before resolving hostname. Note: Defect was verified after v1.4 patch release.,"1. Reproduce: DNS lookup retry delay adds 150ms latency to network calls
2. Observe result after v1.4 patch release",Fast primary DNS network resolution under 10ms,Intermittent 150ms network delay,Production,Network,Low,P4,Network
Modal dialog close button unclickable on mobile viewport UI/UX (on mobile Safari browser),Modal close button positioned outside viewport UI/UX touch boundary. Note: Defect was verified on mobile Safari browser.,"1. Reproduce: Modal dialog close button unclickable on mobile viewport UI/UX
2. Observe result on mobile Safari browser",Responsive UI/UX modal bounds with accessible tap target,User stuck on modal UI/UX screen,Production,UI/UX,Critical,P1,UI/UX
Filter dropdown selected values fail to clear on reset UI/UX click (under high concurrent traffic),Clicking Clear Filters resets text but leaves dropdown selection active in UI/UX state. Note: Defect was verified under high concurrent traffic.,"1. Reproduce: Filter dropdown selected values fail to clear on reset UI/UX click
2. Observe result under high concurrent traffic",Reset all UI/UX filter components to default state,Dropdown selection remains active in UI/UX state,Production,UI/UX,High,P2,UI/UX
Dark mode text contrast ratio fails accessibility UI/UX guidelines (intermittently after session timeout),Muted gray text on dark background has insufficient contrast ratio in UI/UX theme. Note: Defect was verified intermittently after session timeout.,"1. Reproduce: Dark mode text contrast ratio fails accessibility UI/UX guidelines
2. Observe result intermittently after session timeout",Maintain WCAG AAA contrast ratio 4.5:1 for UI/UX,Text illegible in dark UI/UX theme,Staging,UI/UX,Medium,P3,UI/UX
User avatar image renders broken placeholder icon on CDN UI/UX 404 (when running background cron job),Broken image icon rendered when user profile picture URL fails in UI/UX. Note: Defect was verified when running background cron job.,"1. Reproduce: User avatar image renders broken placeholder icon on CDN UI/UX 404
2. Observe result when running background cron job",Render fallback initial avatar icon in UI/UX,Broken image placeholder shown in UI/UX layout,Production,UI/UX,Low,P4,UI/UX
Bulk delete functional action removes wrong record IDs (during load test run),Select all functional checkbox maps array index instead of database record ID. Note: Defect was verified during load test run.,"1. Reproduce: Bulk delete functional action removes wrong record IDs
2. Observe result during load test run",Execute functional deletion on selected database IDs only,Deletes wrong database records in functional execution,Staging,General,Critical,P1,Functional
Incorrect functional pagination item count displayed on table footer (intermittently after session timeout),Footer displays total count from unfiltered dataset after applying functional search. Note: Defect was verified intermittently after session timeout.,"1. Reproduce: Incorrect functional pagination item count displayed on table footer
2. Observe result intermittently after session timeout",Update functional item count to match active search filter,Displays stale total count in table functional footer,Staging,General,High,P2,Functional
Export CSV functional feature truncates descriptions with commas (on mobile Safari browser),CSV functional generator fails to wrap string values in double quotes. Note: Defect was verified on mobile Safari browser.,"1. Reproduce: Export CSV functional feature truncates descriptions with commas
2. Observe result on mobile Safari browser",Escape commas in CSV functional export,Splits text across columns in functional export,Staging,General,Medium,P3,Functional
Date picker functional filter applies timezone offset incorrectly (on Kubernetes cluster node 3),Selecting start date converts time to UTC shifting selected functional day. Note: Defect was verified on Kubernetes cluster node 3.,"1. Reproduce: Date picker functional filter applies timezone offset incorrectly
2. Observe result on Kubernetes cluster node 3",Preserve selected date string in functional filter,Shifts selected date by -1 day in functional query,Staging,General,Low,P4,Functional
Zapier webhook integration pipeline drops sync events (after v1.4 patch release),Data integration sync pipeline fails to retry dropped HTTP events under failure. Note: Defect was verified after v1.4 patch release.,"1. Reproduce: Zapier webhook integration pipeline drops sync events
2. Observe result after v1.4 patch release",Guaranteed event delivery across integration pipeline,Integration sync events silently lost,Staging,Integration,Critical,P1,Integration
Third-party REST integration API rate limit returns 429 error (in microservice container),Exceeding vendor API quota throws uncaught integration exception in worker queue. Note: Defect was verified in microservice container.,"1. Reproduce: Third-party REST integration API rate limit returns 429 error
2. Observe result in microservice container",Implement exponential backoff retry in integration client,Integration worker process crashes,Staging,Integration,High,P2,Integration
Jira issue integration sync fails on custom field schema mismatch (in microservice container),Custom field value formatting causes Jira integration REST API validation error. Note: Defect was verified in microservice container.,"1. Reproduce: Jira issue integration sync fails on custom field schema mismatch
2. Observe result in microservice container",Format payload according to Jira integration spec,Jira integration sync fails,Development,Integration,Medium,P3,Integration
Slack webhook integration notification fails when title contains quotes (on Kubernetes cluster node 3),Unescaped double quotes in bug title break Slack integration JSON payload. Note: Defect was verified on Kubernetes cluster node 3.,"1. Reproduce: Slack webhook integration notification fails when title contains quotes
2. Observe result on Kubernetes cluster node 3",Sanitize JSON payload strings for integration webhook,Slack integration notification fails,Development,Integration,Low,P4,Integration
Cron job scheduler thread deadlocks halting automated tasks (on Kubernetes cluster node 3),Shared lock between scheduled tasks causes task runner service to stall. Note: Defect was verified on Kubernetes cluster node 3.,"1. Reproduce: Cron job scheduler thread deadlocks halting automated tasks
2. Observe result on Kubernetes cluster node 3",Isolated task execution threads for background jobs,Cron scheduler completely stops execution,Development,General,Critical,P1,Other
Email notification sender address rejected by SPF DMARC policy (on mobile Safari browser),Outbound transaction email missing valid DKIM signature in mail header. Note: Defect was verified on mobile Safari browser.,"1. Reproduce: Email notification sender address rejected by SPF DMARC policy
2. Observe result on mobile Safari browser",Send authenticated email headers with DKIM signature,Notification emails marked as spam,Development,General,High,P2,Other
Help center documentation search returns 500 on special characters (on Kubernetes cluster node 3),Searching documentation with quotes throws unhandled server exception. Note: Defect was verified on Kubernetes cluster node 3.,"1. Reproduce: Help center documentation search returns 500 on special characters
2. Observe result on Kubernetes cluster node 3",Sanitize search input terms in documentation portal,500 Internal Server Error,Development,General,Medium,P3,Other
Typo in assignment notification email subject header text (in microservice container),Notification email subject contains spelling error: 'Bug Assignned'. Note: Defect was verified in microservice container.,"1. Reproduce: Typo in assignment notification email subject header text
2. Observe result in microservice container",Correct spelling: 'Bug Assigned',Displays 'Assignned' with double n,Production,General,Low,P4,Other
SQL Injection security vulnerability in login authentication field (on mobile Safari browser),Unsanitized user input in security field allows unauthenticated SQL injection exploit against user database. Note: Defect was verified on mobile Safari browser.,"1. Reproduce: SQL Injection security vulnerability in login authentication field
2. Observe result on mobile Safari browser",Security input sanitization and SQL parameterization should block injection payload,Security authentication check bypassed allowing unauthorized access,Development,Security,Critical,P1,Security
Cross-Site Scripting XSS security vulnerability in comment box (under high concurrent traffic),Stored XSS security vulnerability executes arbitrary JavaScript in victim browser session. Note: Defect was verified under high concurrent traffic.,"1. Reproduce: Cross-Site Scripting XSS security vulnerability in comment box
2. Observe result under high concurrent traffic",Security HTML tag escaping should sanitize XSS payload,Malicious XSS script tag executes on profile page,Staging,Security,High,P2,Security
Missing security HTTP Content-Security-Policy headers (under high concurrent traffic),Application security response headers lack CSP protection against frame injection. Note: Defect was verified under high concurrent traffic.,"1. Reproduce: Missing security HTTP Content-Security-Policy headers
2. Observe result under high concurrent traffic",Include security response headers CSP and X-Frame-Options,Security response headers missing CSP directives,Staging,Security,Medium,P3,Security
Verbose server header leaks proxy security version info (in microservice container),HTTP Server security response header reveals backend proxy version string. Note: Defect was verified in microservice container.,"1. Reproduce: Verbose server header leaks proxy security version info
2. Observe result in microservice container",Mask security server version strings in production,Header leaks Server version information,Staging,Security,Low,P4,Security
Payment gateway deadlock causing duplicate debit charge (when running background cron job),Concurrent payment checkout requests cause deadlock resulting in double credit card debit. Note: Defect was verified when running background cron job.,"1. Reproduce: Payment gateway deadlock causing duplicate debit charge
2. Observe result when running background cron job",Atomic payment transaction lock prevents duplicate charges,Payment fails with 500 error and debits customer twice,Development,Payment,Critical,P1,Payment
Stripe payment API webhook notification signature failure (on Kubernetes cluster node 3),Asynchronous payment gateway notification webhook drops checkout completion events. Note: Defect was verified on Kubernetes cluster node 3.,"1. Reproduce: Stripe payment API webhook notification signature failure
2. Observe result on Kubernetes cluster node 3",Validate Stripe payment webhook signature correctly,Payment status remains pending after credit card charge,Development,Payment,High,P2,Payment
Currency symbol display mismatch in checkout payment summary (intermittently after session timeout),Payment conversion calculates correctly but displays wrong currency symbol prefix. Note: Defect was verified intermittently after session timeout.,"1. Reproduce: Currency symbol display mismatch in checkout payment summary
2. Observe result intermittently after session timeout",Display correct currency symbol on payment screen,Displays $ instead of EUR symbol for payment total,Production,Payment,Medium,P3,Payment
Saved payment card mask displays 14 visible digits (during load test run),Credit card payment mask displays 14 visible digits on account billing page. Note: Defect was verified during load test run.,"1. Reproduce: Saved payment card mask displays 14 visible digits
2. Observe result during load test run",Mask all but last 4 payment card numbers,Payment card digits exposed on screen,Staging,Payment,Low,P4,Payment
Database connection pool leak exhausts active DB connections (intermittently after session timeout),Unclosed database ORM sessions leak database connection pool capacity causing API crash. Note: Defect was verified intermittently after session timeout.,"1. Reproduce: Database connection pool leak exhausts active DB connections
2. Observe result intermittently after session timeout",Recycle idle database connection pool threads automatically,Database connection pool timeout error,Development,Database,Critical,P1,Database
Missing composite database index causes full table scan (under high concurrent traffic),Database query plan performs full table scan on 10 million database rows. Note: Defect was verified under high concurrent traffic.,"1. Reproduce: Missing composite database index causes full table scan
2. Observe result under high concurrent traffic",Execute database query using composite index under 50ms,Database query latency spikes to 9 seconds,Development,Database,High,P2,Database
Read replica database synchronization delay lag (after v1.4 patch release),Replication lag on secondary database instance returns stale database records. Note: Defect was verified after v1.4 patch release.,"1. Reproduce: Read replica database synchronization delay lag
2. Observe result after v1.4 patch release",Database replication sync delay under 200ms,Stale database records returned to read query,Staging,Database,Medium,P3,Database
Database migration script outputs deprecated syntax warning (on mobile Safari browser),Database schema migration succeeds but logs SQL index syntax warning. Note: Defect was verified on mobile Safari browser.,"1. Reproduce: Database migration script outputs deprecated syntax warning
2. Observe result on mobile Safari browser",Clean database migration execution logs,Deprecated database index syntax warning logged,Production,Database,Low,P4,Database
Memory leak during PDF export triggers OOM performance crash (observed in staging deployment),Exporting PDF documents consumes 4GB heap RAM memory causing OOM performance killer crash. Note: Defect was verified observed in staging deployment.,"1. Reproduce: Memory leak during PDF export triggers OOM performance crash
2. Observe result observed in staging deployment",Optimize PDF stream memory allocation under 250MB,Performance crash with OutOfMemory error,Staging,Performance,Critical,P1,Performance
High CPU utilization spike during concurrent CSV file parsing (when running background cron job),Parsing 500MB CSV file locks CPU performance threads causing API response lag. Note: Defect was verified when running background cron job.,"1. Reproduce: High CPU utilization spike during concurrent CSV file parsing
2. Observe result when running background cron job",Process CSV parsing in async background queue to maintain performance,Server CPU spikes to 100% performance degradation,Development,Performance,High,P2,Performance
N+1 SQL query loop in list view degrades page load performance (intermittently after session timeout),Looping over table records triggers 150 individual SQL queries degrading performance. Note: Defect was verified intermittently after session timeout.,"1. Reproduce: N+1 SQL query loop in list view degrades page load performance
2. Observe result intermittently after session timeout",Use eager loading SQL joins for page performance,150 separate queries degrade load performance,Production,Performance,Medium,P3,Performance
Unused JavaScript bundle assets increase page load time (under high concurrent traffic),Legacy library dependencies included in main production bundle slowing performance. Note: Defect was verified under high concurrent traffic.,"1. Reproduce: Unused JavaScript bundle assets increase page load time
2. Observe result under high concurrent traffic",Tree-shake unused script files for optimal frontend performance,Bundle size 50KB larger than optimal performance benchmark,Staging,Performance,Low,P4,Performance
Multi-Factor Authentication MFA bypass via direct login route (intermittently after session timeout),Navigating directly to protected URL skips mandatory MFA passcode prompt during authentication. Note: Defect was verified intermittently after session timeout.,"1. Reproduce: Multi-Factor Authentication MFA bypass via direct login route
2. Observe result intermittently after session timeout",Enforce MFA authentication before issuing access token,Bypasses authentication MFA verification check,Production,Authentication,Critical,P1,Authentication
OAuth2 SSO authentication callback loop state mismatch (on mobile Safari browser),Single Sign-On SSO authentication redirect fails for Azure AD login users. Note: Defect was verified on mobile Safari browser.,"1. Reproduce: OAuth2 SSO authentication callback loop state mismatch
2. Observe result on mobile Safari browser",Validate SSO authentication state token cleanly,Authentication redirect loop with 403 error,Development,Authentication,High,P2,Authentication
Password reset token does not expire after single redemption (when running background cron job),Password reset link remains active for authentication multiple times. Note: Defect was verified when running background cron job.,"1. Reproduce: Password reset token does not expire after single redemption
2. Observe result when running background cron job",Invalidate password reset token after single authentication use,Reset token re-usable for 24 hours,Development,Authentication,Medium,P3,Authentication
Login form password input field missing autocomplete attribute (observed in staging deployment),Password manager browser extension fails to auto-fill authentication password field. Note: Defect was verified observed in staging deployment.,"1. Reproduce: Login form password input field missing autocomplete attribute
2. Observe result observed in staging deployment",Set autocomplete='current-password' for authentication UX,Password manager fails to detect field,Development,Authentication,Low,P4,Authentication
HTTP 504 Gateway Timeout on microservice network proxy (during load test run),Network API gateway proxy drops inbound requests taking longer than 30 seconds. Note: Defect was verified during load test run.,"1. Reproduce: HTTP 504 Gateway Timeout on microservice network proxy
2. Observe result during load test run",Maintain network proxy connection for long requests,Network proxy returns 504 Gateway Timeout,Production,Network,Critical,P1,Network
WebSocket live stream network connection drops every 60 seconds (intermittently after session timeout),Missing network ping heartbeat ping causes reverse proxy to terminate socket connection. Note: Defect was verified intermittently after session timeout.,"1. Reproduce: WebSocket live stream network connection drops every 60 seconds
2. Observe result intermittently after session timeout",Send periodic WebSocket network keep-alive ping,Network socket connection closes with code 1006,Staging,Network,High,P2,Network
CORS preflight network request fails on custom HTTP headers (observed in staging deployment),OPTIONS network request returns 403 Forbidden due to missing Access-Control header. Note: Defect was verified observed in staging deployment.,"1. Reproduce: CORS preflight network request fails on custom HTTP headers
2. Observe result observed in staging deployment",Allow custom headers in CORS network handler,Browser blocks cross-origin network API request,Development,Network,Medium,P3,Network
DNS lookup retry delay adds 150ms latency to network calls (on Kubernetes cluster node 3),Secondary DNS network resolver lookup retries before resolving hostname. Note: Defect was verified on Kubernetes cluster node 3.,"1. Reproduce: DNS lookup retry delay adds 150ms latency to network calls
2. Observe result on Kubernetes cluster node 3",Fast primary DNS network resolution under 10ms,Intermittent 150ms network delay,Staging,Network,Low,P4,Network
Modal dialog close button unclickable on mobile viewport UI/UX (observed in staging deployment),Modal close button positioned outside viewport UI/UX touch boundary. Note: Defect was verified observed in staging deployment.,"1. Reproduce: Modal dialog close button unclickable on mobile viewport UI/UX
2. Observe result observed in staging deployment",Responsive UI/UX modal bounds with accessible tap target,User stuck on modal UI/UX screen,Production,UI/UX,Critical,P1,UI/UX
Filter dropdown selected values fail to clear on reset UI/UX click (on Kubernetes cluster node 3),Clicking Clear Filters resets text but leaves dropdown selection active in UI/UX state. Note: Defect was verified on Kubernetes cluster node 3.,"1. Reproduce: Filter dropdown selected values fail to clear on reset UI/UX click
2. Observe result on Kubernetes cluster node 3",Reset all UI/UX filter components to default state,Dropdown selection remains active in UI/UX state,Staging,UI/UX,High,P2,UI/UX
Dark mode text contrast ratio fails accessibility UI/UX guidelines (after v1.4 patch release),Muted gray text on dark background has insufficient contrast ratio in UI/UX theme. Note: Defect was verified after v1.4 patch release.,"1. Reproduce: Dark mode text contrast ratio fails accessibility UI/UX guidelines
2. Observe result after v1.4 patch release",Maintain WCAG AAA contrast ratio 4.5:1 for UI/UX,Text illegible in dark UI/UX theme,Production,UI/UX,Medium,P3,UI/UX
User avatar image renders broken placeholder icon on CDN UI/UX 404 (on Kubernetes cluster node 3),Broken image icon rendered when user profile picture URL fails in UI/UX. Note: Defect was verified on Kubernetes cluster node 3.,"1. Reproduce: User avatar image renders broken placeholder icon on CDN UI/UX 404
2. Observe result on Kubernetes cluster node 3",Render fallback initial avatar icon in UI/UX,Broken image placeholder shown in UI/UX layout,Staging,UI/UX,Low,P4,UI/UX
Bulk delete functional action removes wrong record IDs (on mobile Safari browser),Select all functional checkbox maps array index instead of database record ID. Note: Defect was verified on mobile Safari browser.,"1. Reproduce: Bulk delete functional action removes wrong record IDs
2. Observe result on mobile Safari browser",Execute functional deletion on selected database IDs only,Deletes wrong database records in functional execution,Development,General,Critical,P1,Functional
Incorrect functional pagination item count displayed on table footer (intermittently after session timeout),Footer displays total count from unfiltered dataset after applying functional search. Note: Defect was verified intermittently after session timeout.,"1. Reproduce: Incorrect functional pagination item count displayed on table footer
2. Observe result intermittently after session timeout",Update functional item count to match active search filter,Displays stale total count in table functional footer,Production,General,High,P2,Functional
Export CSV functional feature truncates descriptions with commas (in microservice container),CSV functional generator fails to wrap string values in double quotes. Note: Defect was verified in microservice container.,"1. Reproduce: Export CSV functional feature truncates descriptions with commas
2. Observe result in microservice container",Escape commas in CSV functional export,Splits text across columns in functional export,Development,General,Medium,P3,Functional
Date picker functional filter applies timezone offset incorrectly (on Kubernetes cluster node 3),Selecting start date converts time to UTC shifting selected functional day. Note: Defect was verified on Kubernetes cluster node 3.,"1. Reproduce: Date picker functional filter applies timezone offset incorrectly
2. Observe result on Kubernetes cluster node 3",Preserve selected date string in functional filter,Shifts selected date by -1 day in functional query,Production,General,Low,P4,Functional
Zapier webhook integration pipeline drops sync events (during load test run),Data integration sync pipeline fails to retry dropped HTTP events under failure. Note: Defect was verified during load test run.,"1. Reproduce: Zapier webhook integration pipeline drops sync events
2. Observe result during load test run",Guaranteed event delivery across integration pipeline,Integration sync events silently lost,Development,Integration,Critical,P1,Integration
Third-party REST integration API rate limit returns 429 error (after v1.4 patch release),Exceeding vendor API quota throws uncaught integration exception in worker queue. Note: Defect was verified after v1.4 patch release.,"1. Reproduce: Third-party REST integration API rate limit returns 429 error
2. Observe result after v1.4 patch release",Implement exponential backoff retry in integration client,Integration worker process crashes,Development,Integration,High,P2,Integration
Jira issue integration sync fails on custom field schema mismatch (in microservice container),Custom field value formatting causes Jira integration REST API validation error. Note: Defect was verified in microservice container.,"1. Reproduce: Jira issue integration sync fails on custom field schema mismatch
2. Observe result in microservice container",Format payload according to Jira integration spec,Jira integration sync fails,Development,Integration,Medium,P3,Integration
Slack webhook integration notification fails when title contains quotes (after v1.4 patch release),Unescaped double quotes in bug title break Slack integration JSON payload. Note: Defect was verified after v1.4 patch release.,"1. Reproduce: Slack webhook integration notification fails when title contains quotes
2. Observe result after v1.4 patch release",Sanitize JSON payload strings for integration webhook,Slack integration notification fails,Development,Integration,Low,P4,Integration
Cron job scheduler thread deadlocks halting automated tasks (under high concurrent traffic),Shared lock between scheduled tasks causes task runner service to stall. Note: Defect was verified under high concurrent traffic.,"1. Reproduce: Cron job scheduler thread deadlocks halting automated tasks
2. Observe result under high concurrent traffic",Isolated task execution threads for background jobs,Cron scheduler completely stops execution,Production,General,Critical,P1,Other
Email notification sender address rejected by SPF DMARC policy (during load test run),Outbound transaction email missing valid DKIM signature in mail header. Note: Defect was verified during load test run.,"1. Reproduce: Email notification sender address rejected by SPF DMARC policy
2. Observe result during load test run",Send authenticated email headers with DKIM signature,Notification emails marked as spam,Staging,General,High,P2,Other
Help center documentation search returns 500 on special characters (on mobile Safari browser),Searching documentation with quotes throws unhandled server exception. Note: Defect was verified on mobile Safari browser.,"1. Reproduce: Help center documentation search returns 500 on special characters
2. Observe result on mobile Safari browser",Sanitize search input terms in documentation portal,500 Internal Server Error,Development,General,Medium,P3,Other
Typo in assignment notification email subject header text (on Kubernetes cluster node 3),Notification email subject contains spelling error: 'Bug Assignned'. Note: Defect was verified on Kubernetes cluster node 3.,"1. Reproduce: Typo in assignment notification email subject header text
2. Observe result on Kubernetes cluster node 3",Correct spelling: 'Bug Assigned',Displays 'Assignned' with double n,Staging,General,Low,P4,Other
SQL Injection security vulnerability in login authentication field (when running background cron job),Unsanitized user input in security field allows unauthenticated SQL injection exploit against user database. Note: Defect was verified when running background cron job.,"1. Reproduce: SQL Injection security vulnerability in login authentication field
2. Observe result when running background cron job",Security input sanitization and SQL parameterization should block injection payload,Security authentication check bypassed allowing unauthorized access,Production,Security,Critical,P1,Security
Cross-Site Scripting XSS security vulnerability in comment box (under high concurrent traffic),Stored XSS security vulnerability executes arbitrary JavaScript in victim browser session. Note: Defect was verified under high concurrent traffic.,"1. Reproduce: Cross-Site Scripting XSS security vulnerability in comment box
2. Observe result under high concurrent traffic",Security HTML tag escaping should sanitize XSS payload,Malicious XSS script tag executes on profile page,Production,Security,High,P2,Security
Missing security HTTP Content-Security-Policy headers (when running background cron job),Application security response headers lack CSP protection against frame injection. Note: Defect was verified when running background cron job.,"1. Reproduce: Missing security HTTP Content-Security-Policy headers
2. Observe result when running background cron job",Include security response headers CSP and X-Frame-Options,Security response headers missing CSP directives,Staging,Security,Medium,P3,Security
Verbose server header leaks proxy security version info (on mobile Safari browser),HTTP Server security response header reveals backend proxy version string. Note: Defect was verified on mobile Safari browser.,"1. Reproduce: Verbose server header leaks proxy security version info
2. Observe result on mobile Safari browser",Mask security server version strings in production,Header leaks Server version information,Development,Security,Low,P4,Security
Payment gateway deadlock causing duplicate debit charge (under high concurrent traffic),Concurrent payment checkout requests cause deadlock resulting in double credit card debit. Note: Defect was verified under high concurrent traffic.,"1. Reproduce: Payment gateway deadlock causing duplicate debit charge
2. Observe result under high concurrent traffic",Atomic payment transaction lock prevents duplicate charges,Payment fails with 500 error and debits customer twice,Staging,Payment,Critical,P1,Payment
Stripe payment API webhook notification signature failure (intermittently after session timeout),Asynchronous payment gateway notification webhook drops checkout completion events. Note: Defect was verified intermittently after session timeout.,"1. Reproduce: Stripe payment API webhook notification signature failure
2. Observe result intermittently after session timeout",Validate Stripe payment webhook signature correctly,Payment status remains pending after credit card charge,Production,Payment,High,P2,Payment
Currency symbol display mismatch in checkout payment summary (when running background cron job),Payment conversion calculates correctly but displays wrong currency symbol prefix. Note: Defect was verified when running background cron job.,"1. Reproduce: Currency symbol display mismatch in checkout payment summary
2. Observe result when running background cron job",Display correct currency symbol on payment screen,Displays $ instead of EUR symbol for payment total,Staging,Payment,Medium,P3,Payment
Saved payment card mask displays 14 visible digits (after v1.4 patch release),Credit card payment mask displays 14 visible digits on account billing page. Note: Defect was verified after v1.4 patch release.,"1. Reproduce: Saved payment card mask displays 14 visible digits
2. Observe result after v1.4 patch release",Mask all but last 4 payment card numbers,Payment card digits exposed on screen,Development,Payment,Low,P4,Payment
Database connection pool leak exhausts active DB connections (when running background cron job),Unclosed database ORM sessions leak database connection pool capacity causing API crash. Note: Defect was verified when running background cron job.,"1. Reproduce: Database connection pool leak exhausts active DB connections
2. Observe result when running background cron job",Recycle idle database connection pool threads automatically,Database connection pool timeout error,Development,Database,Critical,P1,Database
Missing composite database index causes full table scan (intermittently after session timeout),Database query plan performs full table scan on 10 million database rows. Note: Defect was verified intermittently after session timeout.,"1. Reproduce: Missing composite database index causes full table scan
2. Observe result intermittently after session timeout",Execute database query using composite index under 50ms,Database query latency spikes to 9 seconds,Staging,Database,High,P2,Database
Read replica database synchronization delay lag (in microservice container),Replication lag on secondary database instance returns stale database records. Note: Defect was verified in microservice container.,"1. Reproduce: Read replica database synchronization delay lag
2. Observe result in microservice container",Database replication sync delay under 200ms,Stale database records returned to read query,Development,Database,Medium,P3,Database
Database migration script outputs deprecated syntax warning (when running background cron job),Database schema migration succeeds but logs SQL index syntax warning. Note: Defect was verified when running background cron job.,"1. Reproduce: Database migration script outputs deprecated syntax warning
2. Observe result when running background cron job",Clean database migration execution logs,Deprecated database index syntax warning logged,Staging,Database,Low,P4,Database
Memory leak during PDF export triggers OOM performance crash (under high concurrent traffic),Exporting PDF documents consumes 4GB heap RAM memory causing OOM performance killer crash. Note: Defect was verified under high concurrent traffic.,"1. Reproduce: Memory leak during PDF export triggers OOM performance crash
2. Observe result under high concurrent traffic",Optimize PDF stream memory allocation under 250MB,Performance crash with OutOfMemory error,Staging,Performance,Critical,P1,Performance
High CPU utilization spike during concurrent CSV file parsing (on Kubernetes cluster node 3),Parsing 500MB CSV file locks CPU performance threads causing API response lag. Note: Defect was verified on Kubernetes cluster node 3.,"1. Reproduce: High CPU utilization spike during concurrent CSV file parsing
2. Observe result on Kubernetes cluster node 3",Process CSV parsing in async background queue to maintain performance,Server CPU spikes to 100% performance degradation,Staging,Performance,High,P2,Performance
N+1 SQL query loop in list view degrades page load performance (intermittently after session timeout),Looping over table records triggers 150 individual SQL queries degrading performance. Note: Defect was verified intermittently after session timeout.,"1. Reproduce: N+1 SQL query loop in list view degrades page load performance
2. Observe result intermittently after session timeout",Use eager loading SQL joins for page performance,150 separate queries degrade load performance,Development,Performance,Medium,P3,Performance
Unused JavaScript bundle assets increase page load time (after v1.4 patch release),Legacy library dependencies included in main production bundle slowing performance. Note: Defect was verified after v1.4 patch release.,"1. Reproduce: Unused JavaScript bundle assets increase page load time
2. Observe result after v1.4 patch release",Tree-shake unused script files for optimal frontend performance,Bundle size 50KB larger than optimal performance benchmark,Production,Performance,Low,P4,Performance
Multi-Factor Authentication MFA bypass via direct login route (observed in staging deployment),Navigating directly to protected URL skips mandatory MFA passcode prompt during authentication. Note: Defect was verified observed in staging deployment.,"1. Reproduce: Multi-Factor Authentication MFA bypass via direct login route
2. Observe result observed in staging deployment",Enforce MFA authentication before issuing access token,Bypasses authentication MFA verification check,Staging,Authentication,Critical,P1,Authentication
OAuth2 SSO authentication callback loop state mismatch (after v1.4 patch release),Single Sign-On SSO authentication redirect fails for Azure AD login users. Note: Defect was verified after v1.4 patch release.,"1. Reproduce: OAuth2 SSO authentication callback loop state mismatch
2. Observe result after v1.4 patch release",Validate SSO authentication state token cleanly,Authentication redirect loop with 403 error,Staging,Authentication,High,P2,Authentication
Password reset token does not expire after single redemption (observed in staging deployment),Password reset link remains active for authentication multiple times. Note: Defect was verified observed in staging deployment.,"1. Reproduce: Password reset token does not expire after single redemption
2. Observe result observed in staging deployment",Invalidate password reset token after single authentication use,Reset token re-usable for 24 hours,Production,Authentication,Medium,P3,Authentication
Login form password input field missing autocomplete attribute (during load test run),Password manager browser extension fails to auto-fill authentication password field. Note: Defect was verified during load test run.,"1. Reproduce: Login form password input field missing autocomplete attribute
2. Observe result during load test run",Set autocomplete='current-password' for authentication UX,Password manager fails to detect field,Development,Authentication,Low,P4,Authentication
HTTP 504 Gateway Timeout on microservice network proxy (when running background cron job),Network API gateway proxy drops inbound requests taking longer than 30 seconds. Note: Defect was verified when running background cron job.,"1. Reproduce: HTTP 504 Gateway Timeout on microservice network proxy
2. Observe result when running background cron job",Maintain network proxy connection for long requests,Network proxy returns 504 Gateway Timeout,Production,Network,Critical,P1,Network
WebSocket live stream network connection drops every 60 seconds (when running background cron job),Missing network ping heartbeat ping causes reverse proxy to terminate socket connection. Note: Defect was verified when running background cron job.,"1. Reproduce: WebSocket live stream network connection drops every 60 seconds
2. Observe result when running background cron job",Send periodic WebSocket network keep-alive ping,Network socket connection closes with code 1006,Development,Network,High,P2,Network
CORS preflight network request fails on custom HTTP headers (in microservice container),OPTIONS network request returns 403 Forbidden due to missing Access-Control header. Note: Defect was verified in microservice container.,"1. Reproduce: CORS preflight network request fails on custom HTTP headers
2. Observe result in microservice container",Allow custom headers in CORS network handler,Browser blocks cross-origin network API request,Production,Network,Medium,P3,Network
DNS lookup retry delay adds 150ms latency to network calls (during load test run),Secondary DNS network resolver lookup retries before resolving hostname. Note: Defect was verified during load test run.,"1. Reproduce: DNS lookup retry delay adds 150ms latency to network calls
2. Observe result during load test run",Fast primary DNS network resolution under 10ms,Intermittent 150ms network delay,Development,Network,Low,P4,Network
Modal dialog close button unclickable on mobile viewport UI/UX (when running background cron job),Modal close button positioned outside viewport UI/UX touch boundary. Note: Defect was verified when running background cron job.,"1. Reproduce: Modal dialog close button unclickable on mobile viewport UI/UX
2. Observe result when running background cron job",Responsive UI/UX modal bounds with accessible tap target,User stuck on modal UI/UX screen,Production,UI/UX,Critical,P1,UI/UX
Filter dropdown selected values fail to clear on reset UI/UX click (when running background cron job),Clicking Clear Filters resets text but leaves dropdown selection active in UI/UX state. Note: Defect was verified when running background cron job.,"1. Reproduce: Filter dropdown selected values fail to clear on reset UI/UX click
2. Observe result when running background cron job",Reset all UI/UX filter components to default state,Dropdown selection remains active in UI/UX state,Development,UI/UX,High,P2,UI/UX
Dark mode text contrast ratio fails accessibility UI/UX guidelines (intermittently after session timeout),Muted gray text on dark background has insufficient contrast ratio in UI/UX theme. Note: Defect was verified intermittently after session timeout.,"1. Reproduce: Dark mode text contrast ratio fails accessibility UI/UX guidelines
2. Observe result intermittently after session timeout",Maintain WCAG AAA contrast ratio 4.5:1 for UI/UX,Text illegible in dark UI/UX theme,Staging,UI/UX,Medium,P3,UI/UX
User avatar image renders broken placeholder icon on CDN UI/UX 404 (under high concurrent traffic),Broken image icon rendered when user profile picture URL fails in UI/UX. Note: Defect was verified under high concurrent traffic.,"1. Reproduce: User avatar image renders broken placeholder icon on CDN UI/UX 404
2. Observe result under high concurrent traffic",Render fallback initial avatar icon in UI/UX,Broken image placeholder shown in UI/UX layout,Development,UI/UX,Low,P4,UI/UX
Bulk delete functional action removes wrong record IDs (in microservice container),Select all functional checkbox maps array index instead of database record ID. Note: Defect was verified in microservice container.,"1. Reproduce: Bulk delete functional action removes wrong record IDs
2. Observe result in microservice container",Execute functional deletion on selected database IDs only,Deletes wrong database records in functional execution,Production,General,Critical,P1,Functional
Incorrect functional pagination item count displayed on table footer (during load test run),Footer displays total count from unfiltered dataset after applying functional search. Note: Defect was verified during load test run.,"1. Reproduce: Incorrect functional pagination item count displayed on table footer
2. Observe result during load test run",Update functional item count to match active search filter,Displays stale total count in table functional footer,Production,General,High,P2,Functional
Export CSV functional feature truncates descriptions with commas (on mobile Safari browser),CSV functional generator fails to wrap string values in double quotes. Note: Defect was verified on mobile Safari browser.,"1. Reproduce: Export CSV functional feature truncates descriptions with commas
2. Observe result on mobile Safari browser",Escape commas in CSV functional export,Splits text across columns in functional export,Production,General,Medium,P3,Functional
Date picker functional filter applies timezone offset incorrectly (when running background cron job),Selecting start date converts time to UTC shifting selected functional day. Note: Defect was verified when running background cron job.,"1. Reproduce: Date picker functional filter applies timezone offset incorrectly
2. Observe result when running background cron job",Preserve selected date string in functional filter,Shifts selected date by -1 day in functional query,Production,General,Low,P4,Functional
Zapier webhook integration pipeline drops sync events (after v1.4 patch release),Data integration sync pipeline fails to retry dropped HTTP events under failure. Note: Defect was verified after v1.4 patch release.,"1. Reproduce: Zapier webhook integration pipeline drops sync events
2. Observe result after v1.4 patch release",Guaranteed event delivery across integration pipeline,Integration sync events silently lost,Production,Integration,Critical,P1,Integration
Third-party REST integration API rate limit returns 429 error (after v1.4 patch release),Exceeding vendor API quota throws uncaught integration exception in worker queue. Note: Defect was verified after v1.4 patch release.,"1. Reproduce: Third-party REST integration API rate limit returns 429 error
2. Observe result after v1.4 patch release",Implement exponential backoff retry in integration client,Integration worker process crashes,Development,Integration,High,P2,Integration
Jira issue integration sync fails on custom field schema mismatch (intermittently after session timeout),Custom field value formatting causes Jira integration REST API validation error. Note: Defect was verified intermittently after session timeout.,"1. Reproduce: Jira issue integration sync fails on custom field schema mismatch
2. Observe result intermittently after session timeout",Format payload according to Jira integration spec,Jira integration sync fails,Development,Integration,Medium,P3,Integration
Slack webhook integration notification fails when title contains quotes (under high concurrent traffic),Unescaped double quotes in bug title break Slack integration JSON payload. Note: Defect was verified under high concurrent traffic.,"1. Reproduce: Slack webhook integration notification fails when title contains quotes
2. Observe result under high concurrent traffic",Sanitize JSON payload strings for integration webhook,Slack integration notification fails,Production,Integration,Low,P4,Integration
Cron job scheduler thread deadlocks halting automated tasks (during load test run),Shared lock between scheduled tasks causes task runner service to stall. Note: Defect was verified during load test run.,"1. Reproduce: Cron job scheduler thread deadlocks halting automated tasks
2. Observe result during load test run",Isolated task execution threads for background jobs,Cron scheduler completely stops execution,Production,General,Critical,P1,Other
Email notification sender address rejected by SPF DMARC policy (observed in staging deployment),Outbound transaction email missing valid DKIM signature in mail header. Note: Defect was verified observed in staging deployment.,"1. Reproduce: Email notification sender address rejected by SPF DMARC policy
2. Observe result observed in staging deployment",Send authenticated email headers with DKIM signature,Notification emails marked as spam,Staging,General,High,P2,Other
Help center documentation search returns 500 on special characters (under high concurrent traffic),Searching documentation with quotes throws unhandled server exception. Note: Defect was verified under high concurrent traffic.,"1. Reproduce: Help center documentation search returns 500 on special characters
2. Observe result under high concurrent traffic",Sanitize search input terms in documentation portal,500 Internal Server Error,Development,General,Medium,P3,Other
Typo in assignment notification email subject header text (when running background cron job),Notification email subject contains spelling error: 'Bug Assignned'. Note: Defect was verified when running background cron job.,"1. Reproduce: Typo in assignment notification email subject header text
2. Observe result when running background cron job",Correct spelling: 'Bug Assigned',Displays 'Assignned' with double n,Staging,General,Low,P4,Other
SQL Injection security vulnerability in login authentication field (after v1.4 patch release),Unsanitized user input in security field allows unauthenticated SQL injection exploit against user database. Note: Defect was verified after v1.4 patch release.,"1. Reproduce: SQL Injection security vulnerability in login authentication field
2. Observe result after v1.4 patch release",Security input sanitization and SQL parameterization should block injection payload,Security authentication check bypassed allowing unauthorized access,Production,Security,Critical,P1,Security
Cross-Site Scripting XSS security vulnerability in comment box (on Kubernetes cluster node 3),Stored XSS security vulnerability executes arbitrary JavaScript in victim browser session. Note: Defect was verified on Kubernetes cluster node 3.,"1. Reproduce: Cross-Site Scripting XSS security vulnerability in comment box
2. Observe result on Kubernetes cluster node 3",Security HTML tag escaping should sanitize XSS payload,Malicious XSS script tag executes on profile page,Staging,Security,High,P2,Security
Missing security HTTP Content-Security-Policy headers (under high concurrent traffic),Application security response headers lack CSP protection against frame injection. Note: Defect was verified under high concurrent traffic.,"1. Reproduce: Missing security HTTP Content-Security-Policy headers
2. Observe result under high concurrent traffic",Include security response headers CSP and X-Frame-Options,Security response headers missing CSP directives,Production,Security,Medium,P3,Security
Verbose server header leaks proxy security version info (when running background cron job),HTTP Server security response header reveals backend proxy version string. Note: Defect was verified when running background cron job.,"1. Reproduce: Verbose server header leaks proxy security version info
2. Observe result when running background cron job",Mask security server version strings in production,Header leaks Server version information,Development,Security,Low,P4,Security
Payment gateway deadlock causing duplicate debit charge (during load test run),Concurrent payment checkout requests cause deadlock resulting in double credit card debit. Note: Defect was verified during load test run.,"1. Reproduce: Payment gateway deadlock causing duplicate debit charge
2. Observe result during load test run",Atomic payment transaction lock prevents duplicate charges,Payment fails with 500 error and debits customer twice,Production,Payment,Critical,P1,Payment
Stripe payment API webhook notification signature failure (under high concurrent traffic),Asynchronous payment gateway notification webhook drops checkout completion events. Note: Defect was verified under high concurrent traffic.,"1. Reproduce: Stripe payment API webhook notification signature failure
2. Observe result under high concurrent traffic",Validate Stripe payment webhook signature correctly,Payment status remains pending after credit card charge,Staging,Payment,High,P2,Payment
Currency symbol display mismatch in checkout payment summary (under high concurrent traffic),Payment conversion calculates correctly but displays wrong currency symbol prefix. Note: Defect was verified under high concurrent traffic.,"1. Reproduce: Currency symbol display mismatch in checkout payment summary
2. Observe result under high concurrent traffic",Display correct currency symbol on payment screen,Displays $ instead of EUR symbol for payment total,Production,Payment,Medium,P3,Payment
Saved payment card mask displays 14 visible digits (intermittently after session timeout),Credit card payment mask displays 14 visible digits on account billing page. Note: Defect was verified intermittently after session timeout.,"1. Reproduce: Saved payment card mask displays 14 visible digits
2. Observe result intermittently after session timeout",Mask all but last 4 payment card numbers,Payment card digits exposed on screen,Staging,Payment,Low,P4,Payment
Database connection pool leak exhausts active DB connections (during load test run),Unclosed database ORM sessions leak database connection pool capacity causing API crash. Note: Defect was verified during load test run.,"1. Reproduce: Database connection pool leak exhausts active DB connections
2. Observe result during load test run",Recycle idle database connection pool threads automatically,Database connection pool timeout error,Production,Database,Critical,P1,Database
Missing composite database index causes full table scan (after v1.4 patch release),Database query plan performs full table scan on 10 million database rows. Note: Defect was verified after v1.4 patch release.,"1. Reproduce: Missing composite database index causes full table scan
2. Observe result after v1.4 patch release",Execute database query using composite index under 50ms,Database query latency spikes to 9 seconds,Staging,Database,High,P2,Database
Read replica database synchronization delay lag (under high concurrent traffic),Replication lag on secondary database instance returns stale database records. Note: Defect was verified under high concurrent traffic.,"1. Reproduce: Read replica database synchronization delay lag
2. Observe result under high concurrent traffic",Database replication sync delay under 200ms,Stale database records returned to read query,Staging,Database,Medium,P3,Database
Database migration script outputs deprecated syntax warning (observed in staging deployment),Database schema migration succeeds but logs SQL index syntax warning. Note: Defect was verified observed in staging deployment.,"1. Reproduce: Database migration script outputs deprecated syntax warning
2. Observe result observed in staging deployment",Clean database migration execution logs,Deprecated database index syntax warning logged,Staging,Database,Low,P4,Database
Memory leak during PDF export triggers OOM performance crash (on mobile Safari browser),Exporting PDF documents consumes 4GB heap RAM memory causing OOM performance killer crash. Note: Defect was verified on mobile Safari browser.,"1. Reproduce: Memory leak during PDF export triggers OOM performance crash
2. Observe result on mobile Safari browser",Optimize PDF stream memory allocation under 250MB,Performance crash with OutOfMemory error,Development,Performance,Critical,P1,Performance
High CPU utilization spike during concurrent CSV file parsing (after v1.4 patch release),Parsing 500MB CSV file locks CPU performance threads causing API response lag. Note: Defect was verified after v1.4 patch release.,"1. Reproduce: High CPU utilization spike during concurrent CSV file parsing
2. Observe result after v1.4 patch release",Process CSV parsing in async background queue to maintain performance,Server CPU spikes to 100% performance degradation,Staging,Performance,High,P2,Performance
N+1 SQL query loop in list view degrades page load performance (after v1.4 patch release),Looping over table records triggers 150 individual SQL queries degrading performance. Note: Defect was verified after v1.4 patch release.,"1. Reproduce: N+1 SQL query loop in list view degrades page load performance
2. Observe result after v1.4 patch release",Use eager loading SQL joins for page performance,150 separate queries degrade load performance,Production,Performance,Medium,P3,Performance
Unused JavaScript bundle assets increase page load time (intermittently after session timeout),Legacy library dependencies included in main production bundle slowing performance. Note: Defect was verified intermittently after session timeout.,"1. Reproduce: Unused JavaScript bundle assets increase page load time
2. Observe result intermittently after session timeout",Tree-shake unused script files for optimal frontend performance,Bundle size 50KB larger than optimal performance benchmark,Production,Performance,Low,P4,Performance
Multi-Factor Authentication MFA bypass via direct login route (observed in staging deployment),Navigating directly to protected URL skips mandatory MFA passcode prompt during authentication. Note: Defect was verified observed in staging deployment.,"1. Reproduce: Multi-Factor Authentication MFA bypass via direct login route
2. Observe result observed in staging deployment",Enforce MFA authentication before issuing access token,Bypasses authentication MFA verification check,Staging,Authentication,Critical,P1,Authentication
OAuth2 SSO authentication callback loop state mismatch (observed in staging deployment),Single Sign-On SSO authentication redirect fails for Azure AD login users. Note: Defect was verified observed in staging deployment.,"1. Reproduce: OAuth2 SSO authentication callback loop state mismatch
2. Observe result observed in staging deployment",Validate SSO authentication state token cleanly,Authentication redirect loop with 403 error,Staging,Authentication,High,P2,Authentication
Password reset token does not expire after single redemption (on Kubernetes cluster node 3),Password reset link remains active for authentication multiple times. Note: Defect was verified on Kubernetes cluster node 3.,"1. Reproduce: Password reset token does not expire after single redemption
2. Observe result on Kubernetes cluster node 3",Invalidate password reset token after single authentication use,Reset token re-usable for 24 hours,Staging,Authentication,Medium,P3,Authentication
Login form password input field missing autocomplete attribute (intermittently after session timeout),Password manager browser extension fails to auto-fill authentication password field. Note: Defect was verified intermittently after session timeout.,"1. Reproduce: Login form password input field missing autocomplete attribute
2. Observe result intermittently after session timeout",Set autocomplete='current-password' for authentication UX,Password manager fails to detect field,Staging,Authentication,Low,P4,Authentication
HTTP 504 Gateway Timeout on microservice network proxy (on Kubernetes cluster node 3),Network API gateway proxy drops inbound requests taking longer than 30 seconds. Note: Defect was verified on Kubernetes cluster node 3.,"1. Reproduce: HTTP 504 Gateway Timeout on microservice network proxy
2. Observe result on Kubernetes cluster node 3",Maintain network proxy connection for long requests,Network proxy returns 504 Gateway Timeout,Development,Network,Critical,P1,Network
WebSocket live stream network connection drops every 60 seconds (on mobile Safari browser),Missing network ping heartbeat ping causes reverse proxy to terminate socket connection. Note: Defect was verified on mobile Safari browser.,"1. Reproduce: WebSocket live stream network connection drops every 60 seconds
2. Observe result on mobile Safari browser",Send periodic WebSocket network keep-alive ping,Network socket connection closes with code 1006,Staging,Network,High,P2,Network
CORS preflight network request fails on custom HTTP headers (under high concurrent traffic),OPTIONS network request returns 403 Forbidden due to missing Access-Control header. Note: Defect was verified under high concurrent traffic.,"1. Reproduce: CORS preflight network request fails on custom HTTP headers
2. Observe result under high concurrent traffic",Allow custom headers in CORS network handler,Browser blocks cross-origin network API request,Development,Network,Medium,P3,Network
DNS lookup retry delay adds 150ms latency to network calls (intermittently after session timeout),Secondary DNS network resolver lookup retries before resolving hostname. Note: Defect was verified intermittently after session timeout.,"1. Reproduce: DNS lookup retry delay adds 150ms latency to network calls
2. Observe result intermittently after session timeout",Fast primary DNS network resolution under 10ms,Intermittent 150ms network delay,Staging,Network,Low,P4,Network
Modal dialog close button unclickable on mobile viewport UI/UX (after v1.4 patch release),Modal close button positioned outside viewport UI/UX touch boundary. Note: Defect was verified after v1.4 patch release.,"1. Reproduce: Modal dialog close button unclickable on mobile viewport UI/UX
2. Observe result after v1.4 patch release",Responsive UI/UX modal bounds with accessible tap target,User stuck on modal UI/UX screen,Development,UI/UX,Critical,P1,UI/UX
Filter dropdown selected values fail to clear on reset UI/UX click (intermittently after session timeout),Clicking Clear Filters resets text but leaves dropdown selection active in UI/UX state. Note: Defect was verified intermittently after session timeout.,"1. Reproduce: Filter dropdown selected values fail to clear on reset UI/UX click
2. Observe result intermittently after session timeout",Reset all UI/UX filter components to default state,Dropdown selection remains active in UI/UX state,Development,UI/UX,High,P2,UI/UX
Dark mode text contrast ratio fails accessibility UI/UX guidelines (after v1.4 patch release),Muted gray text on dark background has insufficient contrast ratio in UI/UX theme. Note: Defect was verified after v1.4 patch release.,"1. Reproduce: Dark mode text contrast ratio fails accessibility UI/UX guidelines
2. Observe result after v1.4 patch release",Maintain WCAG AAA contrast ratio 4.5:1 for UI/UX,Text illegible in dark UI/UX theme,Staging,UI/UX,Medium,P3,UI/UX
User avatar image renders broken placeholder icon on CDN UI/UX 404 (during load test run),Broken image icon rendered when user profile picture URL fails in UI/UX. Note: Defect was verified during load test run.,"1. Reproduce: User avatar image renders broken placeholder icon on CDN UI/UX 404
2. Observe result during load test run",Render fallback initial avatar icon in UI/UX,Broken image placeholder shown in UI/UX layout,Staging,UI/UX,Low,P4,UI/UX
Bulk delete functional action removes wrong record IDs (intermittently after session timeout),Select all functional checkbox maps array index instead of database record ID. Note: Defect was verified intermittently after session timeout.,"1. Reproduce: Bulk delete functional action removes wrong record IDs
2. Observe result intermittently after session timeout",Execute functional deletion on selected database IDs only,Deletes wrong database records in functional execution,Staging,General,Critical,P1,Functional
Incorrect functional pagination item count displayed on table footer (on Kubernetes cluster node 3),Footer displays total count from unfiltered dataset after applying functional search. Note: Defect was verified on Kubernetes cluster node 3.,"1. Reproduce: Incorrect functional pagination item count displayed on table footer
2. Observe result on Kubernetes cluster node 3",Update functional item count to match active search filter,Displays stale total count in table functional footer,Production,General,High,P2,Functional
Export CSV functional feature truncates descriptions with commas (when running background cron job),CSV functional generator fails to wrap string values in double quotes. Note: Defect was verified when running background cron job.,"1. Reproduce: Export CSV functional feature truncates descriptions with commas
2. Observe result when running background cron job",Escape commas in CSV functional export,Splits text across columns in functional export,Development,General,Medium,P3,Functional
Date picker functional filter applies timezone offset incorrectly (on Kubernetes cluster node 3),Selecting start date converts time to UTC shifting selected functional day. Note: Defect was verified on Kubernetes cluster node 3.,"1. Reproduce: Date picker functional filter applies timezone offset incorrectly
2. Observe result on Kubernetes cluster node 3",Preserve selected date string in functional filter,Shifts selected date by -1 day in functional query,Development,General,Low,P4,Functional
Zapier webhook integration pipeline drops sync events (when running background cron job),Data integration sync pipeline fails to retry dropped HTTP events under failure. Note: Defect was verified when running background cron job.,"1. Reproduce: Zapier webhook integration pipeline drops sync events
2. Observe result when running background cron job",Guaranteed event delivery across integration pipeline,Integration sync events silently lost,Staging,Integration,Critical,P1,Integration
Third-party REST integration API rate limit returns 429 error (intermittently after session timeout),Exceeding vendor API quota throws uncaught integration exception in worker queue. Note: Defect was verified intermittently after session timeout.,"1. Reproduce: Third-party REST integration API rate limit returns 429 error
2. Observe result intermittently after session timeout",Implement exponential backoff retry in integration client,Integration worker process crashes,Production,Integration,High,P2,Integration
Jira issue integration sync fails on custom field schema mismatch (observed in staging deployment),Custom field value formatting causes Jira integration REST API validation error. Note: Defect was verified observed in staging deployment.,"1. Reproduce: Jira issue integration sync fails on custom field schema mismatch
2. Observe result observed in staging deployment",Format payload according to Jira integration spec,Jira integration sync fails,Staging,Integration,Medium,P3,Integration
Slack webhook integration notification fails when title contains quotes (during load test run),Unescaped double quotes in bug title break Slack integration JSON payload. Note: Defect was verified during load test run.,"1. Reproduce: Slack webhook integration notification fails when title contains quotes
2. Observe result during load test run",Sanitize JSON payload strings for integration webhook,Slack integration notification fails,Production,Integration,Low,P4,Integration
Cron job scheduler thread deadlocks halting automated tasks (on Kubernetes cluster node 3),Shared lock between scheduled tasks causes task runner service to stall. Note: Defect was verified on Kubernetes cluster node 3.,"1. Reproduce: Cron job scheduler thread deadlocks halting automated tasks
2. Observe result on Kubernetes cluster node 3",Isolated task execution threads for background jobs,Cron scheduler completely stops execution,Production,General,Critical,P1,Other
Email notification sender address rejected by SPF DMARC policy (after v1.4 patch release),Outbound transaction email missing valid DKIM signature in mail header. Note: Defect was verified after v1.4 patch release.,"1. Reproduce: Email notification sender address rejected by SPF DMARC policy
2. Observe result after v1.4 patch release",Send authenticated email headers with DKIM signature,Notification emails marked as spam,Production,General,High,P2,Other
Help center documentation search returns 500 on special characters (observed in staging deployment),Searching documentation with quotes throws unhandled server exception. Note: Defect was verified observed in staging deployment.,"1. Reproduce: Help center documentation search returns 500 on special characters
2. Observe result observed in staging deployment",Sanitize search input terms in documentation portal,500 Internal Server Error,Development,General,Medium,P3,Other
Typo in assignment notification email subject header text (on mobile Safari browser),Notification email subject contains spelling error: 'Bug Assignned'. Note: Defect was verified on mobile Safari browser.,"1. Reproduce: Typo in assignment notification email subject header text
2. Observe result on mobile Safari browser",Correct spelling: 'Bug Assigned',Displays 'Assignned' with double n,Production,General,Low,P4,Other
SQL Injection security vulnerability in login authentication field (intermittently after session timeout),Unsanitized user input in security field allows unauthenticated SQL injection exploit against user database. Note: Defect was verified intermittently after session timeout.,"1. Reproduce: SQL Injection security vulnerability in login authentication field
2. Observe result intermittently after session timeout",Security input sanitization and SQL parameterization should block injection payload,Security authentication check bypassed allowing unauthorized access,Staging,Security,Critical,P1,Security
Cross-Site Scripting XSS security vulnerability in comment box (on Kubernetes cluster node 3),Stored XSS security vulnerability executes arbitrary JavaScript in victim browser session. Note: Defect was verified on Kubernetes cluster node 3.,"1. Reproduce: Cross-Site Scripting XSS security vulnerability in comment box
2. Observe result on Kubernetes cluster node 3",Security HTML tag escaping should sanitize XSS payload,Malicious XSS script tag executes on profile page,Production,Security,High,P2,Security
Missing security HTTP Content-Security-Policy headers (during load test run),Application security response headers lack CSP protection against frame injection. Note: Defect was verified during load test run.,"1. Reproduce: Missing security HTTP Content-Security-Policy headers
2. Observe result during load test run",Include security response headers CSP and X-Frame-Options,Security response headers missing CSP directives,Development,Security,Medium,P3,Security
Verbose server header leaks proxy security version info (intermittently after session timeout),HTTP Server security response header reveals backend proxy version string. Note: Defect was verified intermittently after session timeout.,"1. Reproduce: Verbose server header leaks proxy security version info
2. Observe result intermittently after session timeout",Mask security server version strings in production,Header leaks Server version information,Development,Security,Low,P4,Security
Payment gateway deadlock causing duplicate debit charge (when running background cron job),Concurrent payment checkout requests cause deadlock resulting in double credit card debit. Note: Defect was verified when running background cron job.,"1. Reproduce: Payment gateway deadlock causing duplicate debit charge
2. Observe result when running background cron job",Atomic payment transaction lock prevents duplicate charges,Payment fails with 500 error and debits customer twice,Development,Payment,Critical,P1,Payment
Stripe payment API webhook notification signature failure (in microservice container),Asynchronous payment gateway notification webhook drops checkout completion events. Note: Defect was verified in microservice container.,"1. Reproduce: Stripe payment API webhook notification signature failure
2. Observe result in microservice container",Validate Stripe payment webhook signature correctly,Payment status remains pending after credit card charge,Staging,Payment,High,P2,Payment
Currency symbol display mismatch in checkout payment summary (intermittently after session timeout),Payment conversion calculates correctly but displays wrong currency symbol prefix. Note: Defect was verified intermittently after session timeout.,"1. Reproduce: Currency symbol display mismatch in checkout payment summary
2. Observe result intermittently after session timeout",Display correct currency symbol on payment screen,Displays $ instead of EUR symbol for payment total,Development,Payment,Medium,P3,Payment
Saved payment card mask displays 14 visible digits (observed in staging deployment),Credit card payment mask displays 14 visible digits on account billing page. Note: Defect was verified observed in staging deployment.,"1. Reproduce: Saved payment card mask displays 14 visible digits
2. Observe result observed in staging deployment",Mask all but last 4 payment card numbers,Payment card digits exposed on screen,Production,Payment,Low,P4,Payment
Database connection pool leak exhausts active DB connections (intermittently after session timeout),Unclosed database ORM sessions leak database connection pool capacity causing API crash. Note: Defect was verified intermittently after session timeout.,"1. Reproduce: Database connection pool leak exhausts active DB connections
2. Observe result intermittently after session timeout",Recycle idle database connection pool threads automatically,Database connection pool timeout error,Production,Database,Critical,P1,Database
Missing composite database index causes full table scan (when running background cron job),Database query plan performs full table scan on 10 million database rows. Note: Defect was verified when running background cron job.,"1. Reproduce: Missing composite database index causes full table scan
2. Observe result when running background cron job",Execute database query using composite index under 50ms,Database query latency spikes to 9 seconds,Development,Database,High,P2,Database
Read replica database synchronization delay lag (during load test run),Replication lag on secondary database instance returns stale database records. Note: Defect was verified during load test run.,"1. Reproduce: Read replica database synchronization delay lag
2. Observe result during load test run",Database replication sync delay under 200ms,Stale database records returned to read query,Staging,Database,Medium,P3,Database
Database migration script outputs deprecated syntax warning (under high concurrent traffic),Database schema migration succeeds but logs SQL index syntax warning. Note: Defect was verified under high concurrent traffic.,"1. Reproduce: Database migration script outputs deprecated syntax warning
2. Observe result under high concurrent traffic",Clean database migration execution logs,Deprecated database index syntax warning logged,Production,Database,Low,P4,Database
Memory leak during PDF export triggers OOM performance crash (on mobile Safari browser),Exporting PDF documents consumes 4GB heap RAM memory causing OOM performance killer crash. Note: Defect was verified on mobile Safari browser.,"1. Reproduce: Memory leak during PDF export triggers OOM performance crash
2. Observe result on mobile Safari browser",Optimize PDF stream memory allocation under 250MB,Performance crash with OutOfMemory error,Production,Performance,Critical,P1,Performance
High CPU utilization spike during concurrent CSV file parsing (on Kubernetes cluster node 3),Parsing 500MB CSV file locks CPU performance threads causing API response lag. Note: Defect was verified on Kubernetes cluster node 3.,"1. Reproduce: High CPU utilization spike during concurrent CSV file parsing
2. Observe result on Kubernetes cluster node 3",Process CSV parsing in async background queue to maintain performance,Server CPU spikes to 100% performance degradation,Production,Performance,High,P2,Performance
N+1 SQL query loop in list view degrades page load performance (in microservice container),Looping over table records triggers 150 individual SQL queries degrading performance. Note: Defect was verified in microservice container.,"1. Reproduce: N+1 SQL query loop in list view degrades page load performance
2. Observe result in microservice container",Use eager loading SQL joins for page performance,150 separate queries degrade load performance,Development,Performance,Medium,P3,Performance
Unused JavaScript bundle assets increase page load time (observed in staging deployment),Legacy library dependencies included in main production bundle slowing performance. Note: Defect was verified observed in staging deployment.,"1. Reproduce: Unused JavaScript bundle assets increase page load time
2. Observe result observed in staging deployment",Tree-shake unused script files for optimal frontend performance,Bundle size 50KB larger than optimal performance benchmark,Development,Performance,Low,P4,Performance
Multi-Factor Authentication MFA bypass via direct login route (when running background cron job),Navigating directly to protected URL skips mandatory MFA passcode prompt during authentication. Note: Defect was verified when running background cron job.,"1. Reproduce: Multi-Factor Authentication MFA bypass via direct login route
2. Observe result when running background cron job",Enforce MFA authentication before issuing access token,Bypasses authentication MFA verification check,Development,Authentication,Critical,P1,Authentication
OAuth2 SSO authentication callback loop state mismatch (on Kubernetes cluster node 3),Single Sign-On SSO authentication redirect fails for Azure AD login users. Note: Defect was verified on Kubernetes cluster node 3.,"1. Reproduce: OAuth2 SSO authentication callback loop state mismatch
2. Observe result on Kubernetes cluster node 3",Validate SSO authentication state token cleanly,Authentication redirect loop with 403 error,Production,Authentication,High,P2,Authentication
Password reset token does not expire after single redemption (in microservice container),Password reset link remains active for authentication multiple times. Note: Defect was verified in microservice container.,"1. Reproduce: Password reset token does not expire after single redemption
2. Observe result in microservice container",Invalidate password reset token after single authentication use,Reset token re-usable for 24 hours,Staging,Authentication,Medium,P3,Authentication
Login form password input field missing autocomplete attribute (on mobile Safari browser),Password manager browser extension fails to auto-fill authentication password field. Note: Defect was verified on mobile Safari browser.,"1. Reproduce: Login form password input field missing autocomplete attribute
2. Observe result on mobile Safari browser",Set autocomplete='current-password' for authentication UX,Password manager fails to detect field,Staging,Authentication,Low,P4,Authentication
HTTP 504 Gateway Timeout on microservice network proxy (under high concurrent traffic),Network API gateway proxy drops inbound requests taking longer than 30 seconds. Note: Defect was verified under high concurrent traffic.,"1. Reproduce: HTTP 504 Gateway Timeout on microservice network proxy
2. Observe result under high concurrent traffic",Maintain network proxy connection for long requests,Network proxy returns 504 Gateway Timeout,Production,Network,Critical,P1,Network
WebSocket live stream network connection drops every 60 seconds (under high concurrent traffic),Missing network ping heartbeat ping causes reverse proxy to terminate socket connection. Note: Defect was verified under high concurrent traffic.,"1. Reproduce: WebSocket live stream network connection drops every 60 seconds
2. Observe result under high concurrent traffic",Send periodic WebSocket network keep-alive ping,Network socket connection closes with code 1006,Production,Network,High,P2,Network
CORS preflight network request fails on custom HTTP headers (when running background cron job),OPTIONS network request returns 403 Forbidden due to missing Access-Control header. Note: Defect was verified when running background cron job.,"1. Reproduce: CORS preflight network request fails on custom HTTP headers
2. Observe result when running background cron job",Allow custom headers in CORS network handler,Browser blocks cross-origin network API request,Development,Network,Medium,P3,Network
DNS lookup retry delay adds 150ms latency to network calls (in microservice container),Secondary DNS network resolver lookup retries before resolving hostname. Note: Defect was verified in microservice container.,"1. Reproduce: DNS lookup retry delay adds 150ms latency to network calls
2. Observe result in microservice container",Fast primary DNS network resolution under 10ms,Intermittent 150ms network delay,Development,Network,Low,P4,Network
Modal dialog close button unclickable on mobile viewport UI/UX (under high concurrent traffic),Modal close button positioned outside viewport UI/UX touch boundary. Note: Defect was verified under high concurrent traffic.,"1. Reproduce: Modal dialog close button unclickable on mobile viewport UI/UX
2. Observe result under high concurrent traffic",Responsive UI/UX modal bounds with accessible tap target,User stuck on modal UI/UX screen,Production,UI/UX,Critical,P1,UI/UX
Filter dropdown selected values fail to clear on reset UI/UX click (observed in staging deployment),Clicking Clear Filters resets text but leaves dropdown selection active in UI/UX state. Note: Defect was verified observed in staging deployment.,"1. Reproduce: Filter dropdown selected values fail to clear on reset UI/UX click
2. Observe result observed in staging deployment",Reset all UI/UX filter components to default state,Dropdown selection remains active in UI/UX state,Staging,UI/UX,High,P2,UI/UX
Dark mode text contrast ratio fails accessibility UI/UX guidelines (when running background cron job),Muted gray text on dark background has insufficient contrast ratio in UI/UX theme. Note: Defect was verified when running background cron job.,"1. Reproduce: Dark mode text contrast ratio fails accessibility UI/UX guidelines
2. Observe result when running background cron job",Maintain WCAG AAA contrast ratio 4.5:1 for UI/UX,Text illegible in dark UI/UX theme,Production,UI/UX,Medium,P3,UI/UX
User avatar image renders broken placeholder icon on CDN UI/UX 404 (observed in staging deployment),Broken image icon rendered when user profile picture URL fails in UI/UX. Note: Defect was verified observed in staging deployment.,"1. Reproduce: User avatar image renders broken placeholder icon on CDN UI/UX 404
2. Observe result observed in staging deployment",Render fallback initial avatar icon in UI/UX,Broken image placeholder shown in UI/UX layout,Staging,UI/UX,Low,P4,UI/UX
Bulk delete functional action removes wrong record IDs (intermittently after session timeout),Select all functional checkbox maps array index instead of database record ID. Note: Defect was verified intermittently after session timeout.,"1. Reproduce: Bulk delete functional action removes wrong record IDs
2. Observe result intermittently after session timeout",Execute functional deletion on selected database IDs only,Deletes wrong database records in functional execution,Production,General,Critical,P1,Functional
Incorrect functional pagination item count displayed on table footer (during load test run),Footer displays total count from unfiltered dataset after applying functional search. Note: Defect was verified during load test run.,"1. Reproduce: Incorrect functional pagination item count displayed on table footer
2. Observe result during load test run",Update functional item count to match active search filter,Displays stale total count in table functional footer,Production,General,High,P2,Functional
Export CSV functional feature truncates descriptions with commas (observed in staging deployment),CSV functional generator fails to wrap string values in double quotes. Note: Defect was verified observed in staging deployment.,"1. Reproduce: Export CSV functional feature truncates descriptions with commas
2. Observe result observed in staging deployment",Escape commas in CSV functional export,Splits text across columns in functional export,Staging,General,Medium,P3,Functional
Date picker functional filter applies timezone offset incorrectly (on mobile Safari browser),Selecting start date converts time to UTC shifting selected functional day. Note: Defect was verified on mobile Safari browser.,"1. Reproduce: Date picker functional filter applies timezone offset incorrectly
2. Observe result on mobile Safari browser",Preserve selected date string in functional filter,Shifts selected date by -1 day in functional query,Production,General,Low,P4,Functional
Zapier webhook integration pipeline drops sync events (in microservice container),Data integration sync pipeline fails to retry dropped HTTP events under failure. Note: Defect was verified in microservice container.,"1. Reproduce: Zapier webhook integration pipeline drops sync events
2. Observe result in microservice container",Guaranteed event delivery across integration pipeline,Integration sync events silently lost,Production,Integration,Critical,P1,Integration
Third-party REST integration API rate limit returns 429 error (on mobile Safari browser),Exceeding vendor API quota throws uncaught integration exception in worker queue. Note: Defect was verified on mobile Safari browser.,"1. Reproduce: Third-party REST integration API rate limit returns 429 error
2. Observe result on mobile Safari browser",Implement exponential backoff retry in integration client,Integration worker process crashes,Production,Integration,High,P2,Integration
Jira issue integration sync fails on custom field schema mismatch (intermittently after session timeout),Custom field value formatting causes Jira integration REST API validation error. Note: Defect was verified intermittently after session timeout.,"1. Reproduce: Jira issue integration sync fails on custom field schema mismatch
2. Observe result intermittently after session timeout",Format payload according to Jira integration spec,Jira integration sync fails,Production,Integration,Medium,P3,Integration
Slack webhook integration notification fails when title contains quotes (during load test run),Unescaped double quotes in bug title break Slack integration JSON payload. Note: Defect was verified during load test run.,"1. Reproduce: Slack webhook integration notification fails when title contains quotes
2. Observe result during load test run",Sanitize JSON payload strings for integration webhook,Slack integration notification fails,Staging,Integration,Low,P4,Integration
Cron job scheduler thread deadlocks halting automated tasks (intermittently after session timeout),Shared lock between scheduled tasks causes task runner service to stall. Note: Defect was verified intermittently after session timeout.,"1. Reproduce: Cron job scheduler thread deadlocks halting automated tasks
2. Observe result intermittently after session timeout",Isolated task execution threads for background jobs,Cron scheduler completely stops execution,Staging,General,Critical,P1,Other
Email notification sender address rejected by SPF DMARC policy (intermittently after session timeout),Outbound transaction email missing valid DKIM signature in mail header. Note: Defect was verified intermittently after session timeout.,"1. Reproduce: Email notification sender address rejected by SPF DMARC policy
2. Observe result intermittently after session timeout",Send authenticated email headers with DKIM signature,Notification emails marked as spam,Development,General,High,P2,Other
Help center documentation search returns 500 on special characters (when running background cron job),Searching documentation with quotes throws unhandled server exception. Note: Defect was verified when running background cron job.,"1. Reproduce: Help center documentation search returns 500 on special characters
2. Observe result when running background cron job",Sanitize search input terms in documentation portal,500 Internal Server Error,Production,General,Medium,P3,Other
Typo in assignment notification email subject header text (on Kubernetes cluster node 3),Notification email subject contains spelling error: 'Bug Assignned'. Note: Defect was verified on Kubernetes cluster node 3.,"1. Reproduce: Typo in assignment notification email subject header text
2. Observe result on Kubernetes cluster node 3",Correct spelling: 'Bug Assigned',Displays 'Assignned' with double n,Production,General,Low,P4,Other
SQL Injection security vulnerability in login authentication field (intermittently after session timeout),Unsanitized user input in security field allows unauthenticated SQL injection exploit against user database. Note: Defect was verified intermittently after session timeout.,"1. Reproduce: SQL Injection security vulnerability in login authentication field
2. Observe result intermittently after session timeout",Security input sanitization and SQL parameterization should block injection payload,Security authentication check bypassed allowing unauthorized access,Staging,Security,Critical,P1,Security
Cross-Site Scripting XSS security vulnerability in comment box (during load test run),Stored XSS security vulnerability executes arbitrary JavaScript in victim browser session. Note: Defect was verified during load test run.,"1. Reproduce: Cross-Site Scripting XSS security vulnerability in comment box
2. Observe result during load test run",Security HTML tag escaping should sanitize XSS payload,Malicious XSS script tag executes on profile page,Production,Security,High,P2,Security
Missing security HTTP Content-Security-Policy headers (in microservice container),Application security response headers lack CSP protection against frame injection. Note: Defect was verified in microservice container.,"1. Reproduce: Missing security HTTP Content-Security-Policy headers
2. Observe result in microservice container",Include security response headers CSP and X-Frame-Options,Security response headers missing CSP directives,Staging,Security,Medium,P3,Security
Verbose server header leaks proxy security version info (under high concurrent traffic),HTTP Server security response header reveals backend proxy version string. Note: Defect was verified under high concurrent traffic.,"1. Reproduce: Verbose server header leaks proxy security version info
2. Observe result under high concurrent traffic",Mask security server version strings in production,Header leaks Server version information,Development,Security,Low,P4,Security
Payment gateway deadlock causing duplicate debit charge (when running background cron job),Concurrent payment checkout requests cause deadlock resulting in double credit card debit. Note: Defect was verified when running background cron job.,"1. Reproduce: Payment gateway deadlock causing duplicate debit charge
2. Observe result when running background cron job",Atomic payment transaction lock prevents duplicate charges,Payment fails with 500 error and debits customer twice,Development,Payment,Critical,P1,Payment
Stripe payment API webhook notification signature failure (on Kubernetes cluster node 3),Asynchronous payment gateway notification webhook drops checkout completion events. Note: Defect was verified on Kubernetes cluster node 3.,"1. Reproduce: Stripe payment API webhook notification signature failure
2. Observe result on Kubernetes cluster node 3",Validate Stripe payment webhook signature correctly,Payment status remains pending after credit card charge,Staging,Payment,High,P2,Payment
Currency symbol display mismatch in checkout payment summary (observed in staging deployment),Payment conversion calculates correctly but displays wrong currency symbol prefix. Note: Defect was verified observed in staging deployment.,"1. Reproduce: Currency symbol display mismatch in checkout payment summary
2. Observe result observed in staging deployment",Display correct currency symbol on payment screen,Displays $ instead of EUR symbol for payment total,Staging,Payment,Medium,P3,Payment
Saved payment card mask displays 14 visible digits (on Kubernetes cluster node 3),Credit card payment mask displays 14 visible digits on account billing page. Note: Defect was verified on Kubernetes cluster node 3.,"1. Reproduce: Saved payment card mask displays 14 visible digits
2. Observe result on Kubernetes cluster node 3",Mask all but last 4 payment card numbers,Payment card digits exposed on screen,Production,Payment,Low,P4,Payment
Database connection pool leak exhausts active DB connections (on mobile Safari browser),Unclosed database ORM sessions leak database connection pool capacity causing API crash. Note: Defect was verified on mobile Safari browser.,"1. Reproduce: Database connection pool leak exhausts active DB connections
2. Observe result on mobile Safari browser",Recycle idle database connection pool threads automatically,Database connection pool timeout error,Staging,Database,Critical,P1,Database
Missing composite database index causes full table scan (on mobile Safari browser),Database query plan performs full table scan on 10 million database rows. Note: Defect was verified on mobile Safari browser.,"1. Reproduce: Missing composite database index causes full table scan
2. Observe result on mobile Safari browser",Execute database query using composite index under 50ms,Database query latency spikes to 9 seconds,Development,Database,High,P2,Database
Read replica database synchronization delay lag (during load test run),Replication lag on secondary database instance returns stale database records. Note: Defect was verified during load test run.,"1. Reproduce: Read replica database synchronization delay lag
2. Observe result during load test run",Database replication sync delay under 200ms,Stale database records returned to read query,Development,Database,Medium,P3,Database
Database migration script outputs deprecated syntax warning (during load test run),Database schema migration succeeds but logs SQL index syntax warning. Note: Defect was verified during load test run.,"1. Reproduce: Database migration script outputs deprecated syntax warning
2. Observe result during load test run",Clean database migration execution logs,Deprecated database index syntax warning logged,Development,Database,Low,P4,Database
Memory leak during PDF export triggers OOM performance crash (when running background cron job),Exporting PDF documents consumes 4GB heap RAM memory causing OOM performance killer crash. Note: Defect was verified when running background cron job.,"1. Reproduce: Memory leak during PDF export triggers OOM performance crash
2. Observe result when running background cron job",Optimize PDF stream memory allocation under 250MB,Performance crash with OutOfMemory error,Production,Performance,Critical,P1,Performance
High CPU utilization spike during concurrent CSV file parsing (on Kubernetes cluster node 3),Parsing 500MB CSV file locks CPU performance threads causing API response lag. Note: Defect was verified on Kubernetes cluster node 3.,"1. Reproduce: High CPU utilization spike during concurrent CSV file parsing
2. Observe result on Kubernetes cluster node 3",Process CSV parsing in async background queue to maintain performance,Server CPU spikes to 100% performance degradation,Production,Performance,High,P2,Performance
N+1 SQL query loop in list view degrades page load performance (when running background cron job),Looping over table records triggers 150 individual SQL queries degrading performance. Note: Defect was verified when running background cron job.,"1. Reproduce: N+1 SQL query loop in list view degrades page load performance
2. Observe result when running background cron job",Use eager loading SQL joins for page performance,150 separate queries degrade load performance,Development,Performance,Medium,P3,Performance
Unused JavaScript bundle assets increase page load time (intermittently after session timeout),Legacy library dependencies included in main production bundle slowing performance. Note: Defect was verified intermittently after session timeout.,"1. Reproduce: Unused JavaScript bundle assets increase page load time
2. Observe result intermittently after session timeout",Tree-shake unused script files for optimal frontend performance,Bundle size 50KB larger than optimal performance benchmark,Staging,Performance,Low,P4,Performance
Multi-Factor Authentication MFA bypass via direct login route (on mobile Safari browser),Navigating directly to protected URL skips mandatory MFA passcode prompt during authentication. Note: Defect was verified on mobile Safari browser.,"1. Reproduce: Multi-Factor Authentication MFA bypass via direct login route
2. Observe result on mobile Safari browser",Enforce MFA authentication before issuing access token,Bypasses authentication MFA verification check,Development,Authentication,Critical,P1,Authentication
OAuth2 SSO authentication callback loop state mismatch (during load test run),Single Sign-On SSO authentication redirect fails for Azure AD login users. Note: Defect was verified during load test run.,"1. Reproduce: OAuth2 SSO authentication callback loop state mismatch
2. Observe result during load test run",Validate SSO authentication state token cleanly,Authentication redirect loop with 403 error,Staging,Authentication,High,P2,Authentication
Password reset token does not expire after single redemption (in microservice container),Password reset link remains active for authentication multiple times. Note: Defect was verified in microservice container.,"1. Reproduce: Password reset token does not expire after single redemption
2. Observe result in microservice container",Invalidate password reset token after single authentication use,Reset token re-usable for 24 hours,Development,Authentication,Medium,P3,Authentication
Login form password input field missing autocomplete attribute (in microservice container),Password manager browser extension fails to auto-fill authentication password field. Note: Defect was verified in microservice container.,"1. Reproduce: Login form password input field missing autocomplete attribute
2. Observe result in microservice container",Set autocomplete='current-password' for authentication UX,Password manager fails to detect field,Staging,Authentication,Low,P4,Authentication
HTTP 504 Gateway Timeout on microservice network proxy (on mobile Safari browser),Network API gateway proxy drops inbound requests taking longer than 30 seconds. Note: Defect was verified on mobile Safari browser.,"1. Reproduce: HTTP 504 Gateway Timeout on microservice network proxy
2. Observe result on mobile Safari browser",Maintain network proxy connection for long requests,Network proxy returns 504 Gateway Timeout,Development,Network,Critical,P1,Network
WebSocket live stream network connection drops every 60 seconds (during load test run),Missing network ping heartbeat ping causes reverse proxy to terminate socket connection. Note: Defect was verified during load test run.,"1. Reproduce: WebSocket live stream network connection drops every 60 seconds
2. Observe result during load test run",Send periodic WebSocket network keep-alive ping,Network socket connection closes with code 1006,Staging,Network,High,P2,Network
CORS preflight network request fails on custom HTTP headers (on mobile Safari browser),OPTIONS network request returns 403 Forbidden due to missing Access-Control header. Note: Defect was verified on mobile Safari browser.,"1. Reproduce: CORS preflight network request fails on custom HTTP headers
2. Observe result on mobile Safari browser",Allow custom headers in CORS network handler,Browser blocks cross-origin network API request,Development,Network,Medium,P3,Network
DNS lookup retry delay adds 150ms latency to network calls (intermittently after session timeout),Secondary DNS network resolver lookup retries before resolving hostname. Note: Defect was verified intermittently after session timeout.,"1. Reproduce: DNS lookup retry delay adds 150ms latency to network calls
2. Observe result intermittently after session timeout",Fast primary DNS network resolution under 10ms,Intermittent 150ms network delay,Production,Network,Low,P4,Network
Modal dialog close button unclickable on mobile viewport UI/UX (intermittently after session timeout),Modal close button positioned outside viewport UI/UX touch boundary. Note: Defect was verified intermittently after session timeout.,"1. Reproduce: Modal dialog close button unclickable on mobile viewport UI/UX
2. Observe result intermittently after session timeout",Responsive UI/UX modal bounds with accessible tap target,User stuck on modal UI/UX screen,Development,UI/UX,Critical,P1,UI/UX
Filter dropdown selected values fail to clear on reset UI/UX click (on Kubernetes cluster node 3),Clicking Clear Filters resets text but leaves dropdown selection active in UI/UX state. Note: Defect was verified on Kubernetes cluster node 3.,"1. Reproduce: Filter dropdown selected values fail to clear on reset UI/UX click
2. Observe result on Kubernetes cluster node 3",Reset all UI/UX filter components to default state,Dropdown selection remains active in UI/UX state,Production,UI/UX,High,P2,UI/UX
Dark mode text contrast ratio fails accessibility UI/UX guidelines (after v1.4 patch release),Muted gray text on dark background has insufficient contrast ratio in UI/UX theme. Note: Defect was verified after v1.4 patch release.,"1. Reproduce: Dark mode text contrast ratio fails accessibility UI/UX guidelines
2. Observe result after v1.4 patch release",Maintain WCAG AAA contrast ratio 4.5:1 for UI/UX,Text illegible in dark UI/UX theme,Production,UI/UX,Medium,P3,UI/UX
User avatar image renders broken placeholder icon on CDN UI/UX 404 (when running background cron job),Broken image icon rendered when user profile picture URL fails in UI/UX. Note: Defect was verified when running background cron job.,"1. Reproduce: User avatar image renders broken placeholder icon on CDN UI/UX 404
2. Observe result when running background cron job",Render fallback initial avatar icon in UI/UX,Broken image placeholder shown in UI/UX layout,Staging,UI/UX,Low,P4,UI/UX
Bulk delete functional action removes wrong record IDs (on mobile Safari browser),Select all functional checkbox maps array index instead of database record ID. Note: Defect was verified on mobile Safari browser.,"1. Reproduce: Bulk delete functional action removes wrong record IDs
2. Observe result on mobile Safari browser",Execute functional deletion on selected database IDs only,Deletes wrong database records in functional execution,Development,General,Critical,P1,Functional
Incorrect functional pagination item count displayed on table footer (after v1.4 patch release),Footer displays total count from unfiltered dataset after applying functional search. Note: Defect was verified after v1.4 patch release.,"1. Reproduce: Incorrect functional pagination item count displayed on table footer
2. Observe result after v1.4 patch release",Update functional item count to match active search filter,Displays stale total count in table functional footer,Development,General,High,P2,Functional
Export CSV functional feature truncates descriptions with commas (intermittently after session timeout),CSV functional generator fails to wrap string values in double quotes. Note: Defect was verified intermittently after session timeout.,"1. Reproduce: Export CSV functional feature truncates descriptions with commas
2. Observe result intermittently after session timeout",Escape commas in CSV functional export,Splits text across columns in functional export,Staging,General,Medium,P3,Functional
Date picker functional filter applies timezone offset incorrectly (on mobile Safari browser),Selecting start date converts time to UTC shifting selected functional day. Note: Defect was verified on mobile Safari browser.,"1. Reproduce: Date picker functional filter applies timezone offset incorrectly
2. Observe result on mobile Safari browser",Preserve selected date string in functional filter,Shifts selected date by -1 day in functional query,Staging,General,Low,P4,Functional
Zapier webhook integration pipeline drops sync events (during load test run),Data integration sync pipeline fails to retry dropped HTTP events under failure. Note: Defect was verified during load test run.,"1. Reproduce: Zapier webhook integration pipeline drops sync events
2. Observe result during load test run",Guaranteed event delivery across integration pipeline,Integration sync events silently lost,Development,Integration,Critical,P1,Integration
Third-party REST integration API rate limit returns 429 error (after v1.4 patch release),Exceeding vendor API quota throws uncaught integration exception in worker queue. Note: Defect was verified after v1.4 patch release.,"1. Reproduce: Third-party REST integration API rate limit returns 429 error
2. Observe result after v1.4 patch release",Implement exponential backoff retry in integration client,Integration worker process crashes,Development,Integration,High,P2,Integration
Jira issue integration sync fails on custom field schema mismatch (after v1.4 patch release),Custom field value formatting causes Jira integration REST API validation error. Note: Defect was verified after v1.4 patch release.,"1. Reproduce: Jira issue integration sync fails on custom field schema mismatch
2. Observe result after v1.4 patch release",Format payload according to Jira integration spec,Jira integration sync fails,Staging,Integration,Medium,P3,Integration
Slack webhook integration notification fails when title contains quotes (on Kubernetes cluster node 3),Unescaped double quotes in bug title break Slack integration JSON payload. Note: Defect was verified on Kubernetes cluster node 3.,"1. Reproduce: Slack webhook integration notification fails when title contains quotes
2. Observe result on Kubernetes cluster node 3",Sanitize JSON payload strings for integration webhook,Slack integration notification fails,Development,Integration,Low,P4,Integration
Cron job scheduler thread deadlocks halting automated tasks (when running background cron job),Shared lock between scheduled tasks causes task runner service to stall. Note: Defect was verified when running background cron job.,"1. Reproduce: Cron job scheduler thread deadlocks halting automated tasks
2. Observe result when running background cron job",Isolated task execution threads for background jobs,Cron scheduler completely stops execution,Production,General,Critical,P1,Other
Email notification sender address rejected by SPF DMARC policy (intermittently after session timeout),Outbound transaction email missing valid DKIM signature in mail header. Note: Defect was verified intermittently after session timeout.,"1. Reproduce: Email notification sender address rejected by SPF DMARC policy
2. Observe result intermittently after session timeout",Send authenticated email headers with DKIM signature,Notification emails marked as spam,Development,General,High,P2,Other
Help center documentation search returns 500 on special characters (in microservice container),Searching documentation with quotes throws unhandled server exception. Note: Defect was verified in microservice container.,"1. Reproduce: Help center documentation search returns 500 on special characters
2. Observe result in microservice container",Sanitize search input terms in documentation portal,500 Internal Server Error,Development,General,Medium,P3,Other
Typo in assignment notification email subject header text (in microservice container),Notification email subject contains spelling error: 'Bug Assignned'. Note: Defect was verified in microservice container.,"1. Reproduce: Typo in assignment notification email subject header text
2. Observe result in microservice container",Correct spelling: 'Bug Assigned',Displays 'Assignned' with double n,Staging,General,Low,P4,Other
SQL Injection security vulnerability in login authentication field (observed in staging deployment),Unsanitized user input in security field allows unauthenticated SQL injection exploit against user database. Note: Defect was verified observed in staging deployment.,"1. Reproduce: SQL Injection security vulnerability in login authentication field
2. Observe result observed in staging deployment",Security input sanitization and SQL parameterization should block injection payload,Security authentication check bypassed allowing unauthorized access,Production,Security,Critical,P1,Security
Cross-Site Scripting XSS security vulnerability in comment box (during load test run),Stored XSS security vulnerability executes arbitrary JavaScript in victim browser session. Note: Defect was verified during load test run.,"1. Reproduce: Cross-Site Scripting XSS security vulnerability in comment box
2. Observe result during load test run",Security HTML tag escaping should sanitize XSS payload,Malicious XSS script tag executes on profile page,Staging,Security,High,P2,Security
Missing security HTTP Content-Security-Policy headers (during load test run),Application security response headers lack CSP protection against frame injection. Note: Defect was verified during load test run.,"1. Reproduce: Missing security HTTP Content-Security-Policy headers
2. Observe result during load test run",Include security response headers CSP and X-Frame-Options,Security response headers missing CSP directives,Production,Security,Medium,P3,Security
Verbose server header leaks proxy security version info (intermittently after session timeout),HTTP Server security response header reveals backend proxy version string. Note: Defect was verified intermittently after session timeout.,"1. Reproduce: Verbose server header leaks proxy security version info
2. Observe result intermittently after session timeout",Mask security server version strings in production,Header leaks Server version information,Staging,Security,Low,P4,Security
Payment gateway deadlock causing duplicate debit charge (on mobile Safari browser),Concurrent payment checkout requests cause deadlock resulting in double credit card debit. Note: Defect was verified on mobile Safari browser.,"1. Reproduce: Payment gateway deadlock causing duplicate debit charge
2. Observe result on mobile Safari browser",Atomic payment transaction lock prevents duplicate charges,Payment fails with 500 error and debits customer twice,Staging,Payment,Critical,P1,Payment
Stripe payment API webhook notification signature failure (during load test run),Asynchronous payment gateway notification webhook drops checkout completion events. Note: Defect was verified during load test run.,"1. Reproduce: Stripe payment API webhook notification signature failure
2. Observe result during load test run",Validate Stripe payment webhook signature correctly,Payment status remains pending after credit card charge,Development,Payment,High,P2,Payment
Currency symbol display mismatch in checkout payment summary (when running background cron job),Payment conversion calculates correctly but displays wrong currency symbol prefix. Note: Defect was verified when running background cron job.,"1. Reproduce: Currency symbol display mismatch in checkout payment summary
2. Observe result when running background cron job",Display correct currency symbol on payment screen,Displays $ instead of EUR symbol for payment total,Production,Payment,Medium,P3,Payment
Saved payment card mask displays 14 visible digits (on mobile Safari browser),Credit card payment mask displays 14 visible digits on account billing page. Note: Defect was verified on mobile Safari browser.,"1. Reproduce: Saved payment card mask displays 14 visible digits
2. Observe result on mobile Safari browser",Mask all but last 4 payment card numbers,Payment card digits exposed on screen,Staging,Payment,Low,P4,Payment
Database connection pool leak exhausts active DB connections (on mobile Safari browser),Unclosed database ORM sessions leak database connection pool capacity causing API crash. Note: Defect was verified on mobile Safari browser.,"1. Reproduce: Database connection pool leak exhausts active DB connections
2. Observe result on mobile Safari browser",Recycle idle database connection pool threads automatically,Database connection pool timeout error,Production,Database,Critical,P1,Database
Missing composite database index causes full table scan (intermittently after session timeout),Database query plan performs full table scan on 10 million database rows. Note: Defect was verified intermittently after session timeout.,"1. Reproduce: Missing composite database index causes full table scan
2. Observe result intermittently after session timeout",Execute database query using composite index under 50ms,Database query latency spikes to 9 seconds,Production,Database,High,P2,Database
Read replica database synchronization delay lag (when running background cron job),Replication lag on secondary database instance returns stale database records. Note: Defect was verified when running background cron job.,"1. Reproduce: Read replica database synchronization delay lag
2. Observe result when running background cron job",Database replication sync delay under 200ms,Stale database records returned to read query,Production,Database,Medium,P3,Database
Database migration script outputs deprecated syntax warning (under high concurrent traffic),Database schema migration succeeds but logs SQL index syntax warning. Note: Defect was verified under high concurrent traffic.,"1. Reproduce: Database migration script outputs deprecated syntax warning
2. Observe result under high concurrent traffic",Clean database migration execution logs,Deprecated database index syntax warning logged,Staging,Database,Low,P4,Database
Memory leak during PDF export triggers OOM performance crash (in microservice container),Exporting PDF documents consumes 4GB heap RAM memory causing OOM performance killer crash. Note: Defect was verified in microservice container.,"1. Reproduce: Memory leak during PDF export triggers OOM performance crash
2. Observe result in microservice container",Optimize PDF stream memory allocation under 250MB,Performance crash with OutOfMemory error,Production,Performance,Critical,P1,Performance
High CPU utilization spike during concurrent CSV file parsing (after v1.4 patch release),Parsing 500MB CSV file locks CPU performance threads causing API response lag. Note: Defect was verified after v1.4 patch release.,"1. Reproduce: High CPU utilization spike during concurrent CSV file parsing
2. Observe result after v1.4 patch release",Process CSV parsing in async background queue to maintain performance,Server CPU spikes to 100% performance degradation,Staging,Performance,High,P2,Performance
N+1 SQL query loop in list view degrades page load performance (in microservice container),Looping over table records triggers 150 individual SQL queries degrading performance. Note: Defect was verified in microservice container.,"1. Reproduce: N+1 SQL query loop in list view degrades page load performance
2. Observe result in microservice container",Use eager loading SQL joins for page performance,150 separate queries degrade load performance,Production,Performance,Medium,P3,Performance
Unused JavaScript bundle assets increase page load time (intermittently after session timeout),Legacy library dependencies included in main production bundle slowing performance. Note: Defect was verified intermittently after session timeout.,"1. Reproduce: Unused JavaScript bundle assets increase page load time
2. Observe result intermittently after session timeout",Tree-shake unused script files for optimal frontend performance,Bundle size 50KB larger than optimal performance benchmark,Staging,Performance,Low,P4,Performance
Multi-Factor Authentication MFA bypass via direct login route (in microservice container),Navigating directly to protected URL skips mandatory MFA passcode prompt during authentication. Note: Defect was verified in microservice container.,"1. Reproduce: Multi-Factor Authentication MFA bypass via direct login route
2. Observe result in microservice container",Enforce MFA authentication before issuing access token,Bypasses authentication MFA verification check,Production,Authentication,Critical,P1,Authentication
OAuth2 SSO authentication callback loop state mismatch (under high concurrent traffic),Single Sign-On SSO authentication redirect fails for Azure AD login users. Note: Defect was verified under high concurrent traffic.,"1. Reproduce: OAuth2 SSO authentication callback loop state mismatch
2. Observe result under high concurrent traffic",Validate SSO authentication state token cleanly,Authentication redirect loop with 403 error,Development,Authentication,High,P2,Authentication
Password reset token does not expire after single redemption (when running background cron job),Password reset link remains active for authentication multiple times. Note: Defect was verified when running background cron job.,"1. Reproduce: Password reset token does not expire after single redemption
2. Observe result when running background cron job",Invalidate password reset token after single authentication use,Reset token re-usable for 24 hours,Production,Authentication,Medium,P3,Authentication
Login form password input field missing autocomplete attribute (intermittently after session timeout),Password manager browser extension fails to auto-fill authentication password field. Note: Defect was verified intermittently after session timeout.,"1. Reproduce: Login form password input field missing autocomplete attribute
2. Observe result intermittently after session timeout",Set autocomplete='current-password' for authentication UX,Password manager fails to detect field,Production,Authentication,Low,P4,Authentication
HTTP 504 Gateway Timeout on microservice network proxy (on Kubernetes cluster node 3),Network API gateway proxy drops inbound requests taking longer than 30 seconds. Note: Defect was verified on Kubernetes cluster node 3.,"1. Reproduce: HTTP 504 Gateway Timeout on microservice network proxy
2. Observe result on Kubernetes cluster node 3",Maintain network proxy connection for long requests,Network proxy returns 504 Gateway Timeout,Staging,Network,Critical,P1,Network
WebSocket live stream network connection drops every 60 seconds (on mobile Safari browser),Missing network ping heartbeat ping causes reverse proxy to terminate socket connection. Note: Defect was verified on mobile Safari browser.,"1. Reproduce: WebSocket live stream network connection drops every 60 seconds
2. Observe result on mobile Safari browser",Send periodic WebSocket network keep-alive ping,Network socket connection closes with code 1006,Staging,Network,High,P2,Network
CORS preflight network request fails on custom HTTP headers (when running background cron job),OPTIONS network request returns 403 Forbidden due to missing Access-Control header. Note: Defect was verified when running background cron job.,"1. Reproduce: CORS preflight network request fails on custom HTTP headers
2. Observe result when running background cron job",Allow custom headers in CORS network handler,Browser blocks cross-origin network API request,Production,Network,Medium,P3,Network
DNS lookup retry delay adds 150ms latency to network calls (observed in staging deployment),Secondary DNS network resolver lookup retries before resolving hostname. Note: Defect was verified observed in staging deployment.,"1. Reproduce: DNS lookup retry delay adds 150ms latency to network calls
2. Observe result observed in staging deployment",Fast primary DNS network resolution under 10ms,Intermittent 150ms network delay,Development,Network,Low,P4,Network
Modal dialog close button unclickable on mobile viewport UI/UX (on mobile Safari browser),Modal close button positioned outside viewport UI/UX touch boundary. Note: Defect was verified on mobile Safari browser.,"1. Reproduce: Modal dialog close button unclickable on mobile viewport UI/UX
2. Observe result on mobile Safari browser",Responsive UI/UX modal bounds with accessible tap target,User stuck on modal UI/UX screen,Staging,UI/UX,Critical,P1,UI/UX
Filter dropdown selected values fail to clear on reset UI/UX click (when running background cron job),Clicking Clear Filters resets text but leaves dropdown selection active in UI/UX state. Note: Defect was verified when running background cron job.,"1. Reproduce: Filter dropdown selected values fail to clear on reset UI/UX click
2. Observe result when running background cron job",Reset all UI/UX filter components to default state,Dropdown selection remains active in UI/UX state,Staging,UI/UX,High,P2,UI/UX
Dark mode text contrast ratio fails accessibility UI/UX guidelines (during load test run),Muted gray text on dark background has insufficient contrast ratio in UI/UX theme. Note: Defect was verified during load test run.,"1. Reproduce: Dark mode text contrast ratio fails accessibility UI/UX guidelines
2. Observe result during load test run",Maintain WCAG AAA contrast ratio 4.5:1 for UI/UX,Text illegible in dark UI/UX theme,Production,UI/UX,Medium,P3,UI/UX
User avatar image renders broken placeholder icon on CDN UI/UX 404 (observed in staging deployment),Broken image icon rendered when user profile picture URL fails in UI/UX. Note: Defect was verified observed in staging deployment.,"1. Reproduce: User avatar image renders broken placeholder icon on CDN UI/UX 404
2. Observe result observed in staging deployment",Render fallback initial avatar icon in UI/UX,Broken image placeholder shown in UI/UX layout,Production,UI/UX,Low,P4,UI/UX
Bulk delete functional action removes wrong record IDs (in microservice container),Select all functional checkbox maps array index instead of database record ID. Note: Defect was verified in microservice container.,"1. Reproduce: Bulk delete functional action removes wrong record IDs
2. Observe result in microservice container",Execute functional deletion on selected database IDs only,Deletes wrong database records in functional execution,Staging,General,Critical,P1,Functional
Incorrect functional pagination item count displayed on table footer (during load test run),Footer displays total count from unfiltered dataset after applying functional search. Note: Defect was verified during load test run.,"1. Reproduce: Incorrect functional pagination item count displayed on table footer
2. Observe result during load test run",Update functional item count to match active search filter,Displays stale total count in table functional footer,Staging,General,High,P2,Functional
Export CSV functional feature truncates descriptions with commas (during load test run),CSV functional generator fails to wrap string values in double quotes. Note: Defect was verified during load test run.,"1. Reproduce: Export CSV functional feature truncates descriptions with commas
2. Observe result during load test run",Escape commas in CSV functional export,Splits text across columns in functional export,Staging,General,Medium,P3,Functional
Date picker functional filter applies timezone offset incorrectly (observed in staging deployment),Selecting start date converts time to UTC shifting selected functional day. Note: Defect was verified observed in staging deployment.,"1. Reproduce: Date picker functional filter applies timezone offset incorrectly
2. Observe result observed in staging deployment",Preserve selected date string in functional filter,Shifts selected date by -1 day in functional query,Staging,General,Low,P4,Functional
Zapier webhook integration pipeline drops sync events (under high concurrent traffic),Data integration sync pipeline fails to retry dropped HTTP events under failure. Note: Defect was verified under high concurrent traffic.,"1. Reproduce: Zapier webhook integration pipeline drops sync events
2. Observe result under high concurrent traffic",Guaranteed event delivery across integration pipeline,Integration sync events silently lost,Staging,Integration,Critical,P1,Integration
Third-party REST integration API rate limit returns 429 error (during load test run),Exceeding vendor API quota throws uncaught integration exception in worker queue. Note: Defect was verified during load test run.,"1. Reproduce: Third-party REST integration API rate limit returns 429 error
2. Observe result during load test run",Implement exponential backoff retry in integration client,Integration worker process crashes,Production,Integration,High,P2,Integration
Jira issue integration sync fails on custom field schema mismatch (observed in staging deployment),Custom field value formatting causes Jira integration REST API validation error. Note: Defect was verified observed in staging deployment.,"1. Reproduce: Jira issue integration sync fails on custom field schema mismatch
2. Observe result observed in staging deployment",Format payload according to Jira integration spec,Jira integration sync fails,Development,Integration,Medium,P3,Integration
Slack webhook integration notification fails when title contains quotes (on Kubernetes cluster node 3),Unescaped double quotes in bug title break Slack integration JSON payload. Note: Defect was verified on Kubernetes cluster node 3.,"1. Reproduce: Slack webhook integration notification fails when title contains quotes
2. Observe result on Kubernetes cluster node 3",Sanitize JSON payload strings for integration webhook,Slack integration notification fails,Production,Integration,Low,P4,Integration
Cron job scheduler thread deadlocks halting automated tasks (under high concurrent traffic),Shared lock between scheduled tasks causes task runner service to stall. Note: Defect was verified under high concurrent traffic.,"1. Reproduce: Cron job scheduler thread deadlocks halting automated tasks
2. Observe result under high concurrent traffic",Isolated task execution threads for background jobs,Cron scheduler completely stops execution,Development,General,Critical,P1,Other
Email notification sender address rejected by SPF DMARC policy (on mobile Safari browser),Outbound transaction email missing valid DKIM signature in mail header. Note: Defect was verified on mobile Safari browser.,"1. Reproduce: Email notification sender address rejected by SPF DMARC policy
2. Observe result on mobile Safari browser",Send authenticated email headers with DKIM signature,Notification emails marked as spam,Staging,General,High,P2,Other
Help center documentation search returns 500 on special characters (on mobile Safari browser),Searching documentation with quotes throws unhandled server exception. Note: Defect was verified on mobile Safari browser.,"1. Reproduce: Help center documentation search returns 500 on special characters
2. Observe result on mobile Safari browser",Sanitize search input terms in documentation portal,500 Internal Server Error,Staging,General,Medium,P3,Other
Typo in assignment notification email subject header text (during load test run),Notification email subject contains spelling error: 'Bug Assignned'. Note: Defect was verified during load test run.,"1. Reproduce: Typo in assignment notification email subject header text
2. Observe result during load test run",Correct spelling: 'Bug Assigned',Displays 'Assignned' with double n,Development,General,Low,P4,Other
SQL Injection security vulnerability in login authentication field (during load test run),Unsanitized user input in security field allows unauthenticated SQL injection exploit against user database. Note: Defect was verified during load test run.,"1. Reproduce: SQL Injection security vulnerability in login authentication field
2. Observe result during load test run",Security input sanitization and SQL parameterization should block injection payload,Security authentication check bypassed allowing unauthorized access,Production,Security,Critical,P1,Security
Cross-Site Scripting XSS security vulnerability in comment box (intermittently after session timeout),Stored XSS security vulnerability executes arbitrary JavaScript in victim browser session. Note: Defect was verified intermittently after session timeout.,"1. Reproduce: Cross-Site Scripting XSS security vulnerability in comment box
2. Observe result intermittently after session timeout",Security HTML tag escaping should sanitize XSS payload,Malicious XSS script tag executes on profile page,Production,Security,High,P2,Security
Missing security HTTP Content-Security-Policy headers (during load test run),Application security response headers lack CSP protection against frame injection. Note: Defect was verified during load test run.,"1. Reproduce: Missing security HTTP Content-Security-Policy headers
2. Observe result during load test run",Include security response headers CSP and X-Frame-Options,Security response headers missing CSP directives,Staging,Security,Medium,P3,Security
Verbose server header leaks proxy security version info (on mobile Safari browser),HTTP Server security response header reveals backend proxy version string. Note: Defect was verified on mobile Safari browser.,"1. Reproduce: Verbose server header leaks proxy security version info
2. Observe result on mobile Safari browser",Mask security server version strings in production,Header leaks Server version information,Production,Security,Low,P4,Security
Payment gateway deadlock causing duplicate debit charge (on mobile Safari browser),Concurrent payment checkout requests cause deadlock resulting in double credit card debit. Note: Defect was verified on mobile Safari browser.,"1. Reproduce: Payment gateway deadlock causing duplicate debit charge
2. Observe result on mobile Safari browser",Atomic payment transaction lock prevents duplicate charges,Payment fails with 500 error and debits customer twice,Staging,Payment,Critical,P1,Payment
Stripe payment API webhook notification signature failure (during load test run),Asynchronous payment gateway notification webhook drops checkout completion events. Note: Defect was verified during load test run.,"1. Reproduce: Stripe payment API webhook notification signature failure
2. Observe result during load test run",Validate Stripe payment webhook signature correctly,Payment status remains pending after credit card charge,Development,Payment,High,P2,Payment
Currency symbol display mismatch in checkout payment summary (in microservice container),Payment conversion calculates correctly but displays wrong currency symbol prefix. Note: Defect was verified in microservice container.,"1. Reproduce: Currency symbol display mismatch in checkout payment summary
2. Observe result in microservice container",Display correct currency symbol on payment screen,Displays $ instead of EUR symbol for payment total,Production,Payment,Medium,P3,Payment
Saved payment card mask displays 14 visible digits (observed in staging deployment),Credit card payment mask displays 14 visible digits on account billing page. Note: Defect was verified observed in staging deployment.,"1. Reproduce: Saved payment card mask displays 14 visible digits
2. Observe result observed in staging deployment",Mask all but last 4 payment card numbers,Payment card digits exposed on screen,Staging,Payment,Low,P4,Payment
Database connection pool leak exhausts active DB connections (when running background cron job),Unclosed database ORM sessions leak database connection pool capacity causing API crash. Note: Defect was verified when running background cron job.,"1. Reproduce: Database connection pool leak exhausts active DB connections
2. Observe result when running background cron job",Recycle idle database connection pool threads automatically,Database connection pool timeout error,Staging,Database,Critical,P1,Database
Missing composite database index causes full table scan (on Kubernetes cluster node 3),Database query plan performs full table scan on 10 million database rows. Note: Defect was verified on Kubernetes cluster node 3.,"1. Reproduce: Missing composite database index causes full table scan
2. Observe result on Kubernetes cluster node 3",Execute database query using composite index under 50ms,Database query latency spikes to 9 seconds,Staging,Database,High,P2,Database
Read replica database synchronization delay lag (intermittently after session timeout),Replication lag on secondary database instance returns stale database records. Note: Defect was verified intermittently after session timeout.,"1. Reproduce: Read replica database synchronization delay lag
2. Observe result intermittently after session timeout",Database replication sync delay under 200ms,Stale database records returned to read query,Staging,Database,Medium,P3,Database
Database migration script outputs deprecated syntax warning (under high concurrent traffic),Database schema migration succeeds but logs SQL index syntax warning. Note: Defect was verified under high concurrent traffic.,"1. Reproduce: Database migration script outputs deprecated syntax warning
2. Observe result under high concurrent traffic",Clean database migration execution logs,Deprecated database index syntax warning logged,Production,Database,Low,P4,Database
Memory leak during PDF export triggers OOM performance crash (on mobile Safari browser),Exporting PDF documents consumes 4GB heap RAM memory causing OOM performance killer crash. Note: Defect was verified on mobile Safari browser.,"1. Reproduce: Memory leak during PDF export triggers OOM performance crash
2. Observe result on mobile Safari browser",Optimize PDF stream memory allocation under 250MB,Performance crash with OutOfMemory error,Production,Performance,Critical,P1,Performance
High CPU utilization spike during concurrent CSV file parsing (observed in staging deployment),Parsing 500MB CSV file locks CPU performance threads causing API response lag. Note: Defect was verified observed in staging deployment.,"1. Reproduce: High CPU utilization spike during concurrent CSV file parsing
2. Observe result observed in staging deployment",Process CSV parsing in async background queue to maintain performance,Server CPU spikes to 100% performance degradation,Staging,Performance,High,P2,Performance
N+1 SQL query loop in list view degrades page load performance (during load test run),Looping over table records triggers 150 individual SQL queries degrading performance. Note: Defect was verified during load test run.,"1. Reproduce: N+1 SQL query loop in list view degrades page load performance
2. Observe result during load test run",Use eager loading SQL joins for page performance,150 separate queries degrade load performance,Development,Performance,Medium,P3,Performance
Unused JavaScript bundle assets increase page load time (during load test run),Legacy library dependencies included in main production bundle slowing performance. Note: Defect was verified during load test run.,"1. Reproduce: Unused JavaScript bundle assets increase page load time
2. Observe result during load test run",Tree-shake unused script files for optimal frontend performance,Bundle size 50KB larger than optimal performance benchmark,Staging,Performance,Low,P4,Performance
Multi-Factor Authentication MFA bypass via direct login route (under high concurrent traffic),Navigating directly to protected URL skips mandatory MFA passcode prompt during authentication. Note: Defect was verified under high concurrent traffic.,"1. Reproduce: Multi-Factor Authentication MFA bypass via direct login route
2. Observe result under high concurrent traffic",Enforce MFA authentication before issuing access token,Bypasses authentication MFA verification check,Production,Authentication,Critical,P1,Authentication
OAuth2 SSO authentication callback loop state mismatch (on Kubernetes cluster node 3),Single Sign-On SSO authentication redirect fails for Azure AD login users. Note: Defect was verified on Kubernetes cluster node 3.,"1. Reproduce: OAuth2 SSO authentication callback loop state mismatch
2. Observe result on Kubernetes cluster node 3",Validate SSO authentication state token cleanly,Authentication redirect loop with 403 error,Staging,Authentication,High,P2,Authentication
Password reset token does not expire after single redemption (during load test run),Password reset link remains active for authentication multiple times. Note: Defect was verified during load test run.,"1. Reproduce: Password reset token does not expire after single redemption
2. Observe result during load test run",Invalidate password reset token after single authentication use,Reset token re-usable for 24 hours,Staging,Authentication,Medium,P3,Authentication
Login form password input field missing autocomplete attribute (after v1.4 patch release),Password manager browser extension fails to auto-fill authentication password field. Note: Defect was verified after v1.4 patch release.,"1. Reproduce: Login form password input field missing autocomplete attribute
2. Observe result after v1.4 patch release",Set autocomplete='current-password' for authentication UX,Password manager fails to detect field,Staging,Authentication,Low,P4,Authentication
HTTP 504 Gateway Timeout on microservice network proxy (after v1.4 patch release),Network API gateway proxy drops inbound requests taking longer than 30 seconds. Note: Defect was verified after v1.4 patch release.,"1. Reproduce: HTTP 504 Gateway Timeout on microservice network proxy
2. Observe result after v1.4 patch release",Maintain network proxy connection for long requests,Network proxy returns 504 Gateway Timeout,Production,Network,Critical,P1,Network
WebSocket live stream network connection drops every 60 seconds (after v1.4 patch release),Missing network ping heartbeat ping causes reverse proxy to terminate socket connection. Note: Defect was verified after v1.4 patch release.,"1. Reproduce: WebSocket live stream network connection drops every 60 seconds
2. Observe result after v1.4 patch release",Send periodic WebSocket network keep-alive ping,Network socket connection closes with code 1006,Production,Network,High,P2,Network
CORS preflight network request fails on custom HTTP headers (observed in staging deployment),OPTIONS network request returns 403 Forbidden due to missing Access-Control header. Note: Defect was verified observed in staging deployment.,"1. Reproduce: CORS preflight network request fails on custom HTTP headers
2. Observe result observed in staging deployment",Allow custom headers in CORS network handler,Browser blocks cross-origin network API request,Production,Network,Medium,P3,Network
DNS lookup retry delay adds 150ms latency to network calls (in microservice container),Secondary DNS network resolver lookup retries before resolving hostname. Note: Defect was verified in microservice container.,"1. Reproduce: DNS lookup retry delay adds 150ms latency to network calls
2. Observe result in microservice container",Fast primary DNS network resolution under 10ms,Intermittent 150ms network delay,Staging,Network,Low,P4,Network
Modal dialog close button unclickable on mobile viewport UI/UX (intermittently after session timeout),Modal close button positioned outside viewport UI/UX touch boundary. Note: Defect was verified intermittently after session timeout.,"1. Reproduce: Modal dialog close button unclickable on mobile viewport UI/UX
2. Observe result intermittently after session timeout",Responsive UI/UX modal bounds with accessible tap target,User stuck on modal UI/UX screen,Production,UI/UX,Critical,P1,UI/UX
Filter dropdown selected values fail to clear on reset UI/UX click (under high concurrent traffic),Clicking Clear Filters resets text but leaves dropdown selection active in UI/UX state. Note: Defect was verified under high concurrent traffic.,"1. Reproduce: Filter dropdown selected values fail to clear on reset UI/UX click
2. Observe result under high concurrent traffic",Reset all UI/UX filter components to default state,Dropdown selection remains active in UI/UX state,Staging,UI/UX,High,P2,UI/UX
Dark mode text contrast ratio fails accessibility UI/UX guidelines (on mobile Safari browser),Muted gray text on dark background has insufficient contrast ratio in UI/UX theme. Note: Defect was verified on mobile Safari browser.,"1. Reproduce: Dark mode text contrast ratio fails accessibility UI/UX guidelines
2. Observe result on mobile Safari browser",Maintain WCAG AAA contrast ratio 4.5:1 for UI/UX,Text illegible in dark UI/UX theme,Development,UI/UX,Medium,P3,UI/UX
User avatar image renders broken placeholder icon on CDN UI/UX 404 (observed in staging deployment),Broken image icon rendered when user profile picture URL fails in UI/UX. Note: Defect was verified observed in staging deployment.,"1. Reproduce: User avatar image renders broken placeholder icon on CDN UI/UX 404
2. Observe result observed in staging deployment",Render fallback initial avatar icon in UI/UX,Broken image placeholder shown in UI/UX layout,Staging,UI/UX,Low,P4,UI/UX
Bulk delete functional action removes wrong record IDs (when running background cron job),Select all functional checkbox maps array index instead of database record ID. Note: Defect was verified when running background cron job.,"1. Reproduce: Bulk delete functional action removes wrong record IDs
2. Observe result when running background cron job",Execute functional deletion on selected database IDs only,Deletes wrong database records in functional execution,Staging,General,Critical,P1,Functional
Incorrect functional pagination item count displayed on table footer (after v1.4 patch release),Footer displays total count from unfiltered dataset after applying functional search. Note: Defect was verified after v1.4 patch release.,"1. Reproduce: Incorrect functional pagination item count displayed on table footer
2. Observe result after v1.4 patch release",Update functional item count to match active search filter,Displays stale total count in table functional footer,Production,General,High,P2,Functional
Export CSV functional feature truncates descriptions with commas (under high concurrent traffic),CSV functional generator fails to wrap string values in double quotes. Note: Defect was verified under high concurrent traffic.,"1. Reproduce: Export CSV functional feature truncates descriptions with commas
2. Observe result under high concurrent traffic",Escape commas in CSV functional export,Splits text across columns in functional export,Production,General,Medium,P3,Functional
Date picker functional filter applies timezone offset incorrectly (intermittently after session timeout),Selecting start date converts time to UTC shifting selected functional day. Note: Defect was verified intermittently after session timeout.,"1. Reproduce: Date picker functional filter applies timezone offset incorrectly
2. Observe result intermittently after session timeout",Preserve selected date string in functional filter,Shifts selected date by -1 day in functional query,Production,General,Low,P4,Functional
Zapier webhook integration pipeline drops sync events (on mobile Safari browser),Data integration sync pipeline fails to retry dropped HTTP events under failure. Note: Defect was verified on mobile Safari browser.,"1. Reproduce: Zapier webhook integration pipeline drops sync events
2. Observe result on mobile Safari browser",Guaranteed event delivery across integration pipeline,Integration sync events silently lost,Production,Integration,Critical,P1,Integration
Third-party REST integration API rate limit returns 429 error (after v1.4 patch release),Exceeding vendor API quota throws uncaught integration exception in worker queue. Note: Defect was verified after v1.4 patch release.,"1. Reproduce: Third-party REST integration API rate limit returns 429 error
2. Observe result after v1.4 patch release",Implement exponential backoff retry in integration client,Integration worker process crashes,Development,Integration,High,P2,Integration
Jira issue integration sync fails on custom field schema mismatch (observed in staging deployment),Custom field value formatting causes Jira integration REST API validation error. Note: Defect was verified observed in staging deployment.,"1. Reproduce: Jira issue integration sync fails on custom field schema mismatch
2. Observe result observed in staging deployment",Format payload according to Jira integration spec,Jira integration sync fails,Development,Integration,Medium,P3,Integration
Slack webhook integration notification fails when title contains quotes (observed in staging deployment),Unescaped double quotes in bug title break Slack integration JSON payload. Note: Defect was verified observed in staging deployment.,"1. Reproduce: Slack webhook integration notification fails when title contains quotes
2. Observe result observed in staging deployment",Sanitize JSON payload strings for integration webhook,Slack integration notification fails,Development,Integration,Low,P4,Integration
Cron job scheduler thread deadlocks halting automated tasks (observed in staging deployment),Shared lock between scheduled tasks causes task runner service to stall. Note: Defect was verified observed in staging deployment.,"1. Reproduce: Cron job scheduler thread deadlocks halting automated tasks
2. Observe result observed in staging deployment",Isolated task execution threads for background jobs,Cron scheduler completely stops execution,Production,General,Critical,P1,Other
Email notification sender address rejected by SPF DMARC policy (under high concurrent traffic),Outbound transaction email missing valid DKIM signature in mail header. Note: Defect was verified under high concurrent traffic.,"1. Reproduce: Email notification sender address rejected by SPF DMARC policy
2. Observe result under high concurrent traffic",Send authenticated email headers with DKIM signature,Notification emails marked as spam,Development,General,High,P2,Other
Help center documentation search returns 500 on special characters (during load test run),Searching documentation with quotes throws unhandled server exception. Note: Defect was verified during load test run.,"1. Reproduce: Help center documentation search returns 500 on special characters
2. Observe result during load test run",Sanitize search input terms in documentation portal,500 Internal Server Error,Staging,General,Medium,P3,Other
Typo in assignment notification email subject header text (when running background cron job),Notification email subject contains spelling error: 'Bug Assignned'. Note: Defect was verified when running background cron job.,"1. Reproduce: Typo in assignment notification email subject header text
2. Observe result when running background cron job",Correct spelling: 'Bug Assigned',Displays 'Assignned' with double n,Staging,General,Low,P4,Other
SQL Injection security vulnerability in login authentication field (under high concurrent traffic),Unsanitized user input in security field allows unauthenticated SQL injection exploit against user database. Note: Defect was verified under high concurrent traffic.,"1. Reproduce: SQL Injection security vulnerability in login authentication field
2. Observe result under high concurrent traffic",Security input sanitization and SQL parameterization should block injection payload,Security authentication check bypassed allowing unauthorized access,Development,Security,Critical,P1,Security
Cross-Site Scripting XSS security vulnerability in comment box (in microservice container),Stored XSS security vulnerability executes arbitrary JavaScript in victim browser session. Note: Defect was verified in microservice container.,"1. Reproduce: Cross-Site Scripting XSS security vulnerability in comment box
2. Observe result in microservice container",Security HTML tag escaping should sanitize XSS payload,Malicious XSS script tag executes on profile page,Development,Security,High,P2,Security
Missing security HTTP Content-Security-Policy headers (under high concurrent traffic),Application security response headers lack CSP protection against frame injection. Note: Defect was verified under high concurrent traffic.,"1. Reproduce: Missing security HTTP Content-Security-Policy headers
2. Observe result under high concurrent traffic",Include security response headers CSP and X-Frame-Options,Security response headers missing CSP directives,Production,Security,Medium,P3,Security
Verbose server header leaks proxy security version info (on Kubernetes cluster node 3),HTTP Server security response header reveals backend proxy version string. Note: Defect was verified on Kubernetes cluster node 3.,"1. Reproduce: Verbose server header leaks proxy security version info
2. Observe result on Kubernetes cluster node 3",Mask security server version strings in production,Header leaks Server version information,Staging,Security,Low,P4,Security
Payment gateway deadlock causing duplicate debit charge (after v1.4 patch release),Concurrent payment checkout requests cause deadlock resulting in double credit card debit. Note: Defect was verified after v1.4 patch release.,"1. Reproduce: Payment gateway deadlock causing duplicate debit charge
2. Observe result after v1.4 patch release",Atomic payment transaction lock prevents duplicate charges,Payment fails with 500 error and debits customer twice,Development,Payment,Critical,P1,Payment
Stripe payment API webhook notification signature failure (after v1.4 patch release),Asynchronous payment gateway notification webhook drops checkout completion events. Note: Defect was verified after v1.4 patch release.,"1. Reproduce: Stripe payment API webhook notification signature failure
2. Observe result after v1.4 patch release",Validate Stripe payment webhook signature correctly,Payment status remains pending after credit card charge,Production,Payment,High,P2,Payment
Currency symbol display mismatch in checkout payment summary (under high concurrent traffic),Payment conversion calculates correctly but displays wrong currency symbol prefix. Note: Defect was verified under high concurrent traffic.,"1. Reproduce: Currency symbol display mismatch in checkout payment summary
2. Observe result under high concurrent traffic",Display correct currency symbol on payment screen,Displays $ instead of EUR symbol for payment total,Staging,Payment,Medium,P3,Payment
Saved payment card mask displays 14 visible digits (observed in staging deployment),Credit card payment mask displays 14 visible digits on account billing page. Note: Defect was verified observed in staging deployment.,"1. Reproduce: Saved payment card mask displays 14 visible digits
2. Observe result observed in staging deployment",Mask all but last 4 payment card numbers,Payment card digits exposed on screen,Development,Payment,Low,P4,Payment
Database connection pool leak exhausts active DB connections (intermittently after session timeout),Unclosed database ORM sessions leak database connection pool capacity causing API crash. Note: Defect was verified intermittently after session timeout.,"1. Reproduce: Database connection pool leak exhausts active DB connections
2. Observe result intermittently after session timeout",Recycle idle database connection pool threads automatically,Database connection pool timeout error,Production,Database,Critical,P1,Database
Missing composite database index causes full table scan (during load test run),Database query plan performs full table scan on 10 million database rows. Note: Defect was verified during load test run.,"1. Reproduce: Missing composite database index causes full table scan
2. Observe result during load test run",Execute database query using composite index under 50ms,Database query latency spikes to 9 seconds,Development,Database,High,P2,Database
Read replica database synchronization delay lag (on mobile Safari browser),Replication lag on secondary database instance returns stale database records. Note: Defect was verified on mobile Safari browser.,"1. Reproduce: Read replica database synchronization delay lag
2. Observe result on mobile Safari browser",Database replication sync delay under 200ms,Stale database records returned to read query,Production,Database,Medium,P3,Database
Database migration script outputs deprecated syntax warning (on mobile Safari browser),Database schema migration succeeds but logs SQL index syntax warning. Note: Defect was verified on mobile Safari browser.,"1. Reproduce: Database migration script outputs deprecated syntax warning
2. Observe result on mobile Safari browser",Clean database migration execution logs,Deprecated database index syntax warning logged,Development,Database,Low,P4,Database
Memory leak during PDF export triggers OOM performance crash (during load test run),Exporting PDF documents consumes 4GB heap RAM memory causing OOM performance killer crash. Note: Defect was verified during load test run.,"1. Reproduce: Memory leak during PDF export triggers OOM performance crash
2. Observe result during load test run",Optimize PDF stream memory allocation under 250MB,Performance crash with OutOfMemory error,Development,Performance,Critical,P1,Performance
High CPU utilization spike during concurrent CSV file parsing (under high concurrent traffic),Parsing 500MB CSV file locks CPU performance threads causing API response lag. Note: Defect was verified under high concurrent traffic.,"1. Reproduce: High CPU utilization spike during concurrent CSV file parsing
2. Observe result under high concurrent traffic",Process CSV parsing in async background queue to maintain performance,Server CPU spikes to 100% performance degradation,Production,Performance,High,P2,Performance
N+1 SQL query loop in list view degrades page load performance (under high concurrent traffic),Looping over table records triggers 150 individual SQL queries degrading performance. Note: Defect was verified under high concurrent traffic.,"1. Reproduce: N+1 SQL query loop in list view degrades page load performance
2. Observe result under high concurrent traffic",Use eager loading SQL joins for page performance,150 separate queries degrade load performance,Staging,Performance,Medium,P3,Performance
Unused JavaScript bundle assets increase page load time (intermittently after session timeout),Legacy library dependencies included in main production bundle slowing performance. Note: Defect was verified intermittently after session timeout.,"1. Reproduce: Unused JavaScript bundle assets increase page load time
2. Observe result intermittently after session timeout",Tree-shake unused script files for optimal frontend performance,Bundle size 50KB larger than optimal performance benchmark,Staging,Performance,Low,P4,Performance
Multi-Factor Authentication MFA bypass via direct login route (observed in staging deployment),Navigating directly to protected URL skips mandatory MFA passcode prompt during authentication. Note: Defect was verified observed in staging deployment.,"1. Reproduce: Multi-Factor Authentication MFA bypass via direct login route
2. Observe result observed in staging deployment",Enforce MFA authentication before issuing access token,Bypasses authentication MFA verification check,Development,Authentication,Critical,P1,Authentication
OAuth2 SSO authentication callback loop state mismatch (during load test run),Single Sign-On SSO authentication redirect fails for Azure AD login users. Note: Defect was verified during load test run.,"1. Reproduce: OAuth2 SSO authentication callback loop state mismatch
2. Observe result during load test run",Validate SSO authentication state token cleanly,Authentication redirect loop with 403 error,Development,Authentication,High,P2,Authentication
Password reset token does not expire after single redemption (observed in staging deployment),Password reset link remains active for authentication multiple times. Note: Defect was verified observed in staging deployment.,"1. Reproduce: Password reset token does not expire after single redemption
2. Observe result observed in staging deployment",Invalidate password reset token after single authentication use,Reset token re-usable for 24 hours,Production,Authentication,Medium,P3,Authentication
Login form password input field missing autocomplete attribute (intermittently after session timeout),Password manager browser extension fails to auto-fill authentication password field. Note: Defect was verified intermittently after session timeout.,"1. Reproduce: Login form password input field missing autocomplete attribute
2. Observe result intermittently after session timeout",Set autocomplete='current-password' for authentication UX,Password manager fails to detect field,Development,Authentication,Low,P4,Authentication
HTTP 504 Gateway Timeout on microservice network proxy (on mobile Safari browser),Network API gateway proxy drops inbound requests taking longer than 30 seconds. Note: Defect was verified on mobile Safari browser.,"1. Reproduce: HTTP 504 Gateway Timeout on microservice network proxy
2. Observe result on mobile Safari browser",Maintain network proxy connection for long requests,Network proxy returns 504 Gateway Timeout,Development,Network,Critical,P1,Network
WebSocket live stream network connection drops every 60 seconds (when running background cron job),Missing network ping heartbeat ping causes reverse proxy to terminate socket connection. Note: Defect was verified when running background cron job.,"1. Reproduce: WebSocket live stream network connection drops every 60 seconds
2. Observe result when running background cron job",Send periodic WebSocket network keep-alive ping,Network socket connection closes with code 1006,Development,Network,High,P2,Network
CORS preflight network request fails on custom HTTP headers (intermittently after session timeout),OPTIONS network request returns 403 Forbidden due to missing Access-Control header. Note: Defect was verified intermittently after session timeout.,"1. Reproduce: CORS preflight network request fails on custom HTTP headers
2. Observe result intermittently after session timeout",Allow custom headers in CORS network handler,Browser blocks cross-origin network API request,Production,Network,Medium,P3,Network
DNS lookup retry delay adds 150ms latency to network calls (when running background cron job),Secondary DNS network resolver lookup retries before resolving hostname. Note: Defect was verified when running background cron job.,"1. Reproduce: DNS lookup retry delay adds 150ms latency to network calls
2. Observe result when running background cron job",Fast primary DNS network resolution under 10ms,Intermittent 150ms network delay,Staging,Network,Low,P4,Network
Modal dialog close button unclickable on mobile viewport UI/UX (intermittently after session timeout),Modal close button positioned outside viewport UI/UX touch boundary. Note: Defect was verified intermittently after session timeout.,"1. Reproduce: Modal dialog close button unclickable on mobile viewport UI/UX
2. Observe result intermittently after session timeout",Responsive UI/UX modal bounds with accessible tap target,User stuck on modal UI/UX screen,Staging,UI/UX,Critical,P1,UI/UX
Filter dropdown selected values fail to clear on reset UI/UX click (under high concurrent traffic),Clicking Clear Filters resets text but leaves dropdown selection active in UI/UX state. Note: Defect was verified under high concurrent traffic.,"1. Reproduce: Filter dropdown selected values fail to clear on reset UI/UX click
2. Observe result under high concurrent traffic",Reset all UI/UX filter components to default state,Dropdown selection remains active in UI/UX state,Production,UI/UX,High,P2,UI/UX
Dark mode text contrast ratio fails accessibility UI/UX guidelines (observed in staging deployment),Muted gray text on dark background has insufficient contrast ratio in UI/UX theme. Note: Defect was verified observed in staging deployment.,"1. Reproduce: Dark mode text contrast ratio fails accessibility UI/UX guidelines
2. Observe result observed in staging deployment",Maintain WCAG AAA contrast ratio 4.5:1 for UI/UX,Text illegible in dark UI/UX theme,Development,UI/UX,Medium,P3,UI/UX
User avatar image renders broken placeholder icon on CDN UI/UX 404 (in microservice container),Broken image icon rendered when user profile picture URL fails in UI/UX. Note: Defect was verified in microservice container.,"1. Reproduce: User avatar image renders broken placeholder icon on CDN UI/UX 404
2. Observe result in microservice container",Render fallback initial avatar icon in UI/UX,Broken image placeholder shown in UI/UX layout,Staging,UI/UX,Low,P4,UI/UX
Bulk delete functional action removes wrong record IDs (on Kubernetes cluster node 3),Select all functional checkbox maps array index instead of database record ID. Note: Defect was verified on Kubernetes cluster node 3.,"1. Reproduce: Bulk delete functional action removes wrong record IDs
2. Observe result on Kubernetes cluster node 3",Execute functional deletion on selected database IDs only,Deletes wrong database records in functional execution,Development,General,Critical,P1,Functional
Incorrect functional pagination item count displayed on table footer (on mobile Safari browser),Footer displays total count from unfiltered dataset after applying functional search. Note: Defect was verified on mobile Safari browser.,"1. Reproduce: Incorrect functional pagination item count displayed on table footer
2. Observe result on mobile Safari browser",Update functional item count to match active search filter,Displays stale total count in table functional footer,Staging,General,High,P2,Functional
Export CSV functional feature truncates descriptions with commas (in microservice container),CSV functional generator fails to wrap string values in double quotes. Note: Defect was verified in microservice container.,"1. Reproduce: Export CSV functional feature truncates descriptions with commas
2. Observe result in microservice container",Escape commas in CSV functional export,Splits text across columns in functional export,Production,General,Medium,P3,Functional
Date picker functional filter applies timezone offset incorrectly (during load test run),Selecting start date converts time to UTC shifting selected functional day. Note: Defect was verified during load test run.,"1. Reproduce: Date picker functional filter applies timezone offset incorrectly
2. Observe result during load test run",Preserve selected date string in functional filter,Shifts selected date by -1 day in functional query,Production,General,Low,P4,Functional
Zapier webhook integration pipeline drops sync events (during load test run),Data integration sync pipeline fails to retry dropped HTTP events under failure. Note: Defect was verified during load test run.,"1. Reproduce: Zapier webhook integration pipeline drops sync events
2. Observe result during load test run",Guaranteed event delivery across integration pipeline,Integration sync events silently lost,Production,Integration,Critical,P1,Integration
Third-party REST integration API rate limit returns 429 error (observed in staging deployment),Exceeding vendor API quota throws uncaught integration exception in worker queue. Note: Defect was verified observed in staging deployment.,"1. Reproduce: Third-party REST integration API rate limit returns 429 error
2. Observe result observed in staging deployment",Implement exponential backoff retry in integration client,Integration worker process crashes,Production,Integration,High,P2,Integration
Jira issue integration sync fails on custom field schema mismatch (on mobile Safari browser),Custom field value formatting causes Jira integration REST API validation error. Note: Defect was verified on mobile Safari browser.,"1. Reproduce: Jira issue integration sync fails on custom field schema mismatch
2. Observe result on mobile Safari browser",Format payload according to Jira integration spec,Jira integration sync fails,Staging,Integration,Medium,P3,Integration
Slack webhook integration notification fails when title contains quotes (intermittently after session timeout),Unescaped double quotes in bug title break Slack integration JSON payload. Note: Defect was verified intermittently after session timeout.,"1. Reproduce: Slack webhook integration notification fails when title contains quotes
2. Observe result intermittently after session timeout",Sanitize JSON payload strings for integration webhook,Slack integration notification fails,Production,Integration,Low,P4,Integration
Cron job scheduler thread deadlocks halting automated tasks (intermittently after session timeout),Shared lock between scheduled tasks causes task runner service to stall. Note: Defect was verified intermittently after session timeout.,"1. Reproduce: Cron job scheduler thread deadlocks halting automated tasks
2. Observe result intermittently after session timeout",Isolated task execution threads for background jobs,Cron scheduler completely stops execution,Staging,General,Critical,P1,Other
Email notification sender address rejected by SPF DMARC policy (on mobile Safari browser),Outbound transaction email missing valid DKIM signature in mail header. Note: Defect was verified on mobile Safari browser.,"1. Reproduce: Email notification sender address rejected by SPF DMARC policy
2. Observe result on mobile Safari browser",Send authenticated email headers with DKIM signature,Notification emails marked as spam,Development,General,High,P2,Other
Help center documentation search returns 500 on special characters (after v1.4 patch release),Searching documentation with quotes throws unhandled server exception. Note: Defect was verified after v1.4 patch release.,"1. Reproduce: Help center documentation search returns 500 on special characters
2. Observe result after v1.4 patch release",Sanitize search input terms in documentation portal,500 Internal Server Error,Production,General,Medium,P3,Other
Typo in assignment notification email subject header text (intermittently after session timeout),Notification email subject contains spelling error: 'Bug Assignned'. Note: Defect was verified intermittently after session timeout.,"1. Reproduce: Typo in assignment notification email subject header text
2. Observe result intermittently after session timeout",Correct spelling: 'Bug Assigned',Displays 'Assignned' with double n,Development,General,Low,P4,Other
SQL Injection security vulnerability in login authentication field (on mobile Safari browser),Unsanitized user input in security field allows unauthenticated SQL injection exploit against user database. Note: Defect was verified on mobile Safari browser.,"1. Reproduce: SQL Injection security vulnerability in login authentication field
2. Observe result on mobile Safari browser",Security input sanitization and SQL parameterization should block injection payload,Security authentication check bypassed allowing unauthorized access,Development,Security,Critical,P1,Security
Cross-Site Scripting XSS security vulnerability in comment box (observed in staging deployment),Stored XSS security vulnerability executes arbitrary JavaScript in victim browser session. Note: Defect was verified observed in staging deployment.,"1. Reproduce: Cross-Site Scripting XSS security vulnerability in comment box
2. Observe result observed in staging deployment",Security HTML tag escaping should sanitize XSS payload,Malicious XSS script tag executes on profile page,Staging,Security,High,P2,Security
Missing security HTTP Content-Security-Policy headers (on Kubernetes cluster node 3),Application security response headers lack CSP protection against frame injection. Note: Defect was verified on Kubernetes cluster node 3.,"1. Reproduce: Missing security HTTP Content-Security-Policy headers
2. Observe result on Kubernetes cluster node 3",Include security response headers CSP and X-Frame-Options,Security response headers missing CSP directives,Staging,Security,Medium,P3,Security
Verbose server header leaks proxy security version info (under high concurrent traffic),HTTP Server security response header reveals backend proxy version string. Note: Defect was verified under high concurrent traffic.,"1. Reproduce: Verbose server header leaks proxy security version info
2. Observe result under high concurrent traffic",Mask security server version strings in production,Header leaks Server version information,Production,Security,Low,P4,Security
Payment gateway deadlock causing duplicate debit charge (during load test run),Concurrent payment checkout requests cause deadlock resulting in double credit card debit. Note: Defect was verified during load test run.,"1. Reproduce: Payment gateway deadlock causing duplicate debit charge
2. Observe result during load test run",Atomic payment transaction lock prevents duplicate charges,Payment fails with 500 error and debits customer twice,Production,Payment,Critical,P1,Payment
Stripe payment API webhook notification signature failure (during load test run),Asynchronous payment gateway notification webhook drops checkout completion events. Note: Defect was verified during load test run.,"1. Reproduce: Stripe payment API webhook notification signature failure
2. Observe result during load test run",Validate Stripe payment webhook signature correctly,Payment status remains pending after credit card charge,Development,Payment,High,P2,Payment
Currency symbol display mismatch in checkout payment summary (on Kubernetes cluster node 3),Payment conversion calculates correctly but displays wrong currency symbol prefix. Note: Defect was verified on Kubernetes cluster node 3.,"1. Reproduce: Currency symbol display mismatch in checkout payment summary
2. Observe result on Kubernetes cluster node 3",Display correct currency symbol on payment screen,Displays $ instead of EUR symbol for payment total,Development,Payment,Medium,P3,Payment
Saved payment card mask displays 14 visible digits (on mobile Safari browser),Credit card payment mask displays 14 visible digits on account billing page. Note: Defect was verified on mobile Safari browser.,"1. Reproduce: Saved payment card mask displays 14 visible digits
2. Observe result on mobile Safari browser",Mask all but last 4 payment card numbers,Payment card digits exposed on screen,Development,Payment,Low,P4,Payment
Database connection pool leak exhausts active DB connections (on mobile Safari browser),Unclosed database ORM sessions leak database connection pool capacity causing API crash. Note: Defect was verified on mobile Safari browser.,"1. Reproduce: Database connection pool leak exhausts active DB connections
2. Observe result on mobile Safari browser",Recycle idle database connection pool threads automatically,Database connection pool timeout error,Production,Database,Critical,P1,Database
Missing composite database index causes full table scan (after v1.4 patch release),Database query plan performs full table scan on 10 million database rows. Note: Defect was verified after v1.4 patch release.,"1. Reproduce: Missing composite database index causes full table scan
2. Observe result after v1.4 patch release",Execute database query using composite index under 50ms,Database query latency spikes to 9 seconds,Production,Database,High,P2,Database
Read replica database synchronization delay lag (in microservice container),Replication lag on secondary database instance returns stale database records. Note: Defect was verified in microservice container.,"1. Reproduce: Read replica database synchronization delay lag
2. Observe result in microservice container",Database replication sync delay under 200ms,Stale database records returned to read query,Development,Database,Medium,P3,Database
Database migration script outputs deprecated syntax warning (observed in staging deployment),Database schema migration succeeds but logs SQL index syntax warning. Note: Defect was verified observed in staging deployment.,"1. Reproduce: Database migration script outputs deprecated syntax warning
2. Observe result observed in staging deployment",Clean database migration execution logs,Deprecated database index syntax warning logged,Staging,Database,Low,P4,Database
Memory leak during PDF export triggers OOM performance crash (under high concurrent traffic),Exporting PDF documents consumes 4GB heap RAM memory causing OOM performance killer crash. Note: Defect was verified under high concurrent traffic.,"1. Reproduce: Memory leak during PDF export triggers OOM performance crash
2. Observe result under high concurrent traffic",Optimize PDF stream memory allocation under 250MB,Performance crash with OutOfMemory error,Development,Performance,Critical,P1,Performance
High CPU utilization spike during concurrent CSV file parsing (on Kubernetes cluster node 3),Parsing 500MB CSV file locks CPU performance threads causing API response lag. Note: Defect was verified on Kubernetes cluster node 3.,"1. Reproduce: High CPU utilization spike during concurrent CSV file parsing
2. Observe result on Kubernetes cluster node 3",Process CSV parsing in async background queue to maintain performance,Server CPU spikes to 100% performance degradation,Production,Performance,High,P2,Performance
N+1 SQL query loop in list view degrades page load performance (after v1.4 patch release),Looping over table records triggers 150 individual SQL queries degrading performance. Note: Defect was verified after v1.4 patch release.,"1. Reproduce: N+1 SQL query loop in list view degrades page load performance
2. Observe result after v1.4 patch release",Use eager loading SQL joins for page performance,150 separate queries degrade load performance,Production,Performance,Medium,P3,Performance
Unused JavaScript bundle assets increase page load time (on mobile Safari browser),Legacy library dependencies included in main production bundle slowing performance. Note: Defect was verified on mobile Safari browser.,"1. Reproduce: Unused JavaScript bundle assets increase page load time
2. Observe result on mobile Safari browser",Tree-shake unused script files for optimal frontend performance,Bundle size 50KB larger than optimal performance benchmark,Development,Performance,Low,P4,Performance
Multi-Factor Authentication MFA bypass via direct login route (during load test run),Navigating directly to protected URL skips mandatory MFA passcode prompt during authentication. Note: Defect was verified during load test run.,"1. Reproduce: Multi-Factor Authentication MFA bypass via direct login route
2. Observe result during load test run",Enforce MFA authentication before issuing access token,Bypasses authentication MFA verification check,Staging,Authentication,Critical,P1,Authentication
OAuth2 SSO authentication callback loop state mismatch (during load test run),Single Sign-On SSO authentication redirect fails for Azure AD login users. Note: Defect was verified during load test run.,"1. Reproduce: OAuth2 SSO authentication callback loop state mismatch
2. Observe result during load test run",Validate SSO authentication state token cleanly,Authentication redirect loop with 403 error,Staging,Authentication,High,P2,Authentication
Password reset token does not expire after single redemption (in microservice container),Password reset link remains active for authentication multiple times. Note: Defect was verified in microservice container.,"1. Reproduce: Password reset token does not expire after single redemption
2. Observe result in microservice container",Invalidate password reset token after single authentication use,Reset token re-usable for 24 hours,Production,Authentication,Medium,P3,Authentication
Login form password input field missing autocomplete attribute (when running background cron job),Password manager browser extension fails to auto-fill authentication password field. Note: Defect was verified when running background cron job.,"1. Reproduce: Login form password input field missing autocomplete attribute
2. Observe result when running background cron job",Set autocomplete='current-password' for authentication UX,Password manager fails to detect field,Staging,Authentication,Low,P4,Authentication
HTTP 504 Gateway Timeout on microservice network proxy (intermittently after session timeout),Network API gateway proxy drops inbound requests taking longer than 30 seconds. Note: Defect was verified intermittently after session timeout.,"1. Reproduce: HTTP 504 Gateway Timeout on microservice network proxy
2. Observe result intermittently after session timeout",Maintain network proxy connection for long requests,Network proxy returns 504 Gateway Timeout,Staging,Network,Critical,P1,Network
WebSocket live stream network connection drops every 60 seconds (after v1.4 patch release),Missing network ping heartbeat ping causes reverse proxy to terminate socket connection. Note: Defect was verified after v1.4 patch release.,"1. Reproduce: WebSocket live stream network connection drops every 60 seconds
2. Observe result after v1.4 patch release",Send periodic WebSocket network keep-alive ping,Network socket connection closes with code 1006,Staging,Network,High,P2,Network
CORS preflight network request fails on custom HTTP headers (when running background cron job),OPTIONS network request returns 403 Forbidden due to missing Access-Control header. Note: Defect was verified when running background cron job.,"1. Reproduce: CORS preflight network request fails on custom HTTP headers
2. Observe result when running background cron job",Allow custom headers in CORS network handler,Browser blocks cross-origin network API request,Development,Network,Medium,P3,Network
DNS lookup retry delay adds 150ms latency to network calls (after v1.4 patch release),Secondary DNS network resolver lookup retries before resolving hostname. Note: Defect was verified after v1.4 patch release.,"1. Reproduce: DNS lookup retry delay adds 150ms latency to network calls
2. Observe result after v1.4 patch release",Fast primary DNS network resolution under 10ms,Intermittent 150ms network delay,Development,Network,Low,P4,Network
Modal dialog close button unclickable on mobile viewport UI/UX (on Kubernetes cluster node 3),Modal close button positioned outside viewport UI/UX touch boundary. Note: Defect was verified on Kubernetes cluster node 3.,"1. Reproduce: Modal dialog close button unclickable on mobile viewport UI/UX
2. Observe result on Kubernetes cluster node 3",Responsive UI/UX modal bounds with accessible tap target,User stuck on modal UI/UX screen,Staging,UI/UX,Critical,P1,UI/UX
Filter dropdown selected values fail to clear on reset UI/UX click (when running background cron job),Clicking Clear Filters resets text but leaves dropdown selection active in UI/UX state. Note: Defect was verified when running background cron job.,"1. Reproduce: Filter dropdown selected values fail to clear on reset UI/UX click
2. Observe result when running background cron job",Reset all UI/UX filter components to default state,Dropdown selection remains active in UI/UX state,Development,UI/UX,High,P2,UI/UX
Dark mode text contrast ratio fails accessibility UI/UX guidelines (in microservice container),Muted gray text on dark background has insufficient contrast ratio in UI/UX theme. Note: Defect was verified in microservice container.,"1. Reproduce: Dark mode text contrast ratio fails accessibility UI/UX guidelines
2. Observe result in microservice container",Maintain WCAG AAA contrast ratio 4.5:1 for UI/UX,Text illegible in dark UI/UX theme,Production,UI/UX,Medium,P3,UI/UX
User avatar image renders broken placeholder icon on CDN UI/UX 404 (under high concurrent traffic),Broken image icon rendered when user profile picture URL fails in UI/UX. Note: Defect was verified under high concurrent traffic.,"1. Reproduce: User avatar image renders broken placeholder icon on CDN UI/UX 404
2. Observe result under high concurrent traffic",Render fallback initial avatar icon in UI/UX,Broken image placeholder shown in UI/UX layout,Production,UI/UX,Low,P4,UI/UX
Bulk delete functional action removes wrong record IDs (when running background cron job),Select all functional checkbox maps array index instead of database record ID. Note: Defect was verified when running background cron job.,"1. Reproduce: Bulk delete functional action removes wrong record IDs
2. Observe result when running background cron job",Execute functional deletion on selected database IDs only,Deletes wrong database records in functional execution,Development,General,Critical,P1,Functional
Incorrect functional pagination item count displayed on table footer (under high concurrent traffic),Footer displays total count from unfiltered dataset after applying functional search. Note: Defect was verified under high concurrent traffic.,"1. Reproduce: Incorrect functional pagination item count displayed on table footer
2. Observe result under high concurrent traffic",Update functional item count to match active search filter,Displays stale total count in table functional footer,Production,General,High,P2,Functional
Export CSV functional feature truncates descriptions with commas (after v1.4 patch release),CSV functional generator fails to wrap string values in double quotes. Note: Defect was verified after v1.4 patch release.,"1. Reproduce: Export CSV functional feature truncates descriptions with commas
2. Observe result after v1.4 patch release",Escape commas in CSV functional export,Splits text across columns in functional export,Staging,General,Medium,P3,Functional
Date picker functional filter applies timezone offset incorrectly (on mobile Safari browser),Selecting start date converts time to UTC shifting selected functional day. Note: Defect was verified on mobile Safari browser.,"1. Reproduce: Date picker functional filter applies timezone offset incorrectly
2. Observe result on mobile Safari browser",Preserve selected date string in functional filter,Shifts selected date by -1 day in functional query,Staging,General,Low,P4,Functional
Zapier webhook integration pipeline drops sync events (in microservice container),Data integration sync pipeline fails to retry dropped HTTP events under failure. Note: Defect was verified in microservice container.,"1. Reproduce: Zapier webhook integration pipeline drops sync events
2. Observe result in microservice container",Guaranteed event delivery across integration pipeline,Integration sync events silently lost,Production,Integration,Critical,P1,Integration
Third-party REST integration API rate limit returns 429 error (when running background cron job),Exceeding vendor API quota throws uncaught integration exception in worker queue. Note: Defect was verified when running background cron job.,"1. Reproduce: Third-party REST integration API rate limit returns 429 error
2. Observe result when running background cron job",Implement exponential backoff retry in integration client,Integration worker process crashes,Staging,Integration,High,P2,Integration
Jira issue integration sync fails on custom field schema mismatch (on Kubernetes cluster node 3),Custom field value formatting causes Jira integration REST API validation error. Note: Defect was verified on Kubernetes cluster node 3.,"1. Reproduce: Jira issue integration sync fails on custom field schema mismatch
2. Observe result on Kubernetes cluster node 3",Format payload according to Jira integration spec,Jira integration sync fails,Staging,Integration,Medium,P3,Integration
Slack webhook integration notification fails when title contains quotes (when running background cron job),Unescaped double quotes in bug title break Slack integration JSON payload. Note: Defect was verified when running background cron job.,"1. Reproduce: Slack webhook integration notification fails when title contains quotes
2. Observe result when running background cron job",Sanitize JSON payload strings for integration webhook,Slack integration notification fails,Staging,Integration,Low,P4,Integration
Cron job scheduler thread deadlocks halting automated tasks (during load test run),Shared lock between scheduled tasks causes task runner service to stall. Note: Defect was verified during load test run.,"1. Reproduce: Cron job scheduler thread deadlocks halting automated tasks
2. Observe result during load test run",Isolated task execution threads for background jobs,Cron scheduler completely stops execution,Staging,General,Critical,P1,Other
Email notification sender address rejected by SPF DMARC policy (when running background cron job),Outbound transaction email missing valid DKIM signature in mail header. Note: Defect was verified when running background cron job.,"1. Reproduce: Email notification sender address rejected by SPF DMARC policy
2. Observe result when running background cron job",Send authenticated email headers with DKIM signature,Notification emails marked as spam,Production,General,High,P2,Other
Help center documentation search returns 500 on special characters (after v1.4 patch release),Searching documentation with quotes throws unhandled server exception. Note: Defect was verified after v1.4 patch release.,"1. Reproduce: Help center documentation search returns 500 on special characters
2. Observe result after v1.4 patch release",Sanitize search input terms in documentation portal,500 Internal Server Error,Development,General,Medium,P3,Other
Typo in assignment notification email subject header text (on Kubernetes cluster node 3),Notification email subject contains spelling error: 'Bug Assignned'. Note: Defect was verified on Kubernetes cluster node 3.,"1. Reproduce: Typo in assignment notification email subject header text
2. Observe result on Kubernetes cluster node 3",Correct spelling: 'Bug Assigned',Displays 'Assignned' with double n,Production,General,Low,P4,Other
SQL Injection security vulnerability in login authentication field (observed in staging deployment),Unsanitized user input in security field allows unauthenticated SQL injection exploit against user database. Note: Defect was verified observed in staging deployment.,"1. Reproduce: SQL Injection security vulnerability in login authentication field
2. Observe result observed in staging deployment",Security input sanitization and SQL parameterization should block injection payload,Security authentication check bypassed allowing unauthorized access,Production,Security,Critical,P1,Security
Cross-Site Scripting XSS security vulnerability in comment box (intermittently after session timeout),Stored XSS security vulnerability executes arbitrary JavaScript in victim browser session. Note: Defect was verified intermittently after session timeout.,"1. Reproduce: Cross-Site Scripting XSS security vulnerability in comment box
2. Observe result intermittently after session timeout",Security HTML tag escaping should sanitize XSS payload,Malicious XSS script tag executes on profile page,Staging,Security,High,P2,Security
Missing security HTTP Content-Security-Policy headers (observed in staging deployment),Application security response headers lack CSP protection against frame injection. Note: Defect was verified observed in staging deployment.,"1. Reproduce: Missing security HTTP Content-Security-Policy headers
2. Observe result observed in staging deployment",Include security response headers CSP and X-Frame-Options,Security response headers missing CSP directives,Production,Security,Medium,P3,Security
Verbose server header leaks proxy security version info (after v1.4 patch release),HTTP Server security response header reveals backend proxy version string. Note: Defect was verified after v1.4 patch release.,"1. Reproduce: Verbose server header leaks proxy security version info
2. Observe result after v1.4 patch release",Mask security server version strings in production,Header leaks Server version information,Development,Security,Low,P4,Security
Payment gateway deadlock causing duplicate debit charge (on mobile Safari browser),Concurrent payment checkout requests cause deadlock resulting in double credit card debit. Note: Defect was verified on mobile Safari browser.,"1. Reproduce: Payment gateway deadlock causing duplicate debit charge
2. Observe result on mobile Safari browser",Atomic payment transaction lock prevents duplicate charges,Payment fails with 500 error and debits customer twice,Development,Payment,Critical,P1,Payment
Stripe payment API webhook notification signature failure (on Kubernetes cluster node 3),Asynchronous payment gateway notification webhook drops checkout completion events. Note: Defect was verified on Kubernetes cluster node 3.,"1. Reproduce: Stripe payment API webhook notification signature failure
2. Observe result on Kubernetes cluster node 3",Validate Stripe payment webhook signature correctly,Payment status remains pending after credit card charge,Staging,Payment,High,P2,Payment
Currency symbol display mismatch in checkout payment summary (under high concurrent traffic),Payment conversion calculates correctly but displays wrong currency symbol prefix. Note: Defect was verified under high concurrent traffic.,"1. Reproduce: Currency symbol display mismatch in checkout payment summary
2. Observe result under high concurrent traffic",Display correct currency symbol on payment screen,Displays $ instead of EUR symbol for payment total,Staging,Payment,Medium,P3,Payment
Saved payment card mask displays 14 visible digits (in microservice container),Credit card payment mask displays 14 visible digits on account billing page. Note: Defect was verified in microservice container.,"1. Reproduce: Saved payment card mask displays 14 visible digits
2. Observe result in microservice container",Mask all but last 4 payment card numbers,Payment card digits exposed on screen,Staging,Payment,Low,P4,Payment
Database connection pool leak exhausts active DB connections (observed in staging deployment),Unclosed database ORM sessions leak database connection pool capacity causing API crash. Note: Defect was verified observed in staging deployment.,"1. Reproduce: Database connection pool leak exhausts active DB connections
2. Observe result observed in staging deployment",Recycle idle database connection pool threads automatically,Database connection pool timeout error,Development,Database,Critical,P1,Database
Missing composite database index causes full table scan (when running background cron job),Database query plan performs full table scan on 10 million database rows. Note: Defect was verified when running background cron job.,"1. Reproduce: Missing composite database index causes full table scan
2. Observe result when running background cron job",Execute database query using composite index under 50ms,Database query latency spikes to 9 seconds,Staging,Database,High,P2,Database
Read replica database synchronization delay lag (when running background cron job),Replication lag on secondary database instance returns stale database records. Note: Defect was verified when running background cron job.,"1. Reproduce: Read replica database synchronization delay lag
2. Observe result when running background cron job",Database replication sync delay under 200ms,Stale database records returned to read query,Production,Database,Medium,P3,Database
Database migration script outputs deprecated syntax warning (observed in staging deployment),Database schema migration succeeds but logs SQL index syntax warning. Note: Defect was verified observed in staging deployment.,"1. Reproduce: Database migration script outputs deprecated syntax warning
2. Observe result observed in staging deployment",Clean database migration execution logs,Deprecated database index syntax warning logged,Development,Database,Low,P4,Database
Memory leak during PDF export triggers OOM performance crash (intermittently after session timeout),Exporting PDF documents consumes 4GB heap RAM memory causing OOM performance killer crash. Note: Defect was verified intermittently after session timeout.,"1. Reproduce: Memory leak during PDF export triggers OOM performance crash
2. Observe result intermittently after session timeout",Optimize PDF stream memory allocation under 250MB,Performance crash with OutOfMemory error,Staging,Performance,Critical,P1,Performance
High CPU utilization spike during concurrent CSV file parsing (intermittently after session timeout),Parsing 500MB CSV file locks CPU performance threads causing API response lag. Note: Defect was verified intermittently after session timeout.,"1. Reproduce: High CPU utilization spike during concurrent CSV file parsing
2. Observe result intermittently after session timeout",Process CSV parsing in async background queue to maintain performance,Server CPU spikes to 100% performance degradation,Production,Performance,High,P2,Performance
N+1 SQL query loop in list view degrades page load performance (on Kubernetes cluster node 3),Looping over table records triggers 150 individual SQL queries degrading performance. Note: Defect was verified on Kubernetes cluster node 3.,"1. Reproduce: N+1 SQL query loop in list view degrades page load performance
2. Observe result on Kubernetes cluster node 3",Use eager loading SQL joins for page performance,150 separate queries degrade load performance,Development,Performance,Medium,P3,Performance
Unused JavaScript bundle assets increase page load time (under high concurrent traffic),Legacy library dependencies included in main production bundle slowing performance. Note: Defect was verified under high concurrent traffic.,"1. Reproduce: Unused JavaScript bundle assets increase page load time
2. Observe result under high concurrent traffic",Tree-shake unused script files for optimal frontend performance,Bundle size 50KB larger than optimal performance benchmark,Production,Performance,Low,P4,Performance
Multi-Factor Authentication MFA bypass via direct login route (after v1.4 patch release),Navigating directly to protected URL skips mandatory MFA passcode prompt during authentication. Note: Defect was verified after v1.4 patch release.,"1. Reproduce: Multi-Factor Authentication MFA bypass via direct login route
2. Observe result after v1.4 patch release",Enforce MFA authentication before issuing access token,Bypasses authentication MFA verification check,Staging,Authentication,Critical,P1,Authentication
OAuth2 SSO authentication callback loop state mismatch (on mobile Safari browser),Single Sign-On SSO authentication redirect fails for Azure AD login users. Note: Defect was verified on mobile Safari browser.,"1. Reproduce: OAuth2 SSO authentication callback loop state mismatch
2. Observe result on mobile Safari browser",Validate SSO authentication state token cleanly,Authentication redirect loop with 403 error,Staging,Authentication,High,P2,Authentication
Password reset token does not expire after single redemption (on mobile Safari browser),Password reset link remains active for authentication multiple times. Note: Defect was verified on mobile Safari browser.,"1. Reproduce: Password reset token does not expire after single redemption
2. Observe result on mobile Safari browser",Invalidate password reset token after single authentication use,Reset token re-usable for 24 hours,Development,Authentication,Medium,P3,Authentication
Login form password input field missing autocomplete attribute (when running background cron job),Password manager browser extension fails to auto-fill authentication password field. Note: Defect was verified when running background cron job.,"1. Reproduce: Login form password input field missing autocomplete attribute
2. Observe result when running background cron job",Set autocomplete='current-password' for authentication UX,Password manager fails to detect field,Development,Authentication,Low,P4,Authentication
HTTP 504 Gateway Timeout on microservice network proxy (after v1.4 patch release),Network API gateway proxy drops inbound requests taking longer than 30 seconds. Note: Defect was verified after v1.4 patch release.,"1. Reproduce: HTTP 504 Gateway Timeout on microservice network proxy
2. Observe result after v1.4 patch release",Maintain network proxy connection for long requests,Network proxy returns 504 Gateway Timeout,Production,Network,Critical,P1,Network
WebSocket live stream network connection drops every 60 seconds (observed in staging deployment),Missing network ping heartbeat ping causes reverse proxy to terminate socket connection. Note: Defect was verified observed in staging deployment.,"1. Reproduce: WebSocket live stream network connection drops every 60 seconds
2. Observe result observed in staging deployment",Send periodic WebSocket network keep-alive ping,Network socket connection closes with code 1006,Development,Network,High,P2,Network
CORS preflight network request fails on custom HTTP headers (intermittently after session timeout),OPTIONS network request returns 403 Forbidden due to missing Access-Control header. Note: Defect was verified intermittently after session timeout.,"1. Reproduce: CORS preflight network request fails on custom HTTP headers
2. Observe result intermittently after session timeout",Allow custom headers in CORS network handler,Browser blocks cross-origin network API request,Production,Network,Medium,P3,Network
DNS lookup retry delay adds 150ms latency to network calls (on Kubernetes cluster node 3),Secondary DNS network resolver lookup retries before resolving hostname. Note: Defect was verified on Kubernetes cluster node 3.,"1. Reproduce: DNS lookup retry delay adds 150ms latency to network calls
2. Observe result on Kubernetes cluster node 3",Fast primary DNS network resolution under 10ms,Intermittent 150ms network delay,Staging,Network,Low,P4,Network
Modal dialog close button unclickable on mobile viewport UI/UX (observed in staging deployment),Modal close button positioned outside viewport UI/UX touch boundary. Note: Defect was verified observed in staging deployment.,"1. Reproduce: Modal dialog close button unclickable on mobile viewport UI/UX
2. Observe result observed in staging deployment",Responsive UI/UX modal bounds with accessible tap target,User stuck on modal UI/UX screen,Staging,UI/UX,Critical,P1,UI/UX
Filter dropdown selected values fail to clear on reset UI/UX click (on Kubernetes cluster node 3),Clicking Clear Filters resets text but leaves dropdown selection active in UI/UX state. Note: Defect was verified on Kubernetes cluster node 3.,"1. Reproduce: Filter dropdown selected values fail to clear on reset UI/UX click
2. Observe result on Kubernetes cluster node 3",Reset all UI/UX filter components to default state,Dropdown selection remains active in UI/UX state,Development,UI/UX,High,P2,UI/UX
Dark mode text contrast ratio fails accessibility UI/UX guidelines (intermittently after session timeout),Muted gray text on dark background has insufficient contrast ratio in UI/UX theme. Note: Defect was verified intermittently after session timeout.,"1. Reproduce: Dark mode text contrast ratio fails accessibility UI/UX guidelines
2. Observe result intermittently after session timeout",Maintain WCAG AAA contrast ratio 4.5:1 for UI/UX,Text illegible in dark UI/UX theme,Production,UI/UX,Medium,P3,UI/UX
User avatar image renders broken placeholder icon on CDN UI/UX 404 (on mobile Safari browser),Broken image icon rendered when user profile picture URL fails in UI/UX. Note: Defect was verified on mobile Safari browser.,"1. Reproduce: User avatar image renders broken placeholder icon on CDN UI/UX 404
2. Observe result on mobile Safari browser",Render fallback initial avatar icon in UI/UX,Broken image placeholder shown in UI/UX layout,Development,UI/UX,Low,P4,UI/UX
Bulk delete functional action removes wrong record IDs (observed in staging deployment),Select all functional checkbox maps array index instead of database record ID. Note: Defect was verified observed in staging deployment.,"1. Reproduce: Bulk delete functional action removes wrong record IDs
2. Observe result observed in staging deployment",Execute functional deletion on selected database IDs only,Deletes wrong database records in functional execution,Production,General,Critical,P1,Functional
Incorrect functional pagination item count displayed on table footer (when running background cron job),Footer displays total count from unfiltered dataset after applying functional search. Note: Defect was verified when running background cron job.,"1. Reproduce: Incorrect functional pagination item count displayed on table footer
2. Observe result when running background cron job",Update functional item count to match active search filter,Displays stale total count in table functional footer,Development,General,High,P2,Functional
Export CSV functional feature truncates descriptions with commas (after v1.4 patch release),CSV functional generator fails to wrap string values in double quotes. Note: Defect was verified after v1.4 patch release.,"1. Reproduce: Export CSV functional feature truncates descriptions with commas
2. Observe result after v1.4 patch release",Escape commas in CSV functional export,Splits text across columns in functional export,Production,General,Medium,P3,Functional
Date picker functional filter applies timezone offset incorrectly (when running background cron job),Selecting start date converts time to UTC shifting selected functional day. Note: Defect was verified when running background cron job.,"1. Reproduce: Date picker functional filter applies timezone offset incorrectly
2. Observe result when running background cron job",Preserve selected date string in functional filter,Shifts selected date by -1 day in functional query,Production,General,Low,P4,Functional
Zapier webhook integration pipeline drops sync events (intermittently after session timeout),Data integration sync pipeline fails to retry dropped HTTP events under failure. Note: Defect was verified intermittently after session timeout.,"1. Reproduce: Zapier webhook integration pipeline drops sync events
2. Observe result intermittently after session timeout",Guaranteed event delivery across integration pipeline,Integration sync events silently lost,Staging,Integration,Critical,P1,Integration
Third-party REST integration API rate limit returns 429 error (in microservice container),Exceeding vendor API quota throws uncaught integration exception in worker queue. Note: Defect was verified in microservice container.,"1. Reproduce: Third-party REST integration API rate limit returns 429 error
2. Observe result in microservice container",Implement exponential backoff retry in integration client,Integration worker process crashes,Development,Integration,High,P2,Integration
Jira issue integration sync fails on custom field schema mismatch (on Kubernetes cluster node 3),Custom field value formatting causes Jira integration REST API validation error. Note: Defect was verified on Kubernetes cluster node 3.,"1. Reproduce: Jira issue integration sync fails on custom field schema mismatch
2. Observe result on Kubernetes cluster node 3",Format payload according to Jira integration spec,Jira integration sync fails,Production,Integration,Medium,P3,Integration
Slack webhook integration notification fails when title contains quotes (in microservice container),Unescaped double quotes in bug title break Slack integration JSON payload. Note: Defect was verified in microservice container.,"1. Reproduce: Slack webhook integration notification fails when title contains quotes
2. Observe result in microservice container",Sanitize JSON payload strings for integration webhook,Slack integration notification fails,Staging,Integration,Low,P4,Integration
Cron job scheduler thread deadlocks halting automated tasks (on Kubernetes cluster node 3),Shared lock between scheduled tasks causes task runner service to stall. Note: Defect was verified on Kubernetes cluster node 3.,"1. Reproduce: Cron job scheduler thread deadlocks halting automated tasks
2. Observe result on Kubernetes cluster node 3",Isolated task execution threads for background jobs,Cron scheduler completely stops execution,Staging,General,Critical,P1,Other
Email notification sender address rejected by SPF DMARC policy (under high concurrent traffic),Outbound transaction email missing valid DKIM signature in mail header. Note: Defect was verified under high concurrent traffic.,"1. Reproduce: Email notification sender address rejected by SPF DMARC policy
2. Observe result under high concurrent traffic",Send authenticated email headers with DKIM signature,Notification emails marked as spam,Production,General,High,P2,Other
Help center documentation search returns 500 on special characters (in microservice container),Searching documentation with quotes throws unhandled server exception. Note: Defect was verified in microservice container.,"1. Reproduce: Help center documentation search returns 500 on special characters
2. Observe result in microservice container",Sanitize search input terms in documentation portal,500 Internal Server Error,Production,General,Medium,P3,Other
Typo in assignment notification email subject header text (after v1.4 patch release),Notification email subject contains spelling error: 'Bug Assignned'. Note: Defect was verified after v1.4 patch release.,"1. Reproduce: Typo in assignment notification email subject header text
2. Observe result after v1.4 patch release",Correct spelling: 'Bug Assigned',Displays 'Assignned' with double n,Development,General,Low,P4,Other
SQL Injection security vulnerability in login authentication field (on Kubernetes cluster node 3),Unsanitized user input in security field allows unauthenticated SQL injection exploit against user database. Note: Defect was verified on Kubernetes cluster node 3.,"1. Reproduce: SQL Injection security vulnerability in login authentication field
2. Observe result on Kubernetes cluster node 3",Security input sanitization and SQL parameterization should block injection payload,Security authentication check bypassed allowing unauthorized access,Staging,Security,Critical,P1,Security
Cross-Site Scripting XSS security vulnerability in comment box (intermittently after session timeout),Stored XSS security vulnerability executes arbitrary JavaScript in victim browser session. Note: Defect was verified intermittently after session timeout.,"1. Reproduce: Cross-Site Scripting XSS security vulnerability in comment box
2. Observe result intermittently after session timeout",Security HTML tag escaping should sanitize XSS payload,Malicious XSS script tag executes on profile page,Development,Security,High,P2,Security
Missing security HTTP Content-Security-Policy headers (when running background cron job),Application security response headers lack CSP protection against frame injection. Note: Defect was verified when running background cron job.,"1. Reproduce: Missing security HTTP Content-Security-Policy headers
2. Observe result when running background cron job",Include security response headers CSP and X-Frame-Options,Security response headers missing CSP directives,Production,Security,Medium,P3,Security
Verbose server header leaks proxy security version info (in microservice container),HTTP Server security response header reveals backend proxy version string. Note: Defect was verified in microservice container.,"1. Reproduce: Verbose server header leaks proxy security version info
2. Observe result in microservice container",Mask security server version strings in production,Header leaks Server version information,Production,Security,Low,P4,Security
Payment gateway deadlock causing duplicate debit charge (during load test run),Concurrent payment checkout requests cause deadlock resulting in double credit card debit. Note: Defect was verified during load test run.,"1. Reproduce: Payment gateway deadlock causing duplicate debit charge
2. Observe result during load test run",Atomic payment transaction lock prevents duplicate charges,Payment fails with 500 error and debits customer twice,Development,Payment,Critical,P1,Payment
Stripe payment API webhook notification signature failure (when running background cron job),Asynchronous payment gateway notification webhook drops checkout completion events. Note: Defect was verified when running background cron job.,"1. Reproduce: Stripe payment API webhook notification signature failure
2. Observe result when running background cron job",Validate Stripe payment webhook signature correctly,Payment status remains pending after credit card charge,Development,Payment,High,P2,Payment
Currency symbol display mismatch in checkout payment summary (when running background cron job),Payment conversion calculates correctly but displays wrong currency symbol prefix. Note: Defect was verified when running background cron job.,"1. Reproduce: Currency symbol display mismatch in checkout payment summary
2. Observe result when running background cron job",Display correct currency symbol on payment screen,Displays $ instead of EUR symbol for payment total,Production,Payment,Medium,P3,Payment
Saved payment card mask displays 14 visible digits (in microservice container),Credit card payment mask displays 14 visible digits on account billing page. Note: Defect was verified in microservice container.,"1. Reproduce: Saved payment card mask displays 14 visible digits
2. Observe result in microservice container",Mask all but last 4 payment card numbers,Payment card digits exposed on screen,Development,Payment,Low,P4,Payment
Database connection pool leak exhausts active DB connections (when running background cron job),Unclosed database ORM sessions leak database connection pool capacity causing API crash. Note: Defect was verified when running background cron job.,"1. Reproduce: Database connection pool leak exhausts active DB connections
2. Observe result when running background cron job",Recycle idle database connection pool threads automatically,Database connection pool timeout error,Staging,Database,Critical,P1,Database
Missing composite database index causes full table scan (during load test run),Database query plan performs full table scan on 10 million database rows. Note: Defect was verified during load test run.,"1. Reproduce: Missing composite database index causes full table scan
2. Observe result during load test run",Execute database query using composite index under 50ms,Database query latency spikes to 9 seconds,Development,Database,High,P2,Database
Read replica database synchronization delay lag (after v1.4 patch release),Replication lag on secondary database instance returns stale database records. Note: Defect was verified after v1.4 patch release.,"1. Reproduce: Read replica database synchronization delay lag
2. Observe result after v1.4 patch release",Database replication sync delay under 200ms,Stale database records returned to read query,Production,Database,Medium,P3,Database
Database migration script outputs deprecated syntax warning (during load test run),Database schema migration succeeds but logs SQL index syntax warning. Note: Defect was verified during load test run.,"1. Reproduce: Database migration script outputs deprecated syntax warning
2. Observe result during load test run",Clean database migration execution logs,Deprecated database index syntax warning logged,Production,Database,Low,P4,Database
Memory leak during PDF export triggers OOM performance crash (during load test run),Exporting PDF documents consumes 4GB heap RAM memory causing OOM performance killer crash. Note: Defect was verified during load test run.,"1. Reproduce: Memory leak during PDF export triggers OOM performance crash
2. Observe result during load test run",Optimize PDF stream memory allocation under 250MB,Performance crash with OutOfMemory error,Staging,Performance,Critical,P1,Performance
High CPU utilization spike during concurrent CSV file parsing (during load test run),Parsing 500MB CSV file locks CPU performance threads causing API response lag. Note: Defect was verified during load test run.,"1. Reproduce: High CPU utilization spike during concurrent CSV file parsing
2. Observe result during load test run",Process CSV parsing in async background queue to maintain performance,Server CPU spikes to 100% performance degradation,Staging,Performance,High,P2,Performance
N+1 SQL query loop in list view degrades page load performance (intermittently after session timeout),Looping over table records triggers 150 individual SQL queries degrading performance. Note: Defect was verified intermittently after session timeout.,"1. Reproduce: N+1 SQL query loop in list view degrades page load performance
2. Observe result intermittently after session timeout",Use eager loading SQL joins for page performance,150 separate queries degrade load performance,Production,Performance,Medium,P3,Performance
Unused JavaScript bundle assets increase page load time (after v1.4 patch release),Legacy library dependencies included in main production bundle slowing performance. Note: Defect was verified after v1.4 patch release.,"1. Reproduce: Unused JavaScript bundle assets increase page load time
2. Observe result after v1.4 patch release",Tree-shake unused script files for optimal frontend performance,Bundle size 50KB larger than optimal performance benchmark,Development,Performance,Low,P4,Performance
Multi-Factor Authentication MFA bypass via direct login route (in microservice container),Navigating directly to protected URL skips mandatory MFA passcode prompt during authentication. Note: Defect was verified in microservice container.,"1. Reproduce: Multi-Factor Authentication MFA bypass via direct login route
2. Observe result in microservice container",Enforce MFA authentication before issuing access token,Bypasses authentication MFA verification check,Development,Authentication,Critical,P1,Authentication
OAuth2 SSO authentication callback loop state mismatch (after v1.4 patch release),Single Sign-On SSO authentication redirect fails for Azure AD login users. Note: Defect was verified after v1.4 patch release.,"1. Reproduce: OAuth2 SSO authentication callback loop state mismatch
2. Observe result after v1.4 patch release",Validate SSO authentication state token cleanly,Authentication redirect loop with 403 error,Production,Authentication,High,P2,Authentication
Password reset token does not expire after single redemption (during load test run),Password reset link remains active for authentication multiple times. Note: Defect was verified during load test run.,"1. Reproduce: Password reset token does not expire after single redemption
2. Observe result during load test run",Invalidate password reset token after single authentication use,Reset token re-usable for 24 hours,Production,Authentication,Medium,P3,Authentication
Login form password input field missing autocomplete attribute (during load test run),Password manager browser extension fails to auto-fill authentication password field. Note: Defect was verified during load test run.,"1. Reproduce: Login form password input field missing autocomplete attribute
2. Observe result during load test run",Set autocomplete='current-password' for authentication UX,Password manager fails to detect field,Staging,Authentication,Low,P4,Authentication
HTTP 504 Gateway Timeout on microservice network proxy (under high concurrent traffic),Network API gateway proxy drops inbound requests taking longer than 30 seconds. Note: Defect was verified under high concurrent traffic.,"1. Reproduce: HTTP 504 Gateway Timeout on microservice network proxy
2. Observe result under high concurrent traffic",Maintain network proxy connection for long requests,Network proxy returns 504 Gateway Timeout,Development,Network,Critical,P1,Network
WebSocket live stream network connection drops every 60 seconds (during load test run),Missing network ping heartbeat ping causes reverse proxy to terminate socket connection. Note: Defect was verified during load test run.,"1. Reproduce: WebSocket live stream network connection drops every 60 seconds
2. Observe result during load test run",Send periodic WebSocket network keep-alive ping,Network socket connection closes with code 1006,Production,Network,High,P2,Network
CORS preflight network request fails on custom HTTP headers (on Kubernetes cluster node 3),OPTIONS network request returns 403 Forbidden due to missing Access-Control header. Note: Defect was verified on Kubernetes cluster node 3.,"1. Reproduce: CORS preflight network request fails on custom HTTP headers
2. Observe result on Kubernetes cluster node 3",Allow custom headers in CORS network handler,Browser blocks cross-origin network API request,Development,Network,Medium,P3,Network
DNS lookup retry delay adds 150ms latency to network calls (after v1.4 patch release),Secondary DNS network resolver lookup retries before resolving hostname. Note: Defect was verified after v1.4 patch release.,"1. Reproduce: DNS lookup retry delay adds 150ms latency to network calls
2. Observe result after v1.4 patch release",Fast primary DNS network resolution under 10ms,Intermittent 150ms network delay,Production,Network,Low,P4,Network
Modal dialog close button unclickable on mobile viewport UI/UX (observed in staging deployment),Modal close button positioned outside viewport UI/UX touch boundary. Note: Defect was verified observed in staging deployment.,"1. Reproduce: Modal dialog close button unclickable on mobile viewport UI/UX
2. Observe result observed in staging deployment",Responsive UI/UX modal bounds with accessible tap target,User stuck on modal UI/UX screen,Development,UI/UX,Critical,P1,UI/UX
Filter dropdown selected values fail to clear on reset UI/UX click (in microservice container),Clicking Clear Filters resets text but leaves dropdown selection active in UI/UX state. Note: Defect was verified in microservice container.,"1. Reproduce: Filter dropdown selected values fail to clear on reset UI/UX click
2. Observe result in microservice container",Reset all UI/UX filter components to default state,Dropdown selection remains active in UI/UX state,Production,UI/UX,High,P2,UI/UX
Dark mode text contrast ratio fails accessibility UI/UX guidelines (on Kubernetes cluster node 3),Muted gray text on dark background has insufficient contrast ratio in UI/UX theme. Note: Defect was verified on Kubernetes cluster node 3.,"1. Reproduce: Dark mode text contrast ratio fails accessibility UI/UX guidelines
2. Observe result on Kubernetes cluster node 3",Maintain WCAG AAA contrast ratio 4.5:1 for UI/UX,Text illegible in dark UI/UX theme,Production,UI/UX,Medium,P3,UI/UX
User avatar image renders broken placeholder icon on CDN UI/UX 404 (intermittently after session timeout),Broken image icon rendered when user profile picture URL fails in UI/UX. Note: Defect was verified intermittently after session timeout.,"1. Reproduce: User avatar image renders broken placeholder icon on CDN UI/UX 404
2. Observe result intermittently after session timeout",Render fallback initial avatar icon in UI/UX,Broken image placeholder shown in UI/UX layout,Production,UI/UX,Low,P4,UI/UX
Bulk delete functional action removes wrong record IDs (intermittently after session timeout),Select all functional checkbox maps array index instead of database record ID. Note: Defect was verified intermittently after session timeout.,"1. Reproduce: Bulk delete functional action removes wrong record IDs
2. Observe result intermittently after session timeout",Execute functional deletion on selected database IDs only,Deletes wrong database records in functional execution,Development,General,Critical,P1,Functional
Incorrect functional pagination item count displayed on table footer (intermittently after session timeout),Footer displays total count from unfiltered dataset after applying functional search. Note: Defect was verified intermittently after session timeout.,"1. Reproduce: Incorrect functional pagination item count displayed on table footer
2. Observe result intermittently after session timeout",Update functional item count to match active search filter,Displays stale total count in table functional footer,Staging,General,High,P2,Functional
Export CSV functional feature truncates descriptions with commas (under high concurrent traffic),CSV functional generator fails to wrap string values in double quotes. Note: Defect was verified under high concurrent traffic.,"1. Reproduce: Export CSV functional feature truncates descriptions with commas
2. Observe result under high concurrent traffic",Escape commas in CSV functional export,Splits text across columns in functional export,Staging,General,Medium,P3,Functional
Date picker functional filter applies timezone offset incorrectly (when running background cron job),Selecting start date converts time to UTC shifting selected functional day. Note: Defect was verified when running background cron job.,"1. Reproduce: Date picker functional filter applies timezone offset incorrectly
2. Observe result when running background cron job",Preserve selected date string in functional filter,Shifts selected date by -1 day in functional query,Staging,General,Low,P4,Functional
Zapier webhook integration pipeline drops sync events (when running background cron job),Data integration sync pipeline fails to retry dropped HTTP events under failure. Note: Defect was verified when running background cron job.,"1. Reproduce: Zapier webhook integration pipeline drops sync events
2. Observe result when running background cron job",Guaranteed event delivery across integration pipeline,Integration sync events silently lost,Staging,Integration,Critical,P1,Integration
Third-party REST integration API rate limit returns 429 error (under high concurrent traffic),Exceeding vendor API quota throws uncaught integration exception in worker queue. Note: Defect was verified under high concurrent traffic.,"1. Reproduce: Third-party REST integration API rate limit returns 429 error
2. Observe result under high concurrent traffic",Implement exponential backoff retry in integration client,Integration worker process crashes,Production,Integration,High,P2,Integration
Jira issue integration sync fails on custom field schema mismatch (in microservice container),Custom field value formatting causes Jira integration REST API validation error. Note: Defect was verified in microservice container.,"1. Reproduce: Jira issue integration sync fails on custom field schema mismatch
2. Observe result in microservice container",Format payload according to Jira integration spec,Jira integration sync fails,Development,Integration,Medium,P3,Integration
Slack webhook integration notification fails when title contains quotes (on Kubernetes cluster node 3),Unescaped double quotes in bug title break Slack integration JSON payload. Note: Defect was verified on Kubernetes cluster node 3.,"1. Reproduce: Slack webhook integration notification fails when title contains quotes
2. Observe result on Kubernetes cluster node 3",Sanitize JSON payload strings for integration webhook,Slack integration notification fails,Production,Integration,Low,P4,Integration
Cron job scheduler thread deadlocks halting automated tasks (under high concurrent traffic),Shared lock between scheduled tasks causes task runner service to stall. Note: Defect was verified under high concurrent traffic.,"1. Reproduce: Cron job scheduler thread deadlocks halting automated tasks
2. Observe result under high concurrent traffic",Isolated task execution threads for background jobs,Cron scheduler completely stops execution,Development,General,Critical,P1,Other
Email notification sender address rejected by SPF DMARC policy (under high concurrent traffic),Outbound transaction email missing valid DKIM signature in mail header. Note: Defect was verified under high concurrent traffic.,"1. Reproduce: Email notification sender address rejected by SPF DMARC policy
2. Observe result under high concurrent traffic",Send authenticated email headers with DKIM signature,Notification emails marked as spam,Development,General,High,P2,Other
Help center documentation search returns 500 on special characters (after v1.4 patch release),Searching documentation with quotes throws unhandled server exception. Note: Defect was verified after v1.4 patch release.,"1. Reproduce: Help center documentation search returns 500 on special characters
2. Observe result after v1.4 patch release",Sanitize search input terms in documentation portal,500 Internal Server Error,Staging,General,Medium,P3,Other
Typo in assignment notification email subject header text (observed in staging deployment),Notification email subject contains spelling error: 'Bug Assignned'. Note: Defect was verified observed in staging deployment.,"1. Reproduce: Typo in assignment notification email subject header text
2. Observe result observed in staging deployment",Correct spelling: 'Bug Assigned',Displays 'Assignned' with double n,Staging,General,Low,P4,Other
SQL Injection security vulnerability in login authentication field (when running background cron job),Unsanitized user input in security field allows unauthenticated SQL injection exploit against user database. Note: Defect was verified when running background cron job.,"1. Reproduce: SQL Injection security vulnerability in login authentication field
2. Observe result when running background cron job",Security input sanitization and SQL parameterization should block injection payload,Security authentication check bypassed allowing unauthorized access,Staging,Security,Critical,P1,Security
Cross-Site Scripting XSS security vulnerability in comment box (on Kubernetes cluster node 3),Stored XSS security vulnerability executes arbitrary JavaScript in victim browser session. Note: Defect was verified on Kubernetes cluster node 3.,"1. Reproduce: Cross-Site Scripting XSS security vulnerability in comment box
2. Observe result on Kubernetes cluster node 3",Security HTML tag escaping should sanitize XSS payload,Malicious XSS script tag executes on profile page,Staging,Security,High,P2,Security
Missing security HTTP Content-Security-Policy headers (on Kubernetes cluster node 3),Application security response headers lack CSP protection against frame injection. Note: Defect was verified on Kubernetes cluster node 3.,"1. Reproduce: Missing security HTTP Content-Security-Policy headers
2. Observe result on Kubernetes cluster node 3",Include security response headers CSP and X-Frame-Options,Security response headers missing CSP directives,Staging,Security,Medium,P3,Security
Verbose server header leaks proxy security version info (after v1.4 patch release),HTTP Server security response header reveals backend proxy version string. Note: Defect was verified after v1.4 patch release.,"1. Reproduce: Verbose server header leaks proxy security version info
2. Observe result after v1.4 patch release",Mask security server version strings in production,Header leaks Server version information,Staging,Security,Low,P4,Security
Payment gateway deadlock causing duplicate debit charge (on mobile Safari browser),Concurrent payment checkout requests cause deadlock resulting in double credit card debit. Note: Defect was verified on mobile Safari browser.,"1. Reproduce: Payment gateway deadlock causing duplicate debit charge
2. Observe result on mobile Safari browser",Atomic payment transaction lock prevents duplicate charges,Payment fails with 500 error and debits customer twice,Staging,Payment,Critical,P1,Payment
Stripe payment API webhook notification signature failure (during load test run),Asynchronous payment gateway notification webhook drops checkout completion events. Note: Defect was verified during load test run.,"1. Reproduce: Stripe payment API webhook notification signature failure
2. Observe result during load test run",Validate Stripe payment webhook signature correctly,Payment status remains pending after credit card charge,Development,Payment,High,P2,Payment
Currency symbol display mismatch in checkout payment summary (observed in staging deployment),Payment conversion calculates correctly but displays wrong currency symbol prefix. Note: Defect was verified observed in staging deployment.,"1. Reproduce: Currency symbol display mismatch in checkout payment summary
2. Observe result observed in staging deployment",Display correct currency symbol on payment screen,Displays $ instead of EUR symbol for payment total,Staging,Payment,Medium,P3,Payment
Saved payment card mask displays 14 visible digits (on mobile Safari browser),Credit card payment mask displays 14 visible digits on account billing page. Note: Defect was verified on mobile Safari browser.,"1. Reproduce: Saved payment card mask displays 14 visible digits
2. Observe result on mobile Safari browser",Mask all but last 4 payment card numbers,Payment card digits exposed on screen,Development,Payment,Low,P4,Payment
Database connection pool leak exhausts active DB connections (when running background cron job),Unclosed database ORM sessions leak database connection pool capacity causing API crash. Note: Defect was verified when running background cron job.,"1. Reproduce: Database connection pool leak exhausts active DB connections
2. Observe result when running background cron job",Recycle idle database connection pool threads automatically,Database connection pool timeout error,Production,Database,Critical,P1,Database
Missing composite database index causes full table scan (when running background cron job),Database query plan performs full table scan on 10 million database rows. Note: Defect was verified when running background cron job.,"1. Reproduce: Missing composite database index causes full table scan
2. Observe result when running background cron job",Execute database query using composite index under 50ms,Database query latency spikes to 9 seconds,Production,Database,High,P2,Database
Read replica database synchronization delay lag (in microservice container),Replication lag on secondary database instance returns stale database records. Note: Defect was verified in microservice container.,"1. Reproduce: Read replica database synchronization delay lag
2. Observe result in microservice container",Database replication sync delay under 200ms,Stale database records returned to read query,Staging,Database,Medium,P3,Database
Database migration script outputs deprecated syntax warning (on mobile Safari browser),Database schema migration succeeds but logs SQL index syntax warning. Note: Defect was verified on mobile Safari browser.,"1. Reproduce: Database migration script outputs deprecated syntax warning
2. Observe result on mobile Safari browser",Clean database migration execution logs,Deprecated database index syntax warning logged,Development,Database,Low,P4,Database
Memory leak during PDF export triggers OOM performance crash (intermittently after session timeout),Exporting PDF documents consumes 4GB heap RAM memory causing OOM performance killer crash. Note: Defect was verified intermittently after session timeout.,"1. Reproduce: Memory leak during PDF export triggers OOM performance crash
2. Observe result intermittently after session timeout",Optimize PDF stream memory allocation under 250MB,Performance crash with OutOfMemory error,Production,Performance,Critical,P1,Performance
High CPU utilization spike during concurrent CSV file parsing (after v1.4 patch release),Parsing 500MB CSV file locks CPU performance threads causing API response lag. Note: Defect was verified after v1.4 patch release.,"1. Reproduce: High CPU utilization spike during concurrent CSV file parsing
2. Observe result after v1.4 patch release",Process CSV parsing in async background queue to maintain performance,Server CPU spikes to 100% performance degradation,Production,Performance,High,P2,Performance
N+1 SQL query loop in list view degrades page load performance (observed in staging deployment),Looping over table records triggers 150 individual SQL queries degrading performance. Note: Defect was verified observed in staging deployment.,"1. Reproduce: N+1 SQL query loop in list view degrades page load performance
2. Observe result observed in staging deployment",Use eager loading SQL joins for page performance,150 separate queries degrade load performance,Production,Performance,Medium,P3,Performance
Unused JavaScript bundle assets increase page load time (when running background cron job),Legacy library dependencies included in main production bundle slowing performance. Note: Defect was verified when running background cron job.,"1. Reproduce: Unused JavaScript bundle assets increase page load time
2. Observe result when running background cron job",Tree-shake unused script files for optimal frontend performance,Bundle size 50KB larger than optimal performance benchmark,Production,Performance,Low,P4,Performance
Multi-Factor Authentication MFA bypass via direct login route (intermittently after session timeout),Navigating directly to protected URL skips mandatory MFA passcode prompt during authentication. Note: Defect was verified intermittently after session timeout.,"1. Reproduce: Multi-Factor Authentication MFA bypass via direct login route
2. Observe result intermittently after session timeout",Enforce MFA authentication before issuing access token,Bypasses authentication MFA verification check,Staging,Authentication,Critical,P1,Authentication
OAuth2 SSO authentication callback loop state mismatch (on mobile Safari browser),Single Sign-On SSO authentication redirect fails for Azure AD login users. Note: Defect was verified on mobile Safari browser.,"1. Reproduce: OAuth2 SSO authentication callback loop state mismatch
2. Observe result on mobile Safari browser",Validate SSO authentication state token cleanly,Authentication redirect loop with 403 error,Production,Authentication,High,P2,Authentication
Password reset token does not expire after single redemption (under high concurrent traffic),Password reset link remains active for authentication multiple times. Note: Defect was verified under high concurrent traffic.,"1. Reproduce: Password reset token does not expire after single redemption
2. Observe result under high concurrent traffic",Invalidate password reset token after single authentication use,Reset token re-usable for 24 hours,Staging,Authentication,Medium,P3,Authentication
Login form password input field missing autocomplete attribute (on Kubernetes cluster node 3),Password manager browser extension fails to auto-fill authentication password field. Note: Defect was verified on Kubernetes cluster node 3.,"1. Reproduce: Login form password input field missing autocomplete attribute
2. Observe result on Kubernetes cluster node 3",Set autocomplete='current-password' for authentication UX,Password manager fails to detect field,Development,Authentication,Low,P4,Authentication
HTTP 504 Gateway Timeout on microservice network proxy (after v1.4 patch release),Network API gateway proxy drops inbound requests taking longer than 30 seconds. Note: Defect was verified after v1.4 patch release.,"1. Reproduce: HTTP 504 Gateway Timeout on microservice network proxy
2. Observe result after v1.4 patch release",Maintain network proxy connection for long requests,Network proxy returns 504 Gateway Timeout,Production,Network,Critical,P1,Network
WebSocket live stream network connection drops every 60 seconds (after v1.4 patch release),Missing network ping heartbeat ping causes reverse proxy to terminate socket connection. Note: Defect was verified after v1.4 patch release.,"1. Reproduce: WebSocket live stream network connection drops every 60 seconds
2. Observe result after v1.4 patch release",Send periodic WebSocket network keep-alive ping,Network socket connection closes with code 1006,Production,Network,High,P2,Network
CORS preflight network request fails on custom HTTP headers (on Kubernetes cluster node 3),OPTIONS network request returns 403 Forbidden due to missing Access-Control header. Note: Defect was verified on Kubernetes cluster node 3.,"1. Reproduce: CORS preflight network request fails on custom HTTP headers
2. Observe result on Kubernetes cluster node 3",Allow custom headers in CORS network handler,Browser blocks cross-origin network API request,Development,Network,Medium,P3,Network
DNS lookup retry delay adds 150ms latency to network calls (observed in staging deployment),Secondary DNS network resolver lookup retries before resolving hostname. Note: Defect was verified observed in staging deployment.,"1. Reproduce: DNS lookup retry delay adds 150ms latency to network calls
2. Observe result observed in staging deployment",Fast primary DNS network resolution under 10ms,Intermittent 150ms network delay,Production,Network,Low,P4,Network
Modal dialog close button unclickable on mobile viewport UI/UX (in microservice container),Modal close button positioned outside viewport UI/UX touch boundary. Note: Defect was verified in microservice container.,"1. Reproduce: Modal dialog close button unclickable on mobile viewport UI/UX
2. Observe result in microservice container",Responsive UI/UX modal bounds with accessible tap target,User stuck on modal UI/UX screen,Development,UI/UX,Critical,P1,UI/UX
Filter dropdown selected values fail to clear on reset UI/UX click (after v1.4 patch release),Clicking Clear Filters resets text but leaves dropdown selection active in UI/UX state. Note: Defect was verified after v1.4 patch release.,"1. Reproduce: Filter dropdown selected values fail to clear on reset UI/UX click
2. Observe result after v1.4 patch release",Reset all UI/UX filter components to default state,Dropdown selection remains active in UI/UX state,Development,UI/UX,High,P2,UI/UX
Dark mode text contrast ratio fails accessibility UI/UX guidelines (observed in staging deployment),Muted gray text on dark background has insufficient contrast ratio in UI/UX theme. Note: Defect was verified observed in staging deployment.,"1. Reproduce: Dark mode text contrast ratio fails accessibility UI/UX guidelines
2. Observe result observed in staging deployment",Maintain WCAG AAA contrast ratio 4.5:1 for UI/UX,Text illegible in dark UI/UX theme,Staging,UI/UX,Medium,P3,UI/UX
User avatar image renders broken placeholder icon on CDN UI/UX 404 (on mobile Safari browser),Broken image icon rendered when user profile picture URL fails in UI/UX. Note: Defect was verified on mobile Safari browser.,"1. Reproduce: User avatar image renders broken placeholder icon on CDN UI/UX 404
2. Observe result on mobile Safari browser",Render fallback initial avatar icon in UI/UX,Broken image placeholder shown in UI/UX layout,Development,UI/UX,Low,P4,UI/UX
Bulk delete functional action removes wrong record IDs (observed in staging deployment),Select all functional checkbox maps array index instead of database record ID. Note: Defect was verified observed in staging deployment.,"1. Reproduce: Bulk delete functional action removes wrong record IDs
2. Observe result observed in staging deployment",Execute functional deletion on selected database IDs only,Deletes wrong database records in functional execution,Staging,General,Critical,P1,Functional
Incorrect functional pagination item count displayed on table footer (on mobile Safari browser),Footer displays total count from unfiltered dataset after applying functional search. Note: Defect was verified on mobile Safari browser.,"1. Reproduce: Incorrect functional pagination item count displayed on table footer
2. Observe result on mobile Safari browser",Update functional item count to match active search filter,Displays stale total count in table functional footer,Staging,General,High,P2,Functional
Export CSV functional feature truncates descriptions with commas (after v1.4 patch release),CSV functional generator fails to wrap string values in double quotes. Note: Defect was verified after v1.4 patch release.,"1. Reproduce: Export CSV functional feature truncates descriptions with commas
2. Observe result after v1.4 patch release",Escape commas in CSV functional export,Splits text across columns in functional export,Production,General,Medium,P3,Functional
Date picker functional filter applies timezone offset incorrectly (intermittently after session timeout),Selecting start date converts time to UTC shifting selected functional day. Note: Defect was verified intermittently after session timeout.,"1. Reproduce: Date picker functional filter applies timezone offset incorrectly
2. Observe result intermittently after session timeout",Preserve selected date string in functional filter,Shifts selected date by -1 day in functional query,Development,General,Low,P4,Functional
Zapier webhook integration pipeline drops sync events (when running background cron job),Data integration sync pipeline fails to retry dropped HTTP events under failure. Note: Defect was verified when running background cron job.,"1. Reproduce: Zapier webhook integration pipeline drops sync events
2. Observe result when running background cron job",Guaranteed event delivery across integration pipeline,Integration sync events silently lost,Production,Integration,Critical,P1,Integration
Third-party REST integration API rate limit returns 429 error (in microservice container),Exceeding vendor API quota throws uncaught integration exception in worker queue. Note: Defect was verified in microservice container.,"1. Reproduce: Third-party REST integration API rate limit returns 429 error
2. Observe result in microservice container",Implement exponential backoff retry in integration client,Integration worker process crashes,Development,Integration,High,P2,Integration
Jira issue integration sync fails on custom field schema mismatch (under high concurrent traffic),Custom field value formatting causes Jira integration REST API validation error. Note: Defect was verified under high concurrent traffic.,"1. Reproduce: Jira issue integration sync fails on custom field schema mismatch
2. Observe result under high concurrent traffic",Format payload according to Jira integration spec,Jira integration sync fails,Development,Integration,Medium,P3,Integration
Slack webhook integration notification fails when title contains quotes (observed in staging deployment),Unescaped double quotes in bug title break Slack integration JSON payload. Note: Defect was verified observed in staging deployment.,"1. Reproduce: Slack webhook integration notification fails when title contains quotes
2. Observe result observed in staging deployment",Sanitize JSON payload strings for integration webhook,Slack integration notification fails,Production,Integration,Low,P4,Integration
Cron job scheduler thread deadlocks halting automated tasks (when running background cron job),Shared lock between scheduled tasks causes task runner service to stall. Note: Defect was verified when running background cron job.,"1. Reproduce: Cron job scheduler thread deadlocks halting automated tasks
2. Observe result when running background cron job",Isolated task execution threads for background jobs,Cron scheduler completely stops execution,Staging,General,Critical,P1,Other
Email notification sender address rejected by SPF DMARC policy (intermittently after session timeout),Outbound transaction email missing valid DKIM signature in mail header. Note: Defect was verified intermittently after session timeout.,"1. Reproduce: Email notification sender address rejected by SPF DMARC policy
2. Observe result intermittently after session timeout",Send authenticated email headers with DKIM signature,Notification emails marked as spam,Production,General,High,P2,Other
Help center documentation search returns 500 on special characters (intermittently after session timeout),Searching documentation with quotes throws unhandled server exception. Note: Defect was verified intermittently after session timeout.,"1. Reproduce: Help center documentation search returns 500 on special characters
2. Observe result intermittently after session timeout",Sanitize search input terms in documentation portal,500 Internal Server Error,Development,General,Medium,P3,Other
Typo in assignment notification email subject header text (after v1.4 patch release),Notification email subject contains spelling error: 'Bug Assignned'. Note: Defect was verified after v1.4 patch release.,"1. Reproduce: Typo in assignment notification email subject header text
2. Observe result after v1.4 patch release",Correct spelling: 'Bug Assigned',Displays 'Assignned' with double n,Staging,General,Low,P4,Other
SQL Injection security vulnerability in login authentication field (after v1.4 patch release),Unsanitized user input in security field allows unauthenticated SQL injection exploit against user database. Note: Defect was verified after v1.4 patch release.,"1. Reproduce: SQL Injection security vulnerability in login authentication field
2. Observe result after v1.4 patch release",Security input sanitization and SQL parameterization should block injection payload,Security authentication check bypassed allowing unauthorized access,Production,Security,Critical,P1,Security
Cross-Site Scripting XSS security vulnerability in comment box (during load test run),Stored XSS security vulnerability executes arbitrary JavaScript in victim browser session. Note: Defect was verified during load test run.,"1. Reproduce: Cross-Site Scripting XSS security vulnerability in comment box
2. Observe result during load test run",Security HTML tag escaping should sanitize XSS payload,Malicious XSS script tag executes on profile page,Production,Security,High,P2,Security
Missing security HTTP Content-Security-Policy headers (when running background cron job),Application security response headers lack CSP protection against frame injection. Note: Defect was verified when running background cron job.,"1. Reproduce: Missing security HTTP Content-Security-Policy headers
2. Observe result when running background cron job",Include security response headers CSP and X-Frame-Options,Security response headers missing CSP directives,Staging,Security,Medium,P3,Security
Verbose server header leaks proxy security version info (during load test run),HTTP Server security response header reveals backend proxy version string. Note: Defect was verified during load test run.,"1. Reproduce: Verbose server header leaks proxy security version info
2. Observe result during load test run",Mask security server version strings in production,Header leaks Server version information,Production,Security,Low,P4,Security
Payment gateway deadlock causing duplicate debit charge (observed in staging deployment),Concurrent payment checkout requests cause deadlock resulting in double credit card debit. Note: Defect was verified observed in staging deployment.,"1. Reproduce: Payment gateway deadlock causing duplicate debit charge
2. Observe result observed in staging deployment",Atomic payment transaction lock prevents duplicate charges,Payment fails with 500 error and debits customer twice,Development,Payment,Critical,P1,Payment
Stripe payment API webhook notification signature failure (on Kubernetes cluster node 3),Asynchronous payment gateway notification webhook drops checkout completion events. Note: Defect was verified on Kubernetes cluster node 3.,"1. Reproduce: Stripe payment API webhook notification signature failure
2. Observe result on Kubernetes cluster node 3",Validate Stripe payment webhook signature correctly,Payment status remains pending after credit card charge,Staging,Payment,High,P2,Payment
Currency symbol display mismatch in checkout payment summary (under high concurrent traffic),Payment conversion calculates correctly but displays wrong currency symbol prefix. Note: Defect was verified under high concurrent traffic.,"1. Reproduce: Currency symbol display mismatch in checkout payment summary
2. Observe result under high concurrent traffic",Display correct currency symbol on payment screen,Displays $ instead of EUR symbol for payment total,Staging,Payment,Medium,P3,Payment
Saved payment card mask displays 14 visible digits (observed in staging deployment),Credit card payment mask displays 14 visible digits on account billing page. Note: Defect was verified observed in staging deployment.,"1. Reproduce: Saved payment card mask displays 14 visible digits
2. Observe result observed in staging deployment",Mask all but last 4 payment card numbers,Payment card digits exposed on screen,Development,Payment,Low,P4,Payment
Database connection pool leak exhausts active DB connections (during load test run),Unclosed database ORM sessions leak database connection pool capacity causing API crash. Note: Defect was verified during load test run.,"1. Reproduce: Database connection pool leak exhausts active DB connections
2. Observe result during load test run",Recycle idle database connection pool threads automatically,Database connection pool timeout error,Production,Database,Critical,P1,Database
Missing composite database index causes full table scan (observed in staging deployment),Database query plan performs full table scan on 10 million database rows. Note: Defect was verified observed in staging deployment.,"1. Reproduce: Missing composite database index causes full table scan
2. Observe result observed in staging deployment",Execute database query using composite index under 50ms,Database query latency spikes to 9 seconds,Development,Database,High,P2,Database
Read replica database synchronization delay lag (on mobile Safari browser),Replication lag on secondary database instance returns stale database records. Note: Defect was verified on mobile Safari browser.,"1. Reproduce: Read replica database synchronization delay lag
2. Observe result on mobile Safari browser",Database replication sync delay under 200ms,Stale database records returned to read query,Staging,Database,Medium,P3,Database
Database migration script outputs deprecated syntax warning (observed in staging deployment),Database schema migration succeeds but logs SQL index syntax warning. Note: Defect was verified observed in staging deployment.,"1. Reproduce: Database migration script outputs deprecated syntax warning
2. Observe result observed in staging deployment",Clean database migration execution logs,Deprecated database index syntax warning logged,Production,Database,Low,P4,Database
Memory leak during PDF export triggers OOM performance crash (in microservice container),Exporting PDF documents consumes 4GB heap RAM memory causing OOM performance killer crash. Note: Defect was verified in microservice container.,"1. Reproduce: Memory leak during PDF export triggers OOM performance crash
2. Observe result in microservice container",Optimize PDF stream memory allocation under 250MB,Performance crash with OutOfMemory error,Production,Performance,Critical,P1,Performance
High CPU utilization spike during concurrent CSV file parsing (under high concurrent traffic),Parsing 500MB CSV file locks CPU performance threads causing API response lag. Note: Defect was verified under high concurrent traffic.,"1. Reproduce: High CPU utilization spike during concurrent CSV file parsing
2. Observe result under high concurrent traffic",Process CSV parsing in async background queue to maintain performance,Server CPU spikes to 100% performance degradation,Staging,Performance,High,P2,Performance
N+1 SQL query loop in list view degrades page load performance (on Kubernetes cluster node 3),Looping over table records triggers 150 individual SQL queries degrading performance. Note: Defect was verified on Kubernetes cluster node 3.,"1. Reproduce: N+1 SQL query loop in list view degrades page load performance
2. Observe result on Kubernetes cluster node 3",Use eager loading SQL joins for page performance,150 separate queries degrade load performance,Production,Performance,Medium,P3,Performance
Unused JavaScript bundle assets increase page load time (on mobile Safari browser),Legacy library dependencies included in main production bundle slowing performance. Note: Defect was verified on mobile Safari browser.,"1. Reproduce: Unused JavaScript bundle assets increase page load time
2. Observe result on mobile Safari browser",Tree-shake unused script files for optimal frontend performance,Bundle size 50KB larger than optimal performance benchmark,Development,Performance,Low,P4,Performance
Multi-Factor Authentication MFA bypass via direct login route (after v1.4 patch release),Navigating directly to protected URL skips mandatory MFA passcode prompt during authentication. Note: Defect was verified after v1.4 patch release.,"1. Reproduce: Multi-Factor Authentication MFA bypass via direct login route
2. Observe result after v1.4 patch release",Enforce MFA authentication before issuing access token,Bypasses authentication MFA verification check,Production,Authentication,Critical,P1,Authentication
OAuth2 SSO authentication callback loop state mismatch (when running background cron job),Single Sign-On SSO authentication redirect fails for Azure AD login users. Note: Defect was verified when running background cron job.,"1. Reproduce: OAuth2 SSO authentication callback loop state mismatch
2. Observe result when running background cron job",Validate SSO authentication state token cleanly,Authentication redirect loop with 403 error,Staging,Authentication,High,P2,Authentication
Password reset token does not expire after single redemption (after v1.4 patch release),Password reset link remains active for authentication multiple times. Note: Defect was verified after v1.4 patch release.,"1. Reproduce: Password reset token does not expire after single redemption
2. Observe result after v1.4 patch release",Invalidate password reset token after single authentication use,Reset token re-usable for 24 hours,Development,Authentication,Medium,P3,Authentication
Login form password input field missing autocomplete attribute (on mobile Safari browser),Password manager browser extension fails to auto-fill authentication password field. Note: Defect was verified on mobile Safari browser.,"1. Reproduce: Login form password input field missing autocomplete attribute
2. Observe result on mobile Safari browser",Set autocomplete='current-password' for authentication UX,Password manager fails to detect field,Production,Authentication,Low,P4,Authentication
HTTP 504 Gateway Timeout on microservice network proxy (during load test run),Network API gateway proxy drops inbound requests taking longer than 30 seconds. Note: Defect was verified during load test run.,"1. Reproduce: HTTP 504 Gateway Timeout on microservice network proxy
2. Observe result during load test run",Maintain network proxy connection for long requests,Network proxy returns 504 Gateway Timeout,Staging,Network,Critical,P1,Network
WebSocket live stream network connection drops every 60 seconds (under high concurrent traffic),Missing network ping heartbeat ping causes reverse proxy to terminate socket connection. Note: Defect was verified under high concurrent traffic.,"1. Reproduce: WebSocket live stream network connection drops every 60 seconds
2. Observe result under high concurrent traffic",Send periodic WebSocket network keep-alive ping,Network socket connection closes with code 1006,Production,Network,High,P2,Network
CORS preflight network request fails on custom HTTP headers (on Kubernetes cluster node 3),OPTIONS network request returns 403 Forbidden due to missing Access-Control header. Note: Defect was verified on Kubernetes cluster node 3.,"1. Reproduce: CORS preflight network request fails on custom HTTP headers
2. Observe result on Kubernetes cluster node 3",Allow custom headers in CORS network handler,Browser blocks cross-origin network API request,Development,Network,Medium,P3,Network
DNS lookup retry delay adds 150ms latency to network calls (observed in staging deployment),Secondary DNS network resolver lookup retries before resolving hostname. Note: Defect was verified observed in staging deployment.,"1. Reproduce: DNS lookup retry delay adds 150ms latency to network calls
2. Observe result observed in staging deployment",Fast primary DNS network resolution under 10ms,Intermittent 150ms network delay,Production,Network,Low,P4,Network
Modal dialog close button unclickable on mobile viewport UI/UX (during load test run),Modal close button positioned outside viewport UI/UX touch boundary. Note: Defect was verified during load test run.,"1. Reproduce: Modal dialog close button unclickable on mobile viewport UI/UX
2. Observe result during load test run",Responsive UI/UX modal bounds with accessible tap target,User stuck on modal UI/UX screen,Development,UI/UX,Critical,P1,UI/UX
Filter dropdown selected values fail to clear on reset UI/UX click (after v1.4 patch release),Clicking Clear Filters resets text but leaves dropdown selection active in UI/UX state. Note: Defect was verified after v1.4 patch release.,"1. Reproduce: Filter dropdown selected values fail to clear on reset UI/UX click
2. Observe result after v1.4 patch release",Reset all UI/UX filter components to default state,Dropdown selection remains active in UI/UX state,Development,UI/UX,High,P2,UI/UX
Dark mode text contrast ratio fails accessibility UI/UX guidelines (under high concurrent traffic),Muted gray text on dark background has insufficient contrast ratio in UI/UX theme. Note: Defect was verified under high concurrent traffic.,"1. Reproduce: Dark mode text contrast ratio fails accessibility UI/UX guidelines
2. Observe result under high concurrent traffic",Maintain WCAG AAA contrast ratio 4.5:1 for UI/UX,Text illegible in dark UI/UX theme,Production,UI/UX,Medium,P3,UI/UX
User avatar image renders broken placeholder icon on CDN UI/UX 404 (after v1.4 patch release),Broken image icon rendered when user profile picture URL fails in UI/UX. Note: Defect was verified after v1.4 patch release.,"1. Reproduce: User avatar image renders broken placeholder icon on CDN UI/UX 404
2. Observe result after v1.4 patch release",Render fallback initial avatar icon in UI/UX,Broken image placeholder shown in UI/UX layout,Development,UI/UX,Low,P4,UI/UX
Bulk delete functional action removes wrong record IDs (when running background cron job),Select all functional checkbox maps array index instead of database record ID. Note: Defect was verified when running background cron job.,"1. Reproduce: Bulk delete functional action removes wrong record IDs
2. Observe result when running background cron job",Execute functional deletion on selected database IDs only,Deletes wrong database records in functional execution,Development,General,Critical,P1,Functional
Incorrect functional pagination item count displayed on table footer (when running background cron job),Footer displays total count from unfiltered dataset after applying functional search. Note: Defect was verified when running background cron job.,"1. Reproduce: Incorrect functional pagination item count displayed on table footer
2. Observe result when running background cron job",Update functional item count to match active search filter,Displays stale total count in table functional footer,Production,General,High,P2,Functional
Export CSV functional feature truncates descriptions with commas (when running background cron job),CSV functional generator fails to wrap string values in double quotes. Note: Defect was verified when running background cron job.,"1. Reproduce: Export CSV functional feature truncates descriptions with commas
2. Observe result when running background cron job",Escape commas in CSV functional export,Splits text across columns in functional export,Development,General,Medium,P3,Functional
Date picker functional filter applies timezone offset incorrectly (when running background cron job),Selecting start date converts time to UTC shifting selected functional day. Note: Defect was verified when running background cron job.,"1. Reproduce: Date picker functional filter applies timezone offset incorrectly
2. Observe result when running background cron job",Preserve selected date string in functional filter,Shifts selected date by -1 day in functional query,Production,General,Low,P4,Functional
Zapier webhook integration pipeline drops sync events (under high concurrent traffic),Data integration sync pipeline fails to retry dropped HTTP events under failure. Note: Defect was verified under high concurrent traffic.,"1. Reproduce: Zapier webhook integration pipeline drops sync events
2. Observe result under high concurrent traffic",Guaranteed event delivery across integration pipeline,Integration sync events silently lost,Production,Integration,Critical,P1,Integration
Third-party REST integration API rate limit returns 429 error (when running background cron job),Exceeding vendor API quota throws uncaught integration exception in worker queue. Note: Defect was verified when running background cron job.,"1. Reproduce: Third-party REST integration API rate limit returns 429 error
2. Observe result when running background cron job",Implement exponential backoff retry in integration client,Integration worker process crashes,Production,Integration,High,P2,Integration
Jira issue integration sync fails on custom field schema mismatch (when running background cron job),Custom field value formatting causes Jira integration REST API validation error. Note: Defect was verified when running background cron job.,"1. Reproduce: Jira issue integration sync fails on custom field schema mismatch
2. Observe result when running background cron job",Format payload according to Jira integration spec,Jira integration sync fails,Development,Integration,Medium,P3,Integration
Slack webhook integration notification fails when title contains quotes (when running background cron job),Unescaped double quotes in bug title break Slack integration JSON payload. Note: Defect was verified when running background cron job.,"1. Reproduce: Slack webhook integration notification fails when title contains quotes
2. Observe result when running background cron job",Sanitize JSON payload strings for integration webhook,Slack integration notification fails,Development,Integration,Low,P4,Integration
Cron job scheduler thread deadlocks halting automated tasks (intermittently after session timeout),Shared lock between scheduled tasks causes task runner service to stall. Note: Defect was verified intermittently after session timeout.,"1. Reproduce: Cron job scheduler thread deadlocks halting automated tasks
2. Observe result intermittently after session timeout",Isolated task execution threads for background jobs,Cron scheduler completely stops execution,Development,General,Critical,P1,Other
Email notification sender address rejected by SPF DMARC policy (in microservice container),Outbound transaction email missing valid DKIM signature in mail header. Note: Defect was verified in microservice container.,"1. Reproduce: Email notification sender address rejected by SPF DMARC policy
2. Observe result in microservice container",Send authenticated email headers with DKIM signature,Notification emails marked as spam,Production,General,High,P2,Other
Help center documentation search returns 500 on special characters (under high concurrent traffic),Searching documentation with quotes throws unhandled server exception. Note: Defect was verified under high concurrent traffic.,"1. Reproduce: Help center documentation search returns 500 on special characters
2. Observe result under high concurrent traffic",Sanitize search input terms in documentation portal,500 Internal Server Error,Staging,General,Medium,P3,Other
Typo in assignment notification email subject header text (during load test run),Notification email subject contains spelling error: 'Bug Assignned'. Note: Defect was verified during load test run.,"1. Reproduce: Typo in assignment notification email subject header text
2. Observe result during load test run",Correct spelling: 'Bug Assigned',Displays 'Assignned' with double n,Staging,General,Low,P4,Other
SQL Injection security vulnerability in login authentication field (observed in staging deployment),Unsanitized user input in security field allows unauthenticated SQL injection exploit against user database. Note: Defect was verified observed in staging deployment.,"1. Reproduce: SQL Injection security vulnerability in login authentication field
2. Observe result observed in staging deployment",Security input sanitization and SQL parameterization should block injection payload,Security authentication check bypassed allowing unauthorized access,Production,Security,Critical,P1,Security
Cross-Site Scripting XSS security vulnerability in comment box (observed in staging deployment),Stored XSS security vulnerability executes arbitrary JavaScript in victim browser session. Note: Defect was verified observed in staging deployment.,"1. Reproduce: Cross-Site Scripting XSS security vulnerability in comment box
2. Observe result observed in staging deployment",Security HTML tag escaping should sanitize XSS payload,Malicious XSS script tag executes on profile page,Staging,Security,High,P2,Security
Missing security HTTP Content-Security-Policy headers (after v1.4 patch release),Application security response headers lack CSP protection against frame injection. Note: Defect was verified after v1.4 patch release.,"1. Reproduce: Missing security HTTP Content-Security-Policy headers
2. Observe result after v1.4 patch release",Include security response headers CSP and X-Frame-Options,Security response headers missing CSP directives,Development,Security,Medium,P3,Security
Verbose server header leaks proxy security version info (when running background cron job),HTTP Server security response header reveals backend proxy version string. Note: Defect was verified when running background cron job.,"1. Reproduce: Verbose server header leaks proxy security version info
2. Observe result when running background cron job",Mask security server version strings in production,Header leaks Server version information,Production,Security,Low,P4,Security
Payment gateway deadlock causing duplicate debit charge (under high concurrent traffic),Concurrent payment checkout requests cause deadlock resulting in double credit card debit. Note: Defect was verified under high concurrent traffic.,"1. Reproduce: Payment gateway deadlock causing duplicate debit charge
2. Observe result under high concurrent traffic",Atomic payment transaction lock prevents duplicate charges,Payment fails with 500 error and debits customer twice,Staging,Payment,Critical,P1,Payment
Stripe payment API webhook notification signature failure (observed in staging deployment),Asynchronous payment gateway notification webhook drops checkout completion events. Note: Defect was verified observed in staging deployment.,"1. Reproduce: Stripe payment API webhook notification signature failure
2. Observe result observed in staging deployment",Validate Stripe payment webhook signature correctly,Payment status remains pending after credit card charge,Production,Payment,High,P2,Payment
Currency symbol display mismatch in checkout payment summary (on mobile Safari browser),Payment conversion calculates correctly but displays wrong currency symbol prefix. Note: Defect was verified on mobile Safari browser.,"1. Reproduce: Currency symbol display mismatch in checkout payment summary
2. Observe result on mobile Safari browser",Display correct currency symbol on payment screen,Displays $ instead of EUR symbol for payment total,Production,Payment,Medium,P3,Payment
Saved payment card mask displays 14 visible digits (observed in staging deployment),Credit card payment mask displays 14 visible digits on account billing page. Note: Defect was verified observed in staging deployment.,"1. Reproduce: Saved payment card mask displays 14 visible digits
2. Observe result observed in staging deployment",Mask all but last 4 payment card numbers,Payment card digits exposed on screen,Production,Payment,Low,P4,Payment
Database connection pool leak exhausts active DB connections (intermittently after session timeout),Unclosed database ORM sessions leak database connection pool capacity causing API crash. Note: Defect was verified intermittently after session timeout.,"1. Reproduce: Database connection pool leak exhausts active DB connections
2. Observe result intermittently after session timeout",Recycle idle database connection pool threads automatically,Database connection pool timeout error,Staging,Database,Critical,P1,Database
Missing composite database index causes full table scan (observed in staging deployment),Database query plan performs full table scan on 10 million database rows. Note: Defect was verified observed in staging deployment.,"1. Reproduce: Missing composite database index causes full table scan
2. Observe result observed in staging deployment",Execute database query using composite index under 50ms,Database query latency spikes to 9 seconds,Production,Database,High,P2,Database
Read replica database synchronization delay lag (during load test run),Replication lag on secondary database instance returns stale database records. Note: Defect was verified during load test run.,"1. Reproduce: Read replica database synchronization delay lag
2. Observe result during load test run",Database replication sync delay under 200ms,Stale database records returned to read query,Development,Database,Medium,P3,Database
Database migration script outputs deprecated syntax warning (after v1.4 patch release),Database schema migration succeeds but logs SQL index syntax warning. Note: Defect was verified after v1.4 patch release.,"1. Reproduce: Database migration script outputs deprecated syntax warning
2. Observe result after v1.4 patch release",Clean database migration execution logs,Deprecated database index syntax warning logged,Development,Database,Low,P4,Database
Memory leak during PDF export triggers OOM performance crash (observed in staging deployment),Exporting PDF documents consumes 4GB heap RAM memory causing OOM performance killer crash. Note: Defect was verified observed in staging deployment.,"1. Reproduce: Memory leak during PDF export triggers OOM performance crash
2. Observe result observed in staging deployment",Optimize PDF stream memory allocation under 250MB,Performance crash with OutOfMemory error,Development,Performance,Critical,P1,Performance
High CPU utilization spike during concurrent CSV file parsing (observed in staging deployment),Parsing 500MB CSV file locks CPU performance threads causing API response lag. Note: Defect was verified observed in staging deployment.,"1. Reproduce: High CPU utilization spike during concurrent CSV file parsing
2. Observe result observed in staging deployment",Process CSV parsing in async background queue to maintain performance,Server CPU spikes to 100% performance degradation,Production,Performance,High,P2,Performance
N+1 SQL query loop in list view degrades page load performance (on Kubernetes cluster node 3),Looping over table records triggers 150 individual SQL queries degrading performance. Note: Defect was verified on Kubernetes cluster node 3.,"1. Reproduce: N+1 SQL query loop in list view degrades page load performance
2. Observe result on Kubernetes cluster node 3",Use eager loading SQL joins for page performance,150 separate queries degrade load performance,Staging,Performance,Medium,P3,Performance
Unused JavaScript bundle assets increase page load time (during load test run),Legacy library dependencies included in main production bundle slowing performance. Note: Defect was verified during load test run.,"1. Reproduce: Unused JavaScript bundle assets increase page load time
2. Observe result during load test run",Tree-shake unused script files for optimal frontend performance,Bundle size 50KB larger than optimal performance benchmark,Development,Performance,Low,P4,Performance
Multi-Factor Authentication MFA bypass via direct login route (during load test run),Navigating directly to protected URL skips mandatory MFA passcode prompt during authentication. Note: Defect was verified during load test run.,"1. Reproduce: Multi-Factor Authentication MFA bypass via direct login route
2. Observe result during load test run",Enforce MFA authentication before issuing access token,Bypasses authentication MFA verification check,Production,Authentication,Critical,P1,Authentication
OAuth2 SSO authentication callback loop state mismatch (when running background cron job),Single Sign-On SSO authentication redirect fails for Azure AD login users. Note: Defect was verified when running background cron job.,"1. Reproduce: OAuth2 SSO authentication callback loop state mismatch
2. Observe result when running background cron job",Validate SSO authentication state token cleanly,Authentication redirect loop with 403 error,Staging,Authentication,High,P2,Authentication
Password reset token does not expire after single redemption (on Kubernetes cluster node 3),Password reset link remains active for authentication multiple times. Note: Defect was verified on Kubernetes cluster node 3.,"1. Reproduce: Password reset token does not expire after single redemption
2. Observe result on Kubernetes cluster node 3",Invalidate password reset token after single authentication use,Reset token re-usable for 24 hours,Development,Authentication,Medium,P3,Authentication
Login form password input field missing autocomplete attribute (under high concurrent traffic),Password manager browser extension fails to auto-fill authentication password field. Note: Defect was verified under high concurrent traffic.,"1. Reproduce: Login form password input field missing autocomplete attribute
2. Observe result under high concurrent traffic",Set autocomplete='current-password' for authentication UX,Password manager fails to detect field,Staging,Authentication,Low,P4,Authentication
HTTP 504 Gateway Timeout on microservice network proxy (in microservice container),Network API gateway proxy drops inbound requests taking longer than 30 seconds. Note: Defect was verified in microservice container.,"1. Reproduce: HTTP 504 Gateway Timeout on microservice network proxy
2. Observe result in microservice container",Maintain network proxy connection for long requests,Network proxy returns 504 Gateway Timeout,Staging,Network,Critical,P1,Network
WebSocket live stream network connection drops every 60 seconds (on mobile Safari browser),Missing network ping heartbeat ping causes reverse proxy to terminate socket connection. Note: Defect was verified on mobile Safari browser.,"1. Reproduce: WebSocket live stream network connection drops every 60 seconds
2. Observe result on mobile Safari browser",Send periodic WebSocket network keep-alive ping,Network socket connection closes with code 1006,Development,Network,High,P2,Network
CORS preflight network request fails on custom HTTP headers (observed in staging deployment),OPTIONS network request returns 403 Forbidden due to missing Access-Control header. Note: Defect was verified observed in staging deployment.,"1. Reproduce: CORS preflight network request fails on custom HTTP headers
2. Observe result observed in staging deployment",Allow custom headers in CORS network handler,Browser blocks cross-origin network API request,Development,Network,Medium,P3,Network
DNS lookup retry delay adds 150ms latency to network calls (under high concurrent traffic),Secondary DNS network resolver lookup retries before resolving hostname. Note: Defect was verified under high concurrent traffic.,"1. Reproduce: DNS lookup retry delay adds 150ms latency to network calls
2. Observe result under high concurrent traffic",Fast primary DNS network resolution under 10ms,Intermittent 150ms network delay,Development,Network,Low,P4,Network
Modal dialog close button unclickable on mobile viewport UI/UX (observed in staging deployment),Modal close button positioned outside viewport UI/UX touch boundary. Note: Defect was verified observed in staging deployment.,"1. Reproduce: Modal dialog close button unclickable on mobile viewport UI/UX
2. Observe result observed in staging deployment",Responsive UI/UX modal bounds with accessible tap target,User stuck on modal UI/UX screen,Staging,UI/UX,Critical,P1,UI/UX
Filter dropdown selected values fail to clear on reset UI/UX click (when running background cron job),Clicking Clear Filters resets text but leaves dropdown selection active in UI/UX state. Note: Defect was verified when running background cron job.,"1. Reproduce: Filter dropdown selected values fail to clear on reset UI/UX click
2. Observe result when running background cron job",Reset all UI/UX filter components to default state,Dropdown selection remains active in UI/UX state,Development,UI/UX,High,P2,UI/UX
Dark mode text contrast ratio fails accessibility UI/UX guidelines (observed in staging deployment),Muted gray text on dark background has insufficient contrast ratio in UI/UX theme. Note: Defect was verified observed in staging deployment.,"1. Reproduce: Dark mode text contrast ratio fails accessibility UI/UX guidelines
2. Observe result observed in staging deployment",Maintain WCAG AAA contrast ratio 4.5:1 for UI/UX,Text illegible in dark UI/UX theme,Staging,UI/UX,Medium,P3,UI/UX
User avatar image renders broken placeholder icon on CDN UI/UX 404 (when running background cron job),Broken image icon rendered when user profile picture URL fails in UI/UX. Note: Defect was verified when running background cron job.,"1. Reproduce: User avatar image renders broken placeholder icon on CDN UI/UX 404
2. Observe result when running background cron job",Render fallback initial avatar icon in UI/UX,Broken image placeholder shown in UI/UX layout,Production,UI/UX,Low,P4,UI/UX
Bulk delete functional action removes wrong record IDs (observed in staging deployment),Select all functional checkbox maps array index instead of database record ID. Note: Defect was verified observed in staging deployment.,"1. Reproduce: Bulk delete functional action removes wrong record IDs
2. Observe result observed in staging deployment",Execute functional deletion on selected database IDs only,Deletes wrong database records in functional execution,Production,General,Critical,P1,Functional
Incorrect functional pagination item count displayed on table footer (after v1.4 patch release),Footer displays total count from unfiltered dataset after applying functional search. Note: Defect was verified after v1.4 patch release.,"1. Reproduce: Incorrect functional pagination item count displayed on table footer
2. Observe result after v1.4 patch release",Update functional item count to match active search filter,Displays stale total count in table functional footer,Production,General,High,P2,Functional
Export CSV functional feature truncates descriptions with commas (when running background cron job),CSV functional generator fails to wrap string values in double quotes. Note: Defect was verified when running background cron job.,"1. Reproduce: Export CSV functional feature truncates descriptions with commas
2. Observe result when running background cron job",Escape commas in CSV functional export,Splits text across columns in functional export,Development,General,Medium,P3,Functional
Date picker functional filter applies timezone offset incorrectly (after v1.4 patch release),Selecting start date converts time to UTC shifting selected functional day. Note: Defect was verified after v1.4 patch release.,"1. Reproduce: Date picker functional filter applies timezone offset incorrectly
2. Observe result after v1.4 patch release",Preserve selected date string in functional filter,Shifts selected date by -1 day in functional query,Development,General,Low,P4,Functional
Zapier webhook integration pipeline drops sync events (after v1.4 patch release),Data integration sync pipeline fails to retry dropped HTTP events under failure. Note: Defect was verified after v1.4 patch release.,"1. Reproduce: Zapier webhook integration pipeline drops sync events
2. Observe result after v1.4 patch release",Guaranteed event delivery across integration pipeline,Integration sync events silently lost,Staging,Integration,Critical,P1,Integration
Third-party REST integration API rate limit returns 429 error (intermittently after session timeout),Exceeding vendor API quota throws uncaught integration exception in worker queue. Note: Defect was verified intermittently after session timeout.,"1. Reproduce: Third-party REST integration API rate limit returns 429 error
2. Observe result intermittently after session timeout",Implement exponential backoff retry in integration client,Integration worker process crashes,Staging,Integration,High,P2,Integration
Jira issue integration sync fails on custom field schema mismatch (when running background cron job),Custom field value formatting causes Jira integration REST API validation error. Note: Defect was verified when running background cron job.,"1. Reproduce: Jira issue integration sync fails on custom field schema mismatch
2. Observe result when running background cron job",Format payload according to Jira integration spec,Jira integration sync fails,Production,Integration,Medium,P3,Integration
Slack webhook integration notification fails when title contains quotes (when running background cron job),Unescaped double quotes in bug title break Slack integration JSON payload. Note: Defect was verified when running background cron job.,"1. Reproduce: Slack webhook integration notification fails when title contains quotes
2. Observe result when running background cron job",Sanitize JSON payload strings for integration webhook,Slack integration notification fails,Production,Integration,Low,P4,Integration
Cron job scheduler thread deadlocks halting automated tasks (under high concurrent traffic),Shared lock between scheduled tasks causes task runner service to stall. Note: Defect was verified under high concurrent traffic.,"1. Reproduce: Cron job scheduler thread deadlocks halting automated tasks
2. Observe result under high concurrent traffic",Isolated task execution threads for background jobs,Cron scheduler completely stops execution,Staging,General,Critical,P1,Other
Email notification sender address rejected by SPF DMARC policy (in microservice container),Outbound transaction email missing valid DKIM signature in mail header. Note: Defect was verified in microservice container.,"1. Reproduce: Email notification sender address rejected by SPF DMARC policy
2. Observe result in microservice container",Send authenticated email headers with DKIM signature,Notification emails marked as spam,Production,General,High,P2,Other
Help center documentation search returns 500 on special characters (intermittently after session timeout),Searching documentation with quotes throws unhandled server exception. Note: Defect was verified intermittently after session timeout.,"1. Reproduce: Help center documentation search returns 500 on special characters
2. Observe result intermittently after session timeout",Sanitize search input terms in documentation portal,500 Internal Server Error,Development,General,Medium,P3,Other
Typo in assignment notification email subject header text (after v1.4 patch release),Notification email subject contains spelling error: 'Bug Assignned'. Note: Defect was verified after v1.4 patch release.,"1. Reproduce: Typo in assignment notification email subject header text
2. Observe result after v1.4 patch release",Correct spelling: 'Bug Assigned',Displays 'Assignned' with double n,Staging,General,Low,P4,Other
SQL Injection security vulnerability in login authentication field (after v1.4 patch release),Unsanitized user input in security field allows unauthenticated SQL injection exploit against user database. Note: Defect was verified after v1.4 patch release.,"1. Reproduce: SQL Injection security vulnerability in login authentication field
2. Observe result after v1.4 patch release",Security input sanitization and SQL parameterization should block injection payload,Security authentication check bypassed allowing unauthorized access,Development,Security,Critical,P1,Security
Cross-Site Scripting XSS security vulnerability in comment box (on Kubernetes cluster node 3),Stored XSS security vulnerability executes arbitrary JavaScript in victim browser session. Note: Defect was verified on Kubernetes cluster node 3.,"1. Reproduce: Cross-Site Scripting XSS security vulnerability in comment box
2. Observe result on Kubernetes cluster node 3",Security HTML tag escaping should sanitize XSS payload,Malicious XSS script tag executes on profile page,Production,Security,High,P2,Security
Missing security HTTP Content-Security-Policy headers (intermittently after session timeout),Application security response headers lack CSP protection against frame injection. Note: Defect was verified intermittently after session timeout.,"1. Reproduce: Missing security HTTP Content-Security-Policy headers
2. Observe result intermittently after session timeout",Include security response headers CSP and X-Frame-Options,Security response headers missing CSP directives,Production,Security,Medium,P3,Security
Verbose server header leaks proxy security version info (during load test run),HTTP Server security response header reveals backend proxy version string. Note: Defect was verified during load test run.,"1. Reproduce: Verbose server header leaks proxy security version info
2. Observe result during load test run",Mask security server version strings in production,Header leaks Server version information,Staging,Security,Low,P4,Security
Payment gateway deadlock causing duplicate debit charge (under high concurrent traffic),Concurrent payment checkout requests cause deadlock resulting in double credit card debit. Note: Defect was verified under high concurrent traffic.,"1. Reproduce: Payment gateway deadlock causing duplicate debit charge
2. Observe result under high concurrent traffic",Atomic payment transaction lock prevents duplicate charges,Payment fails with 500 error and debits customer twice,Production,Payment,Critical,P1,Payment
Stripe payment API webhook notification signature failure (under high concurrent traffic),Asynchronous payment gateway notification webhook drops checkout completion events. Note: Defect was verified under high concurrent traffic.,"1. Reproduce: Stripe payment API webhook notification signature failure
2. Observe result under high concurrent traffic",Validate Stripe payment webhook signature correctly,Payment status remains pending after credit card charge,Development,Payment,High,P2,Payment
Currency symbol display mismatch in checkout payment summary (under high concurrent traffic),Payment conversion calculates correctly but displays wrong currency symbol prefix. Note: Defect was verified under high concurrent traffic.,"1. Reproduce: Currency symbol display mismatch in checkout payment summary
2. Observe result under high concurrent traffic",Display correct currency symbol on payment screen,Displays $ instead of EUR symbol for payment total,Production,Payment,Medium,P3,Payment
Saved payment card mask displays 14 visible digits (when running background cron job),Credit card payment mask displays 14 visible digits on account billing page. Note: Defect was verified when running background cron job.,"1. Reproduce: Saved payment card mask displays 14 visible digits
2. Observe result when running background cron job",Mask all but last 4 payment card numbers,Payment card digits exposed on screen,Development,Payment,Low,P4,Payment
Database connection pool leak exhausts active DB connections (during load test run),Unclosed database ORM sessions leak database connection pool capacity causing API crash. Note: Defect was verified during load test run.,"1. Reproduce: Database connection pool leak exhausts active DB connections
2. Observe result during load test run",Recycle idle database connection pool threads automatically,Database connection pool timeout error,Production,Database,Critical,P1,Database
Missing composite database index causes full table scan (on Kubernetes cluster node 3),Database query plan performs full table scan on 10 million database rows. Note: Defect was verified on Kubernetes cluster node 3.,"1. Reproduce: Missing composite database index causes full table scan
2. Observe result on Kubernetes cluster node 3",Execute database query using composite index under 50ms,Database query latency spikes to 9 seconds,Staging,Database,High,P2,Database
Read replica database synchronization delay lag (in microservice container),Replication lag on secondary database instance returns stale database records. Note: Defect was verified in microservice container.,"1. Reproduce: Read replica database synchronization delay lag
2. Observe result in microservice container",Database replication sync delay under 200ms,Stale database records returned to read query,Development,Database,Medium,P3,Database
Database migration script outputs deprecated syntax warning (during load test run),Database schema migration succeeds but logs SQL index syntax warning. Note: Defect was verified during load test run.,"1. Reproduce: Database migration script outputs deprecated syntax warning
2. Observe result during load test run",Clean database migration execution logs,Deprecated database index syntax warning logged,Staging,Database,Low,P4,Database
Memory leak during PDF export triggers OOM performance crash (in microservice container),Exporting PDF documents consumes 4GB heap RAM memory causing OOM performance killer crash. Note: Defect was verified in microservice container.,"1. Reproduce: Memory leak during PDF export triggers OOM performance crash
2. Observe result in microservice container",Optimize PDF stream memory allocation under 250MB,Performance crash with OutOfMemory error,Development,Performance,Critical,P1,Performance
High CPU utilization spike during concurrent CSV file parsing (intermittently after session timeout),Parsing 500MB CSV file locks CPU performance threads causing API response lag. Note: Defect was verified intermittently after session timeout.,"1. Reproduce: High CPU utilization spike during concurrent CSV file parsing
2. Observe result intermittently after session timeout",Process CSV parsing in async background queue to maintain performance,Server CPU spikes to 100% performance degradation,Development,Performance,High,P2,Performance
N+1 SQL query loop in list view degrades page load performance (observed in staging deployment),Looping over table records triggers 150 individual SQL queries degrading performance. Note: Defect was verified observed in staging deployment.,"1. Reproduce: N+1 SQL query loop in list view degrades page load performance
2. Observe result observed in staging deployment",Use eager loading SQL joins for page performance,150 separate queries degrade load performance,Development,Performance,Medium,P3,Performance
Unused JavaScript bundle assets increase page load time (after v1.4 patch release),Legacy library dependencies included in main production bundle slowing performance. Note: Defect was verified after v1.4 patch release.,"1. Reproduce: Unused JavaScript bundle assets increase page load time
2. Observe result after v1.4 patch release",Tree-shake unused script files for optimal frontend performance,Bundle size 50KB larger than optimal performance benchmark,Production,Performance,Low,P4,Performance
Multi-Factor Authentication MFA bypass via direct login route (on mobile Safari browser),Navigating directly to protected URL skips mandatory MFA passcode prompt during authentication. Note: Defect was verified on mobile Safari browser.,"1. Reproduce: Multi-Factor Authentication MFA bypass via direct login route
2. Observe result on mobile Safari browser",Enforce MFA authentication before issuing access token,Bypasses authentication MFA verification check,Production,Authentication,Critical,P1,Authentication
OAuth2 SSO authentication callback loop state mismatch (after v1.4 patch release),Single Sign-On SSO authentication redirect fails for Azure AD login users. Note: Defect was verified after v1.4 patch release.,"1. Reproduce: OAuth2 SSO authentication callback loop state mismatch
2. Observe result after v1.4 patch release",Validate SSO authentication state token cleanly,Authentication redirect loop with 403 error,Staging,Authentication,High,P2,Authentication
Password reset token does not expire after single redemption (on mobile Safari browser),Password reset link remains active for authentication multiple times. Note: Defect was verified on mobile Safari browser.,"1. Reproduce: Password reset token does not expire after single redemption
2. Observe result on mobile Safari browser",Invalidate password reset token after single authentication use,Reset token re-usable for 24 hours,Development,Authentication,Medium,P3,Authentication
Login form password input field missing autocomplete attribute (when running background cron job),Password manager browser extension fails to auto-fill authentication password field. Note: Defect was verified when running background cron job.,"1. Reproduce: Login form password input field missing autocomplete attribute
2. Observe result when running background cron job",Set autocomplete='current-password' for authentication UX,Password manager fails to detect field,Development,Authentication,Low,P4,Authentication
HTTP 504 Gateway Timeout on microservice network proxy (observed in staging deployment),Network API gateway proxy drops inbound requests taking longer than 30 seconds. Note: Defect was verified observed in staging deployment.,"1. Reproduce: HTTP 504 Gateway Timeout on microservice network proxy
2. Observe result observed in staging deployment",Maintain network proxy connection for long requests,Network proxy returns 504 Gateway Timeout,Staging,Network,Critical,P1,Network
WebSocket live stream network connection drops every 60 seconds (in microservice container),Missing network ping heartbeat ping causes reverse proxy to terminate socket connection. Note: Defect was verified in microservice container.,"1. Reproduce: WebSocket live stream network connection drops every 60 seconds
2. Observe result in microservice container",Send periodic WebSocket network keep-alive ping,Network socket connection closes with code 1006,Staging,Network,High,P2,Network
CORS preflight network request fails on custom HTTP headers (in microservice container),OPTIONS network request returns 403 Forbidden due to missing Access-Control header. Note: Defect was verified in microservice container.,"1. Reproduce: CORS preflight network request fails on custom HTTP headers
2. Observe result in microservice container",Allow custom headers in CORS network handler,Browser blocks cross-origin network API request,Staging,Network,Medium,P3,Network
DNS lookup retry delay adds 150ms latency to network calls (observed in staging deployment),Secondary DNS network resolver lookup retries before resolving hostname. Note: Defect was verified observed in staging deployment.,"1. Reproduce: DNS lookup retry delay adds 150ms latency to network calls
2. Observe result observed in staging deployment",Fast primary DNS network resolution under 10ms,Intermittent 150ms network delay,Development,Network,Low,P4,Network
Modal dialog close button unclickable on mobile viewport UI/UX (observed in staging deployment),Modal close button positioned outside viewport UI/UX touch boundary. Note: Defect was verified observed in staging deployment.,"1. Reproduce: Modal dialog close button unclickable on mobile viewport UI/UX
2. Observe result observed in staging deployment",Responsive UI/UX modal bounds with accessible tap target,User stuck on modal UI/UX screen,Staging,UI/UX,Critical,P1,UI/UX
Filter dropdown selected values fail to clear on reset UI/UX click (in microservice container),Clicking Clear Filters resets text but leaves dropdown selection active in UI/UX state. Note: Defect was verified in microservice container.,"1. Reproduce: Filter dropdown selected values fail to clear on reset UI/UX click
2. Observe result in microservice container",Reset all UI/UX filter components to default state,Dropdown selection remains active in UI/UX state,Development,UI/UX,High,P2,UI/UX
Dark mode text contrast ratio fails accessibility UI/UX guidelines (intermittently after session timeout),Muted gray text on dark background has insufficient contrast ratio in UI/UX theme. Note: Defect was verified intermittently after session timeout.,"1. Reproduce: Dark mode text contrast ratio fails accessibility UI/UX guidelines
2. Observe result intermittently after session timeout",Maintain WCAG AAA contrast ratio 4.5:1 for UI/UX,Text illegible in dark UI/UX theme,Staging,UI/UX,Medium,P3,UI/UX
User avatar image renders broken placeholder icon on CDN UI/UX 404 (in microservice container),Broken image icon rendered when user profile picture URL fails in UI/UX. Note: Defect was verified in microservice container.,"1. Reproduce: User avatar image renders broken placeholder icon on CDN UI/UX 404
2. Observe result in microservice container",Render fallback initial avatar icon in UI/UX,Broken image placeholder shown in UI/UX layout,Production,UI/UX,Low,P4,UI/UX
Bulk delete functional action removes wrong record IDs (during load test run),Select all functional checkbox maps array index instead of database record ID. Note: Defect was verified during load test run.,"1. Reproduce: Bulk delete functional action removes wrong record IDs
2. Observe result during load test run",Execute functional deletion on selected database IDs only,Deletes wrong database records in functional execution,Production,General,Critical,P1,Functional
Incorrect functional pagination item count displayed on table footer (on mobile Safari browser),Footer displays total count from unfiltered dataset after applying functional search. Note: Defect was verified on mobile Safari browser.,"1. Reproduce: Incorrect functional pagination item count displayed on table footer
2. Observe result on mobile Safari browser",Update functional item count to match active search filter,Displays stale total count in table functional footer,Staging,General,High,P2,Functional
Export CSV functional feature truncates descriptions with commas (in microservice container),CSV functional generator fails to wrap string values in double quotes. Note: Defect was verified in microservice container.,"1. Reproduce: Export CSV functional feature truncates descriptions with commas
2. Observe result in microservice container",Escape commas in CSV functional export,Splits text across columns in functional export,Production,General,Medium,P3,Functional
Date picker functional filter applies timezone offset incorrectly (under high concurrent traffic),Selecting start date converts time to UTC shifting selected functional day. Note: Defect was verified under high concurrent traffic.,"1. Reproduce: Date picker functional filter applies timezone offset incorrectly
2. Observe result under high concurrent traffic",Preserve selected date string in functional filter,Shifts selected date by -1 day in functional query,Production,General,Low,P4,Functional
Zapier webhook integration pipeline drops sync events (after v1.4 patch release),Data integration sync pipeline fails to retry dropped HTTP events under failure. Note: Defect was verified after v1.4 patch release.,"1. Reproduce: Zapier webhook integration pipeline drops sync events
2. Observe result after v1.4 patch release",Guaranteed event delivery across integration pipeline,Integration sync events silently lost,Staging,Integration,Critical,P1,Integration
Third-party REST integration API rate limit returns 429 error (intermittently after session timeout),Exceeding vendor API quota throws uncaught integration exception in worker queue. Note: Defect was verified intermittently after session timeout.,"1. Reproduce: Third-party REST integration API rate limit returns 429 error
2. Observe result intermittently after session timeout",Implement exponential backoff retry in integration client,Integration worker process crashes,Staging,Integration,High,P2,Integration
Jira issue integration sync fails on custom field schema mismatch (during load test run),Custom field value formatting causes Jira integration REST API validation error. Note: Defect was verified during load test run.,"1. Reproduce: Jira issue integration sync fails on custom field schema mismatch
2. Observe result during load test run",Format payload according to Jira integration spec,Jira integration sync fails,Development,Integration,Medium,P3,Integration
Slack webhook integration notification fails when title contains quotes (when running background cron job),Unescaped double quotes in bug title break Slack integration JSON payload. Note: Defect was verified when running background cron job.,"1. Reproduce: Slack webhook integration notification fails when title contains quotes
2. Observe result when running background cron job",Sanitize JSON payload strings for integration webhook,Slack integration notification fails,Development,Integration,Low,P4,Integration
Cron job scheduler thread deadlocks halting automated tasks (when running background cron job),Shared lock between scheduled tasks causes task runner service to stall. Note: Defect was verified when running background cron job.,"1. Reproduce: Cron job scheduler thread deadlocks halting automated tasks
2. Observe result when running background cron job",Isolated task execution threads for background jobs,Cron scheduler completely stops execution,Staging,General,Critical,P1,Other
Email notification sender address rejected by SPF DMARC policy (after v1.4 patch release),Outbound transaction email missing valid DKIM signature in mail header. Note: Defect was verified after v1.4 patch release.,"1. Reproduce: Email notification sender address rejected by SPF DMARC policy
2. Observe result after v1.4 patch release",Send authenticated email headers with DKIM signature,Notification emails marked as spam,Production,General,High,P2,Other
Help center documentation search returns 500 on special characters (intermittently after session timeout),Searching documentation with quotes throws unhandled server exception. Note: Defect was verified intermittently after session timeout.,"1. Reproduce: Help center documentation search returns 500 on special characters
2. Observe result intermittently after session timeout",Sanitize search input terms in documentation portal,500 Internal Server Error,Development,General,Medium,P3,Other
Typo in assignment notification email subject header text (on Kubernetes cluster node 3),Notification email subject contains spelling error: 'Bug Assignned'. Note: Defect was verified on Kubernetes cluster node 3.,"1. Reproduce: Typo in assignment notification email subject header text
2. Observe result on Kubernetes cluster node 3",Correct spelling: 'Bug Assigned',Displays 'Assignned' with double n,Production,General,Low,P4,Other
SQL Injection security vulnerability in login authentication field (after v1.4 patch release),Unsanitized user input in security field allows unauthenticated SQL injection exploit against user database. Note: Defect was verified after v1.4 patch release.,"1. Reproduce: SQL Injection security vulnerability in login authentication field
2. Observe result after v1.4 patch release",Security input sanitization and SQL parameterization should block injection payload,Security authentication check bypassed allowing unauthorized access,Staging,Security,Critical,P1,Security
Cross-Site Scripting XSS security vulnerability in comment box (on Kubernetes cluster node 3),Stored XSS security vulnerability executes arbitrary JavaScript in victim browser session. Note: Defect was verified on Kubernetes cluster node 3.,"1. Reproduce: Cross-Site Scripting XSS security vulnerability in comment box
2. Observe result on Kubernetes cluster node 3",Security HTML tag escaping should sanitize XSS payload,Malicious XSS script tag executes on profile page,Staging,Security,High,P2,Security
Missing security HTTP Content-Security-Policy headers (observed in staging deployment),Application security response headers lack CSP protection against frame injection. Note: Defect was verified observed in staging deployment.,"1. Reproduce: Missing security HTTP Content-Security-Policy headers
2. Observe result observed in staging deployment",Include security response headers CSP and X-Frame-Options,Security response headers missing CSP directives,Production,Security,Medium,P3,Security
Verbose server header leaks proxy security version info (under high concurrent traffic),HTTP Server security response header reveals backend proxy version string. Note: Defect was verified under high concurrent traffic.,"1. Reproduce: Verbose server header leaks proxy security version info
2. Observe result under high concurrent traffic",Mask security server version strings in production,Header leaks Server version information,Staging,Security,Low,P4,Security
Payment gateway deadlock causing duplicate debit charge (observed in staging deployment),Concurrent payment checkout requests cause deadlock resulting in double credit card debit. Note: Defect was verified observed in staging deployment.,"1. Reproduce: Payment gateway deadlock causing duplicate debit charge
2. Observe result observed in staging deployment",Atomic payment transaction lock prevents duplicate charges,Payment fails with 500 error and debits customer twice,Staging,Payment,Critical,P1,Payment
Stripe payment API webhook notification signature failure (under high concurrent traffic),Asynchronous payment gateway notification webhook drops checkout completion events. Note: Defect was verified under high concurrent traffic.,"1. Reproduce: Stripe payment API webhook notification signature failure
2. Observe result under high concurrent traffic",Validate Stripe payment webhook signature correctly,Payment status remains pending after credit card charge,Staging,Payment,High,P2,Payment
Currency symbol display mismatch in checkout payment summary (intermittently after session timeout),Payment conversion calculates correctly but displays wrong currency symbol prefix. Note: Defect was verified intermittently after session timeout.,"1. Reproduce: Currency symbol display mismatch in checkout payment summary
2. Observe result intermittently after session timeout",Display correct currency symbol on payment screen,Displays $ instead of EUR symbol for payment total,Development,Payment,Medium,P3,Payment
Saved payment card mask displays 14 visible digits (intermittently after session timeout),Credit card payment mask displays 14 visible digits on account billing page. Note: Defect was verified intermittently after session timeout.,"1. Reproduce: Saved payment card mask displays 14 visible digits
2. Observe result intermittently after session timeout",Mask all but last 4 payment card numbers,Payment card digits exposed on screen,Production,Payment,Low,P4,Payment
Database connection pool leak exhausts active DB connections (under high concurrent traffic),Unclosed database ORM sessions leak database connection pool capacity causing API crash. Note: Defect was verified under high concurrent traffic.,"1. Reproduce: Database connection pool leak exhausts active DB connections
2. Observe result under high concurrent traffic",Recycle idle database connection pool threads automatically,Database connection pool timeout error,Development,Database,Critical,P1,Database
Missing composite database index causes full table scan (under high concurrent traffic),Database query plan performs full table scan on 10 million database rows. Note: Defect was verified under high concurrent traffic.,"1. Reproduce: Missing composite database index causes full table scan
2. Observe result under high concurrent traffic",Execute database query using composite index under 50ms,Database query latency spikes to 9 seconds,Production,Database,High,P2,Database
Read replica database synchronization delay lag (after v1.4 patch release),Replication lag on secondary database instance returns stale database records. Note: Defect was verified after v1.4 patch release.,"1. Reproduce: Read replica database synchronization delay lag
2. Observe result after v1.4 patch release",Database replication sync delay under 200ms,Stale database records returned to read query,Staging,Database,Medium,P3,Database
Database migration script outputs deprecated syntax warning (on mobile Safari browser),Database schema migration succeeds but logs SQL index syntax warning. Note: Defect was verified on mobile Safari browser.,"1. Reproduce: Database migration script outputs deprecated syntax warning
2. Observe result on mobile Safari browser",Clean database migration execution logs,Deprecated database index syntax warning logged,Production,Database,Low,P4,Database
Memory leak during PDF export triggers OOM performance crash (under high concurrent traffic),Exporting PDF documents consumes 4GB heap RAM memory causing OOM performance killer crash. Note: Defect was verified under high concurrent traffic.,"1. Reproduce: Memory leak during PDF export triggers OOM performance crash
2. Observe result under high concurrent traffic",Optimize PDF stream memory allocation under 250MB,Performance crash with OutOfMemory error,Production,Performance,Critical,P1,Performance
High CPU utilization spike during concurrent CSV file parsing (when running background cron job),Parsing 500MB CSV file locks CPU performance threads causing API response lag. Note: Defect was verified when running background cron job.,"1. Reproduce: High CPU utilization spike during concurrent CSV file parsing
2. Observe result when running background cron job",Process CSV parsing in async background queue to maintain performance,Server CPU spikes to 100% performance degradation,Development,Performance,High,P2,Performance
N+1 SQL query loop in list view degrades page load performance (on mobile Safari browser),Looping over table records triggers 150 individual SQL queries degrading performance. Note: Defect was verified on mobile Safari browser.,"1. Reproduce: N+1 SQL query loop in list view degrades page load performance
2. Observe result on mobile Safari browser",Use eager loading SQL joins for page performance,150 separate queries degrade load performance,Staging,Performance,Medium,P3,Performance
Unused JavaScript bundle assets increase page load time (intermittently after session timeout),Legacy library dependencies included in main production bundle slowing performance. Note: Defect was verified intermittently after session timeout.,"1. Reproduce: Unused JavaScript bundle assets increase page load time
2. Observe result intermittently after session timeout",Tree-shake unused script files for optimal frontend performance,Bundle size 50KB larger than optimal performance benchmark,Staging,Performance,Low,P4,Performance
Multi-Factor Authentication MFA bypass via direct login route (when running background cron job),Navigating directly to protected URL skips mandatory MFA passcode prompt during authentication. Note: Defect was verified when running background cron job.,"1. Reproduce: Multi-Factor Authentication MFA bypass via direct login route
2. Observe result when running background cron job",Enforce MFA authentication before issuing access token,Bypasses authentication MFA verification check,Production,Authentication,Critical,P1,Authentication
OAuth2 SSO authentication callback loop state mismatch (intermittently after session timeout),Single Sign-On SSO authentication redirect fails for Azure AD login users. Note: Defect was verified intermittently after session timeout.,"1. Reproduce: OAuth2 SSO authentication callback loop state mismatch
2. Observe result intermittently after session timeout",Validate SSO authentication state token cleanly,Authentication redirect loop with 403 error,Staging,Authentication,High,P2,Authentication
Password reset token does not expire after single redemption (after v1.4 patch release),Password reset link remains active for authentication multiple times. Note: Defect was verified after v1.4 patch release.,"1. Reproduce: Password reset token does not expire after single redemption
2. Observe result after v1.4 patch release",Invalidate password reset token after single authentication use,Reset token re-usable for 24 hours,Staging,Authentication,Medium,P3,Authentication
Login form password input field missing autocomplete attribute (in microservice container),Password manager browser extension fails to auto-fill authentication password field. Note: Defect was verified in microservice container.,"1. Reproduce: Login form password input field missing autocomplete attribute
2. Observe result in microservice container",Set autocomplete='current-password' for authentication UX,Password manager fails to detect field,Staging,Authentication,Low,P4,Authentication
HTTP 504 Gateway Timeout on microservice network proxy (after v1.4 patch release),Network API gateway proxy drops inbound requests taking longer than 30 seconds. Note: Defect was verified after v1.4 patch release.,"1. Reproduce: HTTP 504 Gateway Timeout on microservice network proxy
2. Observe result after v1.4 patch release",Maintain network proxy connection for long requests,Network proxy returns 504 Gateway Timeout,Production,Network,Critical,P1,Network
WebSocket live stream network connection drops every 60 seconds (on mobile Safari browser),Missing network ping heartbeat ping causes reverse proxy to terminate socket connection. Note: Defect was verified on mobile Safari browser.,"1. Reproduce: WebSocket live stream network connection drops every 60 seconds
2. Observe result on mobile Safari browser",Send periodic WebSocket network keep-alive ping,Network socket connection closes with code 1006,Development,Network,High,P2,Network
CORS preflight network request fails on custom HTTP headers (in microservice container),OPTIONS network request returns 403 Forbidden due to missing Access-Control header. Note: Defect was verified in microservice container.,"1. Reproduce: CORS preflight network request fails on custom HTTP headers
2. Observe result in microservice container",Allow custom headers in CORS network handler,Browser blocks cross-origin network API request,Development,Network,Medium,P3,Network
DNS lookup retry delay adds 150ms latency to network calls (under high concurrent traffic),Secondary DNS network resolver lookup retries before resolving hostname. Note: Defect was verified under high concurrent traffic.,"1. Reproduce: DNS lookup retry delay adds 150ms latency to network calls
2. Observe result under high concurrent traffic",Fast primary DNS network resolution under 10ms,Intermittent 150ms network delay,Production,Network,Low,P4,Network
Modal dialog close button unclickable on mobile viewport UI/UX (observed in staging deployment),Modal close button positioned outside viewport UI/UX touch boundary. Note: Defect was verified observed in staging deployment.,"1. Reproduce: Modal dialog close button unclickable on mobile viewport UI/UX
2. Observe result observed in staging deployment",Responsive UI/UX modal bounds with accessible tap target,User stuck on modal UI/UX screen,Staging,UI/UX,Critical,P1,UI/UX
Filter dropdown selected values fail to clear on reset UI/UX click (in microservice container),Clicking Clear Filters resets text but leaves dropdown selection active in UI/UX state. Note: Defect was verified in microservice container.,"1. Reproduce: Filter dropdown selected values fail to clear on reset UI/UX click
2. Observe result in microservice container",Reset all UI/UX filter components to default state,Dropdown selection remains active in UI/UX state,Development,UI/UX,High,P2,UI/UX
Dark mode text contrast ratio fails accessibility UI/UX guidelines (during load test run),Muted gray text on dark background has insufficient contrast ratio in UI/UX theme. Note: Defect was verified during load test run.,"1. Reproduce: Dark mode text contrast ratio fails accessibility UI/UX guidelines
2. Observe result during load test run",Maintain WCAG AAA contrast ratio 4.5:1 for UI/UX,Text illegible in dark UI/UX theme,Staging,UI/UX,Medium,P3,UI/UX
User avatar image renders broken placeholder icon on CDN UI/UX 404 (on Kubernetes cluster node 3),Broken image icon rendered when user profile picture URL fails in UI/UX. Note: Defect was verified on Kubernetes cluster node 3.,"1. Reproduce: User avatar image renders broken placeholder icon on CDN UI/UX 404
2. Observe result on Kubernetes cluster node 3",Render fallback initial avatar icon in UI/UX,Broken image placeholder shown in UI/UX layout,Staging,UI/UX,Low,P4,UI/UX
Bulk delete functional action removes wrong record IDs (on mobile Safari browser),Select all functional checkbox maps array index instead of database record ID. Note: Defect was verified on mobile Safari browser.,"1. Reproduce: Bulk delete functional action removes wrong record IDs
2. Observe result on mobile Safari browser",Execute functional deletion on selected database IDs only,Deletes wrong database records in functional execution,Staging,General,Critical,P1,Functional
Incorrect functional pagination item count displayed on table footer (in microservice container),Footer displays total count from unfiltered dataset after applying functional search. Note: Defect was verified in microservice container.,"1. Reproduce: Incorrect functional pagination item count displayed on table footer
2. Observe result in microservice container",Update functional item count to match active search filter,Displays stale total count in table functional footer,Production,General,High,P2,Functional
Export CSV functional feature truncates descriptions with commas (on Kubernetes cluster node 3),CSV functional generator fails to wrap string values in double quotes. Note: Defect was verified on Kubernetes cluster node 3.,"1. Reproduce: Export CSV functional feature truncates descriptions with commas
2. Observe result on Kubernetes cluster node 3",Escape commas in CSV functional export,Splits text across columns in functional export,Production,General,Medium,P3,Functional
Date picker functional filter applies timezone offset incorrectly (on mobile Safari browser),Selecting start date converts time to UTC shifting selected functional day. Note: Defect was verified on mobile Safari browser.,"1. Reproduce: Date picker functional filter applies timezone offset incorrectly
2. Observe result on mobile Safari browser",Preserve selected date string in functional filter,Shifts selected date by -1 day in functional query,Production,General,Low,P4,Functional
Zapier webhook integration pipeline drops sync events (when running background cron job),Data integration sync pipeline fails to retry dropped HTTP events under failure. Note: Defect was verified when running background cron job.,"1. Reproduce: Zapier webhook integration pipeline drops sync events
2. Observe result when running background cron job",Guaranteed event delivery across integration pipeline,Integration sync events silently lost,Development,Integration,Critical,P1,Integration
Third-party REST integration API rate limit returns 429 error (during load test run),Exceeding vendor API quota throws uncaught integration exception in worker queue. Note: Defect was verified during load test run.,"1. Reproduce: Third-party REST integration API rate limit returns 429 error
2. Observe result during load test run",Implement exponential backoff retry in integration client,Integration worker process crashes,Development,Integration,High,P2,Integration
Jira issue integration sync fails on custom field schema mismatch (under high concurrent traffic),Custom field value formatting causes Jira integration REST API validation error. Note: Defect was verified under high concurrent traffic.,"1. Reproduce: Jira issue integration sync fails on custom field schema mismatch
2. Observe result under high concurrent traffic",Format payload according to Jira integration spec,Jira integration sync fails,Staging,Integration,Medium,P3,Integration
Slack webhook integration notification fails when title contains quotes (after v1.4 patch release),Unescaped double quotes in bug title break Slack integration JSON payload. Note: Defect was verified after v1.4 patch release.,"1. Reproduce: Slack webhook integration notification fails when title contains quotes
2. Observe result after v1.4 patch release",Sanitize JSON payload strings for integration webhook,Slack integration notification fails,Staging,Integration,Low,P4,Integration
Cron job scheduler thread deadlocks halting automated tasks (after v1.4 patch release),Shared lock between scheduled tasks causes task runner service to stall. Note: Defect was verified after v1.4 patch release.,"1. Reproduce: Cron job scheduler thread deadlocks halting automated tasks
2. Observe result after v1.4 patch release",Isolated task execution threads for background jobs,Cron scheduler completely stops execution,Staging,General,Critical,P1,Other
Email notification sender address rejected by SPF DMARC policy (under high concurrent traffic),Outbound transaction email missing valid DKIM signature in mail header. Note: Defect was verified under high concurrent traffic.,"1. Reproduce: Email notification sender address rejected by SPF DMARC policy
2. Observe result under high concurrent traffic",Send authenticated email headers with DKIM signature,Notification emails marked as spam,Production,General,High,P2,Other
Help center documentation search returns 500 on special characters (under high concurrent traffic),Searching documentation with quotes throws unhandled server exception. Note: Defect was verified under high concurrent traffic.,"1. Reproduce: Help center documentation search returns 500 on special characters
2. Observe result under high concurrent traffic",Sanitize search input terms in documentation portal,500 Internal Server Error,Production,General,Medium,P3,Other
Typo in assignment notification email subject header text (intermittently after session timeout),Notification email subject contains spelling error: 'Bug Assignned'. Note: Defect was verified intermittently after session timeout.,"1. Reproduce: Typo in assignment notification email subject header text
2. Observe result intermittently after session timeout",Correct spelling: 'Bug Assigned',Displays 'Assignned' with double n,Production,General,Low,P4,Other
SQL Injection security vulnerability in login authentication field (in microservice container),Unsanitized user input in security field allows unauthenticated SQL injection exploit against user database. Note: Defect was verified in microservice container.,"1. Reproduce: SQL Injection security vulnerability in login authentication field
2. Observe result in microservice container",Security input sanitization and SQL parameterization should block injection payload,Security authentication check bypassed allowing unauthorized access,Development,Security,Critical,P1,Security
Cross-Site Scripting XSS security vulnerability in comment box (on Kubernetes cluster node 3),Stored XSS security vulnerability executes arbitrary JavaScript in victim browser session. Note: Defect was verified on Kubernetes cluster node 3.,"1. Reproduce: Cross-Site Scripting XSS security vulnerability in comment box
2. Observe result on Kubernetes cluster node 3",Security HTML tag escaping should sanitize XSS payload,Malicious XSS script tag executes on profile page,Staging,Security,High,P2,Security
Missing security HTTP Content-Security-Policy headers (under high concurrent traffic),Application security response headers lack CSP protection against frame injection. Note: Defect was verified under high concurrent traffic.,"1. Reproduce: Missing security HTTP Content-Security-Policy headers
2. Observe result under high concurrent traffic",Include security response headers CSP and X-Frame-Options,Security response headers missing CSP directives,Staging,Security,Medium,P3,Security
Verbose server header leaks proxy security version info (under high concurrent traffic),HTTP Server security response header reveals backend proxy version string. Note: Defect was verified under high concurrent traffic.,"1. Reproduce: Verbose server header leaks proxy security version info
2. Observe result under high concurrent traffic",Mask security server version strings in production,Header leaks Server version information,Staging,Security,Low,P4,Security
Payment gateway deadlock causing duplicate debit charge (intermittently after session timeout),Concurrent payment checkout requests cause deadlock resulting in double credit card debit. Note: Defect was verified intermittently after session timeout.,"1. Reproduce: Payment gateway deadlock causing duplicate debit charge
2. Observe result intermittently after session timeout",Atomic payment transaction lock prevents duplicate charges,Payment fails with 500 error and debits customer twice,Development,Payment,Critical,P1,Payment
Stripe payment API webhook notification signature failure (under high concurrent traffic),Asynchronous payment gateway notification webhook drops checkout completion events. Note: Defect was verified under high concurrent traffic.,"1. Reproduce: Stripe payment API webhook notification signature failure
2. Observe result under high concurrent traffic",Validate Stripe payment webhook signature correctly,Payment status remains pending after credit card charge,Development,Payment,High,P2,Payment
Currency symbol display mismatch in checkout payment summary (on Kubernetes cluster node 3),Payment conversion calculates correctly but displays wrong currency symbol prefix. Note: Defect was verified on Kubernetes cluster node 3.,"1. Reproduce: Currency symbol display mismatch in checkout payment summary
2. Observe result on Kubernetes cluster node 3",Display correct currency symbol on payment screen,Displays $ instead of EUR symbol for payment total,Development,Payment,Medium,P3,Payment
Saved payment card mask displays 14 visible digits (on mobile Safari browser),Credit card payment mask displays 14 visible digits on account billing page. Note: Defect was verified on mobile Safari browser.,"1. Reproduce: Saved payment card mask displays 14 visible digits
2. Observe result on mobile Safari browser",Mask all but last 4 payment card numbers,Payment card digits exposed on screen,Development,Payment,Low,P4,Payment
Database connection pool leak exhausts active DB connections (intermittently after session timeout),Unclosed database ORM sessions leak database connection pool capacity causing API crash. Note: Defect was verified intermittently after session timeout.,"1. Reproduce: Database connection pool leak exhausts active DB connections
2. Observe result intermittently after session timeout",Recycle idle database connection pool threads automatically,Database connection pool timeout error,Staging,Database,Critical,P1,Database
Missing composite database index causes full table scan (on mobile Safari browser),Database query plan performs full table scan on 10 million database rows. Note: Defect was verified on mobile Safari browser.,"1. Reproduce: Missing composite database index causes full table scan
2. Observe result on mobile Safari browser",Execute database query using composite index under 50ms,Database query latency spikes to 9 seconds,Development,Database,High,P2,Database
Read replica database synchronization delay lag (on mobile Safari browser),Replication lag on secondary database instance returns stale database records. Note: Defect was verified on mobile Safari browser.,"1. Reproduce: Read replica database synchronization delay lag
2. Observe result on mobile Safari browser",Database replication sync delay under 200ms,Stale database records returned to read query,Production,Database,Medium,P3,Database
Database migration script outputs deprecated syntax warning (in microservice container),Database schema migration succeeds but logs SQL index syntax warning. Note: Defect was verified in microservice container.,"1. Reproduce: Database migration script outputs deprecated syntax warning
2. Observe result in microservice container",Clean database migration execution logs,Deprecated database index syntax warning logged,Production,Database,Low,P4,Database
Memory leak during PDF export triggers OOM performance crash (intermittently after session timeout),Exporting PDF documents consumes 4GB heap RAM memory causing OOM performance killer crash. Note: Defect was verified intermittently after session timeout.,"1. Reproduce: Memory leak during PDF export triggers OOM performance crash
2. Observe result intermittently after session timeout",Optimize PDF stream memory allocation under 250MB,Performance crash with OutOfMemory error,Staging,Performance,Critical,P1,Performance
High CPU utilization spike during concurrent CSV file parsing (on Kubernetes cluster node 3),Parsing 500MB CSV file locks CPU performance threads causing API response lag. Note: Defect was verified on Kubernetes cluster node 3.,"1. Reproduce: High CPU utilization spike during concurrent CSV file parsing
2. Observe result on Kubernetes cluster node 3",Process CSV parsing in async background queue to maintain performance,Server CPU spikes to 100% performance degradation,Production,Performance,High,P2,Performance
N+1 SQL query loop in list view degrades page load performance (on Kubernetes cluster node 3),Looping over table records triggers 150 individual SQL queries degrading performance. Note: Defect was verified on Kubernetes cluster node 3.,"1. Reproduce: N+1 SQL query loop in list view degrades page load performance
2. Observe result on Kubernetes cluster node 3",Use eager loading SQL joins for page performance,150 separate queries degrade load performance,Staging,Performance,Medium,P3,Performance
Unused JavaScript bundle assets increase page load time (when running background cron job),Legacy library dependencies included in main production bundle slowing performance. Note: Defect was verified when running background cron job.,"1. Reproduce: Unused JavaScript bundle assets increase page load time
2. Observe result when running background cron job",Tree-shake unused script files for optimal frontend performance,Bundle size 50KB larger than optimal performance benchmark,Staging,Performance,Low,P4,Performance
Multi-Factor Authentication MFA bypass via direct login route (when running background cron job),Navigating directly to protected URL skips mandatory MFA passcode prompt during authentication. Note: Defect was verified when running background cron job.,"1. Reproduce: Multi-Factor Authentication MFA bypass via direct login route
2. Observe result when running background cron job",Enforce MFA authentication before issuing access token,Bypasses authentication MFA verification check,Development,Authentication,Critical,P1,Authentication
OAuth2 SSO authentication callback loop state mismatch (on mobile Safari browser),Single Sign-On SSO authentication redirect fails for Azure AD login users. Note: Defect was verified on mobile Safari browser.,"1. Reproduce: OAuth2 SSO authentication callback loop state mismatch
2. Observe result on mobile Safari browser",Validate SSO authentication state token cleanly,Authentication redirect loop with 403 error,Development,Authentication,High,P2,Authentication
Password reset token does not expire after single redemption (during load test run),Password reset link remains active for authentication multiple times. Note: Defect was verified during load test run.,"1. Reproduce: Password reset token does not expire after single redemption
2. Observe result during load test run",Invalidate password reset token after single authentication use,Reset token re-usable for 24 hours,Staging,Authentication,Medium,P3,Authentication
Login form password input field missing autocomplete attribute (on mobile Safari browser),Password manager browser extension fails to auto-fill authentication password field. Note: Defect was verified on mobile Safari browser.,"1. Reproduce: Login form password input field missing autocomplete attribute
2. Observe result on mobile Safari browser",Set autocomplete='current-password' for authentication UX,Password manager fails to detect field,Development,Authentication,Low,P4,Authentication
HTTP 504 Gateway Timeout on microservice network proxy (on mobile Safari browser),Network API gateway proxy drops inbound requests taking longer than 30 seconds. Note: Defect was verified on mobile Safari browser.,"1. Reproduce: HTTP 504 Gateway Timeout on microservice network proxy
2. Observe result on mobile Safari browser",Maintain network proxy connection for long requests,Network proxy returns 504 Gateway Timeout,Staging,Network,Critical,P1,Network
WebSocket live stream network connection drops every 60 seconds (under high concurrent traffic),Missing network ping heartbeat ping causes reverse proxy to terminate socket connection. Note: Defect was verified under high concurrent traffic.,"1. Reproduce: WebSocket live stream network connection drops every 60 seconds
2. Observe result under high concurrent traffic",Send periodic WebSocket network keep-alive ping,Network socket connection closes with code 1006,Development,Network,High,P2,Network
CORS preflight network request fails on custom HTTP headers (on Kubernetes cluster node 3),OPTIONS network request returns 403 Forbidden due to missing Access-Control header. Note: Defect was verified on Kubernetes cluster node 3.,"1. Reproduce: CORS preflight network request fails on custom HTTP headers
2. Observe result on Kubernetes cluster node 3",Allow custom headers in CORS network handler,Browser blocks cross-origin network API request,Development,Network,Medium,P3,Network
DNS lookup retry delay adds 150ms latency to network calls (after v1.4 patch release),Secondary DNS network resolver lookup retries before resolving hostname. Note: Defect was verified after v1.4 patch release.,"1. Reproduce: DNS lookup retry delay adds 150ms latency to network calls
2. Observe result after v1.4 patch release",Fast primary DNS network resolution under 10ms,Intermittent 150ms network delay,Production,Network,Low,P4,Network
Modal dialog close button unclickable on mobile viewport UI/UX (when running background cron job),Modal close button positioned outside viewport UI/UX touch boundary. Note: Defect was verified when running background cron job.,"1. Reproduce: Modal dialog close button unclickable on mobile viewport UI/UX
2. Observe result when running background cron job",Responsive UI/UX modal bounds with accessible tap target,User stuck on modal UI/UX screen,Development,UI/UX,Critical,P1,UI/UX
Filter dropdown selected values fail to clear on reset UI/UX click (on Kubernetes cluster node 3),Clicking Clear Filters resets text but leaves dropdown selection active in UI/UX state. Note: Defect was verified on Kubernetes cluster node 3.,"1. Reproduce: Filter dropdown selected values fail to clear on reset UI/UX click
2. Observe result on Kubernetes cluster node 3",Reset all UI/UX filter components to default state,Dropdown selection remains active in UI/UX state,Staging,UI/UX,High,P2,UI/UX
Dark mode text contrast ratio fails accessibility UI/UX guidelines (observed in staging deployment),Muted gray text on dark background has insufficient contrast ratio in UI/UX theme. Note: Defect was verified observed in staging deployment.,"1. Reproduce: Dark mode text contrast ratio fails accessibility UI/UX guidelines
2. Observe result observed in staging deployment",Maintain WCAG AAA contrast ratio 4.5:1 for UI/UX,Text illegible in dark UI/UX theme,Development,UI/UX,Medium,P3,UI/UX
User avatar image renders broken placeholder icon on CDN UI/UX 404 (when running background cron job),Broken image icon rendered when user profile picture URL fails in UI/UX. Note: Defect was verified when running background cron job.,"1. Reproduce: User avatar image renders broken placeholder icon on CDN UI/UX 404
2. Observe result when running background cron job",Render fallback initial avatar icon in UI/UX,Broken image placeholder shown in UI/UX layout,Production,UI/UX,Low,P4,UI/UX
Bulk delete functional action removes wrong record IDs (on Kubernetes cluster node 3),Select all functional checkbox maps array index instead of database record ID. Note: Defect was verified on Kubernetes cluster node 3.,"1. Reproduce: Bulk delete functional action removes wrong record IDs
2. Observe result on Kubernetes cluster node 3",Execute functional deletion on selected database IDs only,Deletes wrong database records in functional execution,Production,General,Critical,P1,Functional
Incorrect functional pagination item count displayed on table footer (on Kubernetes cluster node 3),Footer displays total count from unfiltered dataset after applying functional search. Note: Defect was verified on Kubernetes cluster node 3.,"1. Reproduce: Incorrect functional pagination item count displayed on table footer
2. Observe result on Kubernetes cluster node 3",Update functional item count to match active search filter,Displays stale total count in table functional footer,Production,General,High,P2,Functional
Export CSV functional feature truncates descriptions with commas (during load test run),CSV functional generator fails to wrap string values in double quotes. Note: Defect was verified during load test run.,"1. Reproduce: Export CSV functional feature truncates descriptions with commas
2. Observe result during load test run",Escape commas in CSV functional export,Splits text across columns in functional export,Production,General,Medium,P3,Functional
Date picker functional filter applies timezone offset incorrectly (after v1.4 patch release),Selecting start date converts time to UTC shifting selected functional day. Note: Defect was verified after v1.4 patch release.,"1. Reproduce: Date picker functional filter applies timezone offset incorrectly
2. Observe result after v1.4 patch release",Preserve selected date string in functional filter,Shifts selected date by -1 day in functional query,Development,General,Low,P4,Functional
Zapier webhook integration pipeline drops sync events (when running background cron job),Data integration sync pipeline fails to retry dropped HTTP events under failure. Note: Defect was verified when running background cron job.,"1. Reproduce: Zapier webhook integration pipeline drops sync events
2. Observe result when running background cron job",Guaranteed event delivery across integration pipeline,Integration sync events silently lost,Staging,Integration,Critical,P1,Integration
Third-party REST integration API rate limit returns 429 error (after v1.4 patch release),Exceeding vendor API quota throws uncaught integration exception in worker queue. Note: Defect was verified after v1.4 patch release.,"1. Reproduce: Third-party REST integration API rate limit returns 429 error
2. Observe result after v1.4 patch release",Implement exponential backoff retry in integration client,Integration worker process crashes,Production,Integration,High,P2,Integration
Jira issue integration sync fails on custom field schema mismatch (observed in staging deployment),Custom field value formatting causes Jira integration REST API validation error. Note: Defect was verified observed in staging deployment.,"1. Reproduce: Jira issue integration sync fails on custom field schema mismatch
2. Observe result observed in staging deployment",Format payload according to Jira integration spec,Jira integration sync fails,Staging,Integration,Medium,P3,Integration
Slack webhook integration notification fails when title contains quotes (on Kubernetes cluster node 3),Unescaped double quotes in bug title break Slack integration JSON payload. Note: Defect was verified on Kubernetes cluster node 3.,"1. Reproduce: Slack webhook integration notification fails when title contains quotes
2. Observe result on Kubernetes cluster node 3",Sanitize JSON payload strings for integration webhook,Slack integration notification fails,Production,Integration,Low,P4,Integration
Cron job scheduler thread deadlocks halting automated tasks (in microservice container),Shared lock between scheduled tasks causes task runner service to stall. Note: Defect was verified in microservice container.,"1. Reproduce: Cron job scheduler thread deadlocks halting automated tasks
2. Observe result in microservice container",Isolated task execution threads for background jobs,Cron scheduler completely stops execution,Development,General,Critical,P1,Other
Email notification sender address rejected by SPF DMARC policy (on mobile Safari browser),Outbound transaction email missing valid DKIM signature in mail header. Note: Defect was verified on mobile Safari browser.,"1. Reproduce: Email notification sender address rejected by SPF DMARC policy
2. Observe result on mobile Safari browser",Send authenticated email headers with DKIM signature,Notification emails marked as spam,Staging,General,High,P2,Other
Help center documentation search returns 500 on special characters (on mobile Safari browser),Searching documentation with quotes throws unhandled server exception. Note: Defect was verified on mobile Safari browser.,"1. Reproduce: Help center documentation search returns 500 on special characters
2. Observe result on mobile Safari browser",Sanitize search input terms in documentation portal,500 Internal Server Error,Production,General,Medium,P3,Other
Typo in assignment notification email subject header text (on mobile Safari browser),Notification email subject contains spelling error: 'Bug Assignned'. Note: Defect was verified on mobile Safari browser.,"1. Reproduce: Typo in assignment notification email subject header text
2. Observe result on mobile Safari browser",Correct spelling: 'Bug Assigned',Displays 'Assignned' with double n,Staging,General,Low,P4,Other
SQL Injection security vulnerability in login authentication field (under high concurrent traffic),Unsanitized user input in security field allows unauthenticated SQL injection exploit against user database. Note: Defect was verified under high concurrent traffic.,"1. Reproduce: SQL Injection security vulnerability in login authentication field
2. Observe result under high concurrent traffic",Security input sanitization and SQL parameterization should block injection payload,Security authentication check bypassed allowing unauthorized access,Staging,Security,Critical,P1,Security
Cross-Site Scripting XSS security vulnerability in comment box (after v1.4 patch release),Stored XSS security vulnerability executes arbitrary JavaScript in victim browser session. Note: Defect was verified after v1.4 patch release.,"1. Reproduce: Cross-Site Scripting XSS security vulnerability in comment box
2. Observe result after v1.4 patch release",Security HTML tag escaping should sanitize XSS payload,Malicious XSS script tag executes on profile page,Development,Security,High,P2,Security
Missing security HTTP Content-Security-Policy headers (after v1.4 patch release),Application security response headers lack CSP protection against frame injection. Note: Defect was verified after v1.4 patch release.,"1. Reproduce: Missing security HTTP Content-Security-Policy headers
2. Observe result after v1.4 patch release",Include security response headers CSP and X-Frame-Options,Security response headers missing CSP directives,Staging,Security,Medium,P3,Security
Verbose server header leaks proxy security version info (during load test run),HTTP Server security response header reveals backend proxy version string. Note: Defect was verified during load test run.,"1. Reproduce: Verbose server header leaks proxy security version info
2. Observe result during load test run",Mask security server version strings in production,Header leaks Server version information,Development,Security,Low,P4,Security
Payment gateway deadlock causing duplicate debit charge (observed in staging deployment),Concurrent payment checkout requests cause deadlock resulting in double credit card debit. Note: Defect was verified observed in staging deployment.,"1. Reproduce: Payment gateway deadlock causing duplicate debit charge
2. Observe result observed in staging deployment",Atomic payment transaction lock prevents duplicate charges,Payment fails with 500 error and debits customer twice,Development,Payment,Critical,P1,Payment
Stripe payment API webhook notification signature failure (when running background cron job),Asynchronous payment gateway notification webhook drops checkout completion events. Note: Defect was verified when running background cron job.,"1. Reproduce: Stripe payment API webhook notification signature failure
2. Observe result when running background cron job",Validate Stripe payment webhook signature correctly,Payment status remains pending after credit card charge,Development,Payment,High,P2,Payment
Currency symbol display mismatch in checkout payment summary (during load test run),Payment conversion calculates correctly but displays wrong currency symbol prefix. Note: Defect was verified during load test run.,"1. Reproduce: Currency symbol display mismatch in checkout payment summary
2. Observe result during load test run",Display correct currency symbol on payment screen,Displays $ instead of EUR symbol for payment total,Development,Payment,Medium,P3,Payment
Saved payment card mask displays 14 visible digits (when running background cron job),Credit card payment mask displays 14 visible digits on account billing page. Note: Defect was verified when running background cron job.,"1. Reproduce: Saved payment card mask displays 14 visible digits
2. Observe result when running background cron job",Mask all but last 4 payment card numbers,Payment card digits exposed on screen,Production,Payment,Low,P4,Payment
Database connection pool leak exhausts active DB connections (observed in staging deployment),Unclosed database ORM sessions leak database connection pool capacity causing API crash. Note: Defect was verified observed in staging deployment.,"1. Reproduce: Database connection pool leak exhausts active DB connections
2. Observe result observed in staging deployment",Recycle idle database connection pool threads automatically,Database connection pool timeout error,Development,Database,Critical,P1,Database
Missing composite database index causes full table scan (observed in staging deployment),Database query plan performs full table scan on 10 million database rows. Note: Defect was verified observed in staging deployment.,"1. Reproduce: Missing composite database index causes full table scan
2. Observe result observed in staging deployment",Execute database query using composite index under 50ms,Database query latency spikes to 9 seconds,Production,Database,High,P2,Database
Read replica database synchronization delay lag (in microservice container),Replication lag on secondary database instance returns stale database records. Note: Defect was verified in microservice container.,"1. Reproduce: Read replica database synchronization delay lag
2. Observe result in microservice container",Database replication sync delay under 200ms,Stale database records returned to read query,Staging,Database,Medium,P3,Database
Database migration script outputs deprecated syntax warning (observed in staging deployment),Database schema migration succeeds but logs SQL index syntax warning. Note: Defect was verified observed in staging deployment.,"1. Reproduce: Database migration script outputs deprecated syntax warning
2. Observe result observed in staging deployment",Clean database migration execution logs,Deprecated database index syntax warning logged,Production,Database,Low,P4,Database
Memory leak during PDF export triggers OOM performance crash (in microservice container),Exporting PDF documents consumes 4GB heap RAM memory causing OOM performance killer crash. Note: Defect was verified in microservice container.,"1. Reproduce: Memory leak during PDF export triggers OOM performance crash
2. Observe result in microservice container",Optimize PDF stream memory allocation under 250MB,Performance crash with OutOfMemory error,Production,Performance,Critical,P1,Performance
High CPU utilization spike during concurrent CSV file parsing (on Kubernetes cluster node 3),Parsing 500MB CSV file locks CPU performance threads causing API response lag. Note: Defect was verified on Kubernetes cluster node 3.,"1. Reproduce: High CPU utilization spike during concurrent CSV file parsing
2. Observe result on Kubernetes cluster node 3",Process CSV parsing in async background queue to maintain performance,Server CPU spikes to 100% performance degradation,Production,Performance,High,P2,Performance
N+1 SQL query loop in list view degrades page load performance (on mobile Safari browser),Looping over table records triggers 150 individual SQL queries degrading performance. Note: Defect was verified on mobile Safari browser.,"1. Reproduce: N+1 SQL query loop in list view degrades page load performance
2. Observe result on mobile Safari browser",Use eager loading SQL joins for page performance,150 separate queries degrade load performance,Production,Performance,Medium,P3,Performance
Unused JavaScript bundle assets increase page load time (on mobile Safari browser),Legacy library dependencies included in main production bundle slowing performance. Note: Defect was verified on mobile Safari browser.,"1. Reproduce: Unused JavaScript bundle assets increase page load time
2. Observe result on mobile Safari browser",Tree-shake unused script files for optimal frontend performance,Bundle size 50KB larger than optimal performance benchmark,Development,Performance,Low,P4,Performance
Multi-Factor Authentication MFA bypass via direct login route (after v1.4 patch release),Navigating directly to protected URL skips mandatory MFA passcode prompt during authentication. Note: Defect was verified after v1.4 patch release.,"1. Reproduce: Multi-Factor Authentication MFA bypass via direct login route
2. Observe result after v1.4 patch release",Enforce MFA authentication before issuing access token,Bypasses authentication MFA verification check,Development,Authentication,Critical,P1,Authentication
OAuth2 SSO authentication callback loop state mismatch (in microservice container),Single Sign-On SSO authentication redirect fails for Azure AD login users. Note: Defect was verified in microservice container.,"1. Reproduce: OAuth2 SSO authentication callback loop state mismatch
2. Observe result in microservice container",Validate SSO authentication state token cleanly,Authentication redirect loop with 403 error,Staging,Authentication,High,P2,Authentication
Password reset token does not expire after single redemption (intermittently after session timeout),Password reset link remains active for authentication multiple times. Note: Defect was verified intermittently after session timeout.,"1. Reproduce: Password reset token does not expire after single redemption
2. Observe result intermittently after session timeout",Invalidate password reset token after single authentication use,Reset token re-usable for 24 hours,Staging,Authentication,Medium,P3,Authentication
Login form password input field missing autocomplete attribute (during load test run),Password manager browser extension fails to auto-fill authentication password field. Note: Defect was verified during load test run.,"1. Reproduce: Login form password input field missing autocomplete attribute
2. Observe result during load test run",Set autocomplete='current-password' for authentication UX,Password manager fails to detect field,Staging,Authentication,Low,P4,Authentication
HTTP 504 Gateway Timeout on microservice network proxy (under high concurrent traffic),Network API gateway proxy drops inbound requests taking longer than 30 seconds. Note: Defect was verified under high concurrent traffic.,"1. Reproduce: HTTP 504 Gateway Timeout on microservice network proxy
2. Observe result under high concurrent traffic",Maintain network proxy connection for long requests,Network proxy returns 504 Gateway Timeout,Staging,Network,Critical,P1,Network
WebSocket live stream network connection drops every 60 seconds (when running background cron job),Missing network ping heartbeat ping causes reverse proxy to terminate socket connection. Note: Defect was verified when running background cron job.,"1. Reproduce: WebSocket live stream network connection drops every 60 seconds
2. Observe result when running background cron job",Send periodic WebSocket network keep-alive ping,Network socket connection closes with code 1006,Production,Network,High,P2,Network
CORS preflight network request fails on custom HTTP headers (during load test run),OPTIONS network request returns 403 Forbidden due to missing Access-Control header. Note: Defect was verified during load test run.,"1. Reproduce: CORS preflight network request fails on custom HTTP headers
2. Observe result during load test run",Allow custom headers in CORS network handler,Browser blocks cross-origin network API request,Staging,Network,Medium,P3,Network
DNS lookup retry delay adds 150ms latency to network calls (on mobile Safari browser),Secondary DNS network resolver lookup retries before resolving hostname. Note: Defect was verified on mobile Safari browser.,"1. Reproduce: DNS lookup retry delay adds 150ms latency to network calls
2. Observe result on mobile Safari browser",Fast primary DNS network resolution under 10ms,Intermittent 150ms network delay,Production,Network,Low,P4,Network
Modal dialog close button unclickable on mobile viewport UI/UX (intermittently after session timeout),Modal close button positioned outside viewport UI/UX touch boundary. Note: Defect was verified intermittently after session timeout.,"1. Reproduce: Modal dialog close button unclickable on mobile viewport UI/UX
2. Observe result intermittently after session timeout",Responsive UI/UX modal bounds with accessible tap target,User stuck on modal UI/UX screen,Development,UI/UX,Critical,P1,UI/UX
Filter dropdown selected values fail to clear on reset UI/UX click (intermittently after session timeout),Clicking Clear Filters resets text but leaves dropdown selection active in UI/UX state. Note: Defect was verified intermittently after session timeout.,"1. Reproduce: Filter dropdown selected values fail to clear on reset UI/UX click
2. Observe result intermittently after session timeout",Reset all UI/UX filter components to default state,Dropdown selection remains active in UI/UX state,Development,UI/UX,High,P2,UI/UX
Dark mode text contrast ratio fails accessibility UI/UX guidelines (on Kubernetes cluster node 3),Muted gray text on dark background has insufficient contrast ratio in UI/UX theme. Note: Defect was verified on Kubernetes cluster node 3.,"1. Reproduce: Dark mode text contrast ratio fails accessibility UI/UX guidelines
2. Observe result on Kubernetes cluster node 3",Maintain WCAG AAA contrast ratio 4.5:1 for UI/UX,Text illegible in dark UI/UX theme,Staging,UI/UX,Medium,P3,UI/UX
User avatar image renders broken placeholder icon on CDN UI/UX 404 (on mobile Safari browser),Broken image icon rendered when user profile picture URL fails in UI/UX. Note: Defect was verified on mobile Safari browser.,"1. Reproduce: User avatar image renders broken placeholder icon on CDN UI/UX 404
2. Observe result on mobile Safari browser",Render fallback initial avatar icon in UI/UX,Broken image placeholder shown in UI/UX layout,Staging,UI/UX,Low,P4,UI/UX
Bulk delete functional action removes wrong record IDs (on Kubernetes cluster node 3),Select all functional checkbox maps array index instead of database record ID. Note: Defect was verified on Kubernetes cluster node 3.,"1. Reproduce: Bulk delete functional action removes wrong record IDs
2. Observe result on Kubernetes cluster node 3",Execute functional deletion on selected database IDs only,Deletes wrong database records in functional execution,Production,General,Critical,P1,Functional
Incorrect functional pagination item count displayed on table footer (observed in staging deployment),Footer displays total count from unfiltered dataset after applying functional search. Note: Defect was verified observed in staging deployment.,"1. Reproduce: Incorrect functional pagination item count displayed on table footer
2. Observe result observed in staging deployment",Update functional item count to match active search filter,Displays stale total count in table functional footer,Production,General,High,P2,Functional
Export CSV functional feature truncates descriptions with commas (intermittently after session timeout),CSV functional generator fails to wrap string values in double quotes. Note: Defect was verified intermittently after session timeout.,"1. Reproduce: Export CSV functional feature truncates descriptions with commas
2. Observe result intermittently after session timeout",Escape commas in CSV functional export,Splits text across columns in functional export,Development,General,Medium,P3,Functional
Date picker functional filter applies timezone offset incorrectly (intermittently after session timeout),Selecting start date converts time to UTC shifting selected functional day. Note: Defect was verified intermittently after session timeout.,"1. Reproduce: Date picker functional filter applies timezone offset incorrectly
2. Observe result intermittently after session timeout",Preserve selected date string in functional filter,Shifts selected date by -1 day in functional query,Staging,General,Low,P4,Functional
Zapier webhook integration pipeline drops sync events (observed in staging deployment),Data integration sync pipeline fails to retry dropped HTTP events under failure. Note: Defect was verified observed in staging deployment.,"1. Reproduce: Zapier webhook integration pipeline drops sync events
2. Observe result observed in staging deployment",Guaranteed event delivery across integration pipeline,Integration sync events silently lost,Development,Integration,Critical,P1,Integration
Third-party REST integration API rate limit returns 429 error (under high concurrent traffic),Exceeding vendor API quota throws uncaught integration exception in worker queue. Note: Defect was verified under high concurrent traffic.,"1. Reproduce: Third-party REST integration API rate limit returns 429 error
2. Observe result under high concurrent traffic",Implement exponential backoff retry in integration client,Integration worker process crashes,Development,Integration,High,P2,Integration
Jira issue integration sync fails on custom field schema mismatch (in microservice container),Custom field value formatting causes Jira integration REST API validation error. Note: Defect was verified in microservice container.,"1. Reproduce: Jira issue integration sync fails on custom field schema mismatch
2. Observe result in microservice container",Format payload according to Jira integration spec,Jira integration sync fails,Development,Integration,Medium,P3,Integration
Slack webhook integration notification fails when title contains quotes (observed in staging deployment),Unescaped double quotes in bug title break Slack integration JSON payload. Note: Defect was verified observed in staging deployment.,"1. Reproduce: Slack webhook integration notification fails when title contains quotes
2. Observe result observed in staging deployment",Sanitize JSON payload strings for integration webhook,Slack integration notification fails,Production,Integration,Low,P4,Integration
Cron job scheduler thread deadlocks halting automated tasks (after v1.4 patch release),Shared lock between scheduled tasks causes task runner service to stall. Note: Defect was verified after v1.4 patch release.,"1. Reproduce: Cron job scheduler thread deadlocks halting automated tasks
2. Observe result after v1.4 patch release",Isolated task execution threads for background jobs,Cron scheduler completely stops execution,Staging,General,Critical,P1,Other
Email notification sender address rejected by SPF DMARC policy (intermittently after session timeout),Outbound transaction email missing valid DKIM signature in mail header. Note: Defect was verified intermittently after session timeout.,"1. Reproduce: Email notification sender address rejected by SPF DMARC policy
2. Observe result intermittently after session timeout",Send authenticated email headers with DKIM signature,Notification emails marked as spam,Staging,General,High,P2,Other
Help center documentation search returns 500 on special characters (on mobile Safari browser),Searching documentation with quotes throws unhandled server exception. Note: Defect was verified on mobile Safari browser.,"1. Reproduce: Help center documentation search returns 500 on special characters
2. Observe result on mobile Safari browser",Sanitize search input terms in documentation portal,500 Internal Server Error,Staging,General,Medium,P3,Other
Typo in assignment notification email subject header text (observed in staging deployment),Notification email subject contains spelling error: 'Bug Assignned'. Note: Defect was verified observed in staging deployment.,"1. Reproduce: Typo in assignment notification email subject header text
2. Observe result observed in staging deployment",Correct spelling: 'Bug Assigned',Displays 'Assignned' with double n,Production,General,Low,P4,Other
SQL Injection security vulnerability in login authentication field (during load test run),Unsanitized user input in security field allows unauthenticated SQL injection exploit against user database. Note: Defect was verified during load test run.,"1. Reproduce: SQL Injection security vulnerability in login authentication field
2. Observe result during load test run",Security input sanitization and SQL parameterization should block injection payload,Security authentication check bypassed allowing unauthorized access,Production,Security,Critical,P1,Security
Cross-Site Scripting XSS security vulnerability in comment box (during load test run),Stored XSS security vulnerability executes arbitrary JavaScript in victim browser session. Note: Defect was verified during load test run.,"1. Reproduce: Cross-Site Scripting XSS security vulnerability in comment box
2. Observe result during load test run",Security HTML tag escaping should sanitize XSS payload,Malicious XSS script tag executes on profile page,Staging,Security,High,P2,Security
Missing security HTTP Content-Security-Policy headers (under high concurrent traffic),Application security response headers lack CSP protection against frame injection. Note: Defect was verified under high concurrent traffic.,"1. Reproduce: Missing security HTTP Content-Security-Policy headers
2. Observe result under high concurrent traffic",Include security response headers CSP and X-Frame-Options,Security response headers missing CSP directives,Staging,Security,Medium,P3,Security
Verbose server header leaks proxy security version info (under high concurrent traffic),HTTP Server security response header reveals backend proxy version string. Note: Defect was verified under high concurrent traffic.,"1. Reproduce: Verbose server header leaks proxy security version info
2. Observe result under high concurrent traffic",Mask security server version strings in production,Header leaks Server version information,Development,Security,Low,P4,Security
Payment gateway deadlock causing duplicate debit charge (in microservice container),Concurrent payment checkout requests cause deadlock resulting in double credit card debit. Note: Defect was verified in microservice container.,"1. Reproduce: Payment gateway deadlock causing duplicate debit charge
2. Observe result in microservice container",Atomic payment transaction lock prevents duplicate charges,Payment fails with 500 error and debits customer twice,Staging,Payment,Critical,P1,Payment
Stripe payment API webhook notification signature failure (observed in staging deployment),Asynchronous payment gateway notification webhook drops checkout completion events. Note: Defect was verified observed in staging deployment.,"1. Reproduce: Stripe payment API webhook notification signature failure
2. Observe result observed in staging deployment",Validate Stripe payment webhook signature correctly,Payment status remains pending after credit card charge,Production,Payment,High,P2,Payment
Currency symbol display mismatch in checkout payment summary (after v1.4 patch release),Payment conversion calculates correctly but displays wrong currency symbol prefix. Note: Defect was verified after v1.4 patch release.,"1. Reproduce: Currency symbol display mismatch in checkout payment summary
2. Observe result after v1.4 patch release",Display correct currency symbol on payment screen,Displays $ instead of EUR symbol for payment total,Staging,Payment,Medium,P3,Payment
Saved payment card mask displays 14 visible digits (observed in staging deployment),Credit card payment mask displays 14 visible digits on account billing page. Note: Defect was verified observed in staging deployment.,"1. Reproduce: Saved payment card mask displays 14 visible digits
2. Observe result observed in staging deployment",Mask all but last 4 payment card numbers,Payment card digits exposed on screen,Development,Payment,Low,P4,Payment
Database connection pool leak exhausts active DB connections (during load test run),Unclosed database ORM sessions leak database connection pool capacity causing API crash. Note: Defect was verified during load test run.,"1. Reproduce: Database connection pool leak exhausts active DB connections
2. Observe result during load test run",Recycle idle database connection pool threads automatically,Database connection pool timeout error,Production,Database,Critical,P1,Database
Missing composite database index causes full table scan (intermittently after session timeout),Database query plan performs full table scan on 10 million database rows. Note: Defect was verified intermittently after session timeout.,"1. Reproduce: Missing composite database index causes full table scan
2. Observe result intermittently after session timeout",Execute database query using composite index under 50ms,Database query latency spikes to 9 seconds,Production,Database,High,P2,Database
Read replica database synchronization delay lag (in microservice container),Replication lag on secondary database instance returns stale database records. Note: Defect was verified in microservice container.,"1. Reproduce: Read replica database synchronization delay lag
2. Observe result in microservice container",Database replication sync delay under 200ms,Stale database records returned to read query,Staging,Database,Medium,P3,Database
Database migration script outputs deprecated syntax warning (intermittently after session timeout),Database schema migration succeeds but logs SQL index syntax warning. Note: Defect was verified intermittently after session timeout.,"1. Reproduce: Database migration script outputs deprecated syntax warning
2. Observe result intermittently after session timeout",Clean database migration execution logs,Deprecated database index syntax warning logged,Production,Database,Low,P4,Database
Memory leak during PDF export triggers OOM performance crash (on Kubernetes cluster node 3),Exporting PDF documents consumes 4GB heap RAM memory causing OOM performance killer crash. Note: Defect was verified on Kubernetes cluster node 3.,"1. Reproduce: Memory leak during PDF export triggers OOM performance crash
2. Observe result on Kubernetes cluster node 3",Optimize PDF stream memory allocation under 250MB,Performance crash with OutOfMemory error,Development,Performance,Critical,P1,Performance
High CPU utilization spike during concurrent CSV file parsing (when running background cron job),Parsing 500MB CSV file locks CPU performance threads causing API response lag. Note: Defect was verified when running background cron job.,"1. Reproduce: High CPU utilization spike during concurrent CSV file parsing
2. Observe result when running background cron job",Process CSV parsing in async background queue to maintain performance,Server CPU spikes to 100% performance degradation,Development,Performance,High,P2,Performance
N+1 SQL query loop in list view degrades page load performance (on Kubernetes cluster node 3),Looping over table records triggers 150 individual SQL queries degrading performance. Note: Defect was verified on Kubernetes cluster node 3.,"1. Reproduce: N+1 SQL query loop in list view degrades page load performance
2. Observe result on Kubernetes cluster node 3",Use eager loading SQL joins for page performance,150 separate queries degrade load performance,Staging,Performance,Medium,P3,Performance
Unused JavaScript bundle assets increase page load time (on Kubernetes cluster node 3),Legacy library dependencies included in main production bundle slowing performance. Note: Defect was verified on Kubernetes cluster node 3.,"1. Reproduce: Unused JavaScript bundle assets increase page load time
2. Observe result on Kubernetes cluster node 3",Tree-shake unused script files for optimal frontend performance,Bundle size 50KB larger than optimal performance benchmark,Staging,Performance,Low,P4,Performance
Multi-Factor Authentication MFA bypass via direct login route (on mobile Safari browser),Navigating directly to protected URL skips mandatory MFA passcode prompt during authentication. Note: Defect was verified on mobile Safari browser.,"1. Reproduce: Multi-Factor Authentication MFA bypass via direct login route
2. Observe result on mobile Safari browser",Enforce MFA authentication before issuing access token,Bypasses authentication MFA verification check,Staging,Authentication,Critical,P1,Authentication
OAuth2 SSO authentication callback loop state mismatch (during load test run),Single Sign-On SSO authentication redirect fails for Azure AD login users. Note: Defect was verified during load test run.,"1. Reproduce: OAuth2 SSO authentication callback loop state mismatch
2. Observe result during load test run",Validate SSO authentication state token cleanly,Authentication redirect loop with 403 error,Production,Authentication,High,P2,Authentication
Password reset token does not expire after single redemption (intermittently after session timeout),Password reset link remains active for authentication multiple times. Note: Defect was verified intermittently after session timeout.,"1. Reproduce: Password reset token does not expire after single redemption
2. Observe result intermittently after session timeout",Invalidate password reset token after single authentication use,Reset token re-usable for 24 hours,Production,Authentication,Medium,P3,Authentication
Login form password input field missing autocomplete attribute (observed in staging deployment),Password manager browser extension fails to auto-fill authentication password field. Note: Defect was verified observed in staging deployment.,"1. Reproduce: Login form password input field missing autocomplete attribute
2. Observe result observed in staging deployment",Set autocomplete='current-password' for authentication UX,Password manager fails to detect field,Production,Authentication,Low,P4,Authentication
HTTP 504 Gateway Timeout on microservice network proxy (under high concurrent traffic),Network API gateway proxy drops inbound requests taking longer than 30 seconds. Note: Defect was verified under high concurrent traffic.,"1. Reproduce: HTTP 504 Gateway Timeout on microservice network proxy
2. Observe result under high concurrent traffic",Maintain network proxy connection for long requests,Network proxy returns 504 Gateway Timeout,Production,Network,Critical,P1,Network
WebSocket live stream network connection drops every 60 seconds (observed in staging deployment),Missing network ping heartbeat ping causes reverse proxy to terminate socket connection. Note: Defect was verified observed in staging deployment.,"1. Reproduce: WebSocket live stream network connection drops every 60 seconds
2. Observe result observed in staging deployment",Send periodic WebSocket network keep-alive ping,Network socket connection closes with code 1006,Staging,Network,High,P2,Network
CORS preflight network request fails on custom HTTP headers (in microservice container),OPTIONS network request returns 403 Forbidden due to missing Access-Control header. Note: Defect was verified in microservice container.,"1. Reproduce: CORS preflight network request fails on custom HTTP headers
2. Observe result in microservice container",Allow custom headers in CORS network handler,Browser blocks cross-origin network API request,Production,Network,Medium,P3,Network
DNS lookup retry delay adds 150ms latency to network calls (in microservice container),Secondary DNS network resolver lookup retries before resolving hostname. Note: Defect was verified in microservice container.,"1. Reproduce: DNS lookup retry delay adds 150ms latency to network calls
2. Observe result in microservice container",Fast primary DNS network resolution under 10ms,Intermittent 150ms network delay,Staging,Network,Low,P4,Network
Modal dialog close button unclickable on mobile viewport UI/UX (under high concurrent traffic),Modal close button positioned outside viewport UI/UX touch boundary. Note: Defect was verified under high concurrent traffic.,"1. Reproduce: Modal dialog close button unclickable on mobile viewport UI/UX
2. Observe result under high concurrent traffic",Responsive UI/UX modal bounds with accessible tap target,User stuck on modal UI/UX screen,Staging,UI/UX,Critical,P1,UI/UX
Filter dropdown selected values fail to clear on reset UI/UX click (when running background cron job),Clicking Clear Filters resets text but leaves dropdown selection active in UI/UX state. Note: Defect was verified when running background cron job.,"1. Reproduce: Filter dropdown selected values fail to clear on reset UI/UX click
2. Observe result when running background cron job",Reset all UI/UX filter components to default state,Dropdown selection remains active in UI/UX state,Staging,UI/UX,High,P2,UI/UX
Dark mode text contrast ratio fails accessibility UI/UX guidelines (when running background cron job),Muted gray text on dark background has insufficient contrast ratio in UI/UX theme. Note: Defect was verified when running background cron job.,"1. Reproduce: Dark mode text contrast ratio fails accessibility UI/UX guidelines
2. Observe result when running background cron job",Maintain WCAG AAA contrast ratio 4.5:1 for UI/UX,Text illegible in dark UI/UX theme,Development,UI/UX,Medium,P3,UI/UX
User avatar image renders broken placeholder icon on CDN UI/UX 404 (observed in staging deployment),Broken image icon rendered when user profile picture URL fails in UI/UX. Note: Defect was verified observed in staging deployment.,"1. Reproduce: User avatar image renders broken placeholder icon on CDN UI/UX 404
2. Observe result observed in staging deployment",Render fallback initial avatar icon in UI/UX,Broken image placeholder shown in UI/UX layout,Staging,UI/UX,Low,P4,UI/UX
Bulk delete functional action removes wrong record IDs (during load test run),Select all functional checkbox maps array index instead of database record ID. Note: Defect was verified during load test run.,"1. Reproduce: Bulk delete functional action removes wrong record IDs
2. Observe result during load test run",Execute functional deletion on selected database IDs only,Deletes wrong database records in functional execution,Development,General,Critical,P1,Functional
Incorrect functional pagination item count displayed on table footer (when running background cron job),Footer displays total count from unfiltered dataset after applying functional search. Note: Defect was verified when running background cron job.,"1. Reproduce: Incorrect functional pagination item count displayed on table footer
2. Observe result when running background cron job",Update functional item count to match active search filter,Displays stale total count in table functional footer,Production,General,High,P2,Functional
Export CSV functional feature truncates descriptions with commas (on Kubernetes cluster node 3),CSV functional generator fails to wrap string values in double quotes. Note: Defect was verified on Kubernetes cluster node 3.,"1. Reproduce: Export CSV functional feature truncates descriptions with commas
2. Observe result on Kubernetes cluster node 3",Escape commas in CSV functional export,Splits text across columns in functional export,Development,General,Medium,P3,Functional
Date picker functional filter applies timezone offset incorrectly (when running background cron job),Selecting start date converts time to UTC shifting selected functional day. Note: Defect was verified when running background cron job.,"1. Reproduce: Date picker functional filter applies timezone offset incorrectly
2. Observe result when running background cron job",Preserve selected date string in functional filter,Shifts selected date by -1 day in functional query,Development,General,Low,P4,Functional
Zapier webhook integration pipeline drops sync events (when running background cron job),Data integration sync pipeline fails to retry dropped HTTP events under failure. Note: Defect was verified when running background cron job.,"1. Reproduce: Zapier webhook integration pipeline drops sync events
2. Observe result when running background cron job",Guaranteed event delivery across integration pipeline,Integration sync events silently lost,Development,Integration,Critical,P1,Integration
Third-party REST integration API rate limit returns 429 error (under high concurrent traffic),Exceeding vendor API quota throws uncaught integration exception in worker queue. Note: Defect was verified under high concurrent traffic.,"1. Reproduce: Third-party REST integration API rate limit returns 429 error
2. Observe result under high concurrent traffic",Implement exponential backoff retry in integration client,Integration worker process crashes,Production,Integration,High,P2,Integration
Jira issue integration sync fails on custom field schema mismatch (under high concurrent traffic),Custom field value formatting causes Jira integration REST API validation error. Note: Defect was verified under high concurrent traffic.,"1. Reproduce: Jira issue integration sync fails on custom field schema mismatch
2. Observe result under high concurrent traffic",Format payload according to Jira integration spec,Jira integration sync fails,Development,Integration,Medium,P3,Integration
Slack webhook integration notification fails when title contains quotes (under high concurrent traffic),Unescaped double quotes in bug title break Slack integration JSON payload. Note: Defect was verified under high concurrent traffic.,"1. Reproduce: Slack webhook integration notification fails when title contains quotes
2. Observe result under high concurrent traffic",Sanitize JSON payload strings for integration webhook,Slack integration notification fails,Staging,Integration,Low,P4,Integration
Cron job scheduler thread deadlocks halting automated tasks (on mobile Safari browser),Shared lock between scheduled tasks causes task runner service to stall. Note: Defect was verified on mobile Safari browser.,"1. Reproduce: Cron job scheduler thread deadlocks halting automated tasks
2. Observe result on mobile Safari browser",Isolated task execution threads for background jobs,Cron scheduler completely stops execution,Development,General,Critical,P1,Other
Email notification sender address rejected by SPF DMARC policy (on mobile Safari browser),Outbound transaction email missing valid DKIM signature in mail header. Note: Defect was verified on mobile Safari browser.,"1. Reproduce: Email notification sender address rejected by SPF DMARC policy
2. Observe result on mobile Safari browser",Send authenticated email headers with DKIM signature,Notification emails marked as spam,Development,General,High,P2,Other
Help center documentation search returns 500 on special characters (observed in staging deployment),Searching documentation with quotes throws unhandled server exception. Note: Defect was verified observed in staging deployment.,"1. Reproduce: Help center documentation search returns 500 on special characters
2. Observe result observed in staging deployment",Sanitize search input terms in documentation portal,500 Internal Server Error,Production,General,Medium,P3,Other
Typo in assignment notification email subject header text (under high concurrent traffic),Notification email subject contains spelling error: 'Bug Assignned'. Note: Defect was verified under high concurrent traffic.,"1. Reproduce: Typo in assignment notification email subject header text
2. Observe result under high concurrent traffic",Correct spelling: 'Bug Assigned',Displays 'Assignned' with double n,Development,General,Low,P4,Other
SQL Injection security vulnerability in login authentication field (on mobile Safari browser),Unsanitized user input in security field allows unauthenticated SQL injection exploit against user database. Note: Defect was verified on mobile Safari browser.,"1. Reproduce: SQL Injection security vulnerability in login authentication field
2. Observe result on mobile Safari browser",Security input sanitization and SQL parameterization should block injection payload,Security authentication check bypassed allowing unauthorized access,Production,Security,Critical,P1,Security
Cross-Site Scripting XSS security vulnerability in comment box (on Kubernetes cluster node 3),Stored XSS security vulnerability executes arbitrary JavaScript in victim browser session. Note: Defect was verified on Kubernetes cluster node 3.,"1. Reproduce: Cross-Site Scripting XSS security vulnerability in comment box
2. Observe result on Kubernetes cluster node 3",Security HTML tag escaping should sanitize XSS payload,Malicious XSS script tag executes on profile page,Staging,Security,High,P2,Security
Missing security HTTP Content-Security-Policy headers (in microservice container),Application security response headers lack CSP protection against frame injection. Note: Defect was verified in microservice container.,"1. Reproduce: Missing security HTTP Content-Security-Policy headers
2. Observe result in microservice container",Include security response headers CSP and X-Frame-Options,Security response headers missing CSP directives,Production,Security,Medium,P3,Security
Verbose server header leaks proxy security version info (observed in staging deployment),HTTP Server security response header reveals backend proxy version string. Note: Defect was verified observed in staging deployment.,"1. Reproduce: Verbose server header leaks proxy security version info
2. Observe result observed in staging deployment",Mask security server version strings in production,Header leaks Server version information,Production,Security,Low,P4,Security
Payment gateway deadlock causing duplicate debit charge (on Kubernetes cluster node 3),Concurrent payment checkout requests cause deadlock resulting in double credit card debit. Note: Defect was verified on Kubernetes cluster node 3.,"1. Reproduce: Payment gateway deadlock causing duplicate debit charge
2. Observe result on Kubernetes cluster node 3",Atomic payment transaction lock prevents duplicate charges,Payment fails with 500 error and debits customer twice,Production,Payment,Critical,P1,Payment
Stripe payment API webhook notification signature failure (under high concurrent traffic),Asynchronous payment gateway notification webhook drops checkout completion events. Note: Defect was verified under high concurrent traffic.,"1. Reproduce: Stripe payment API webhook notification signature failure
2. Observe result under high concurrent traffic",Validate Stripe payment webhook signature correctly,Payment status remains pending after credit card charge,Staging,Payment,High,P2,Payment
Currency symbol display mismatch in checkout payment summary (on Kubernetes cluster node 3),Payment conversion calculates correctly but displays wrong currency symbol prefix. Note: Defect was verified on Kubernetes cluster node 3.,"1. Reproduce: Currency symbol display mismatch in checkout payment summary
2. Observe result on Kubernetes cluster node 3",Display correct currency symbol on payment screen,Displays $ instead of EUR symbol for payment total,Development,Payment,Medium,P3,Payment
Saved payment card mask displays 14 visible digits (during load test run),Credit card payment mask displays 14 visible digits on account billing page. Note: Defect was verified during load test run.,"1. Reproduce: Saved payment card mask displays 14 visible digits
2. Observe result during load test run",Mask all but last 4 payment card numbers,Payment card digits exposed on screen,Production,Payment,Low,P4,Payment
Database connection pool leak exhausts active DB connections (intermittently after session timeout),Unclosed database ORM sessions leak database connection pool capacity causing API crash. Note: Defect was verified intermittently after session timeout.,"1. Reproduce: Database connection pool leak exhausts active DB connections
2. Observe result intermittently after session timeout",Recycle idle database connection pool threads automatically,Database connection pool timeout error,Development,Database,Critical,P1,Database
Missing composite database index causes full table scan (after v1.4 patch release),Database query plan performs full table scan on 10 million database rows. Note: Defect was verified after v1.4 patch release.,"1. Reproduce: Missing composite database index causes full table scan
2. Observe result after v1.4 patch release",Execute database query using composite index under 50ms,Database query latency spikes to 9 seconds,Staging,Database,High,P2,Database
Read replica database synchronization delay lag (during load test run),Replication lag on secondary database instance returns stale database records. Note: Defect was verified during load test run.,"1. Reproduce: Read replica database synchronization delay lag
2. Observe result during load test run",Database replication sync delay under 200ms,Stale database records returned to read query,Production,Database,Medium,P3,Database
Database migration script outputs deprecated syntax warning (on Kubernetes cluster node 3),Database schema migration succeeds but logs SQL index syntax warning. Note: Defect was verified on Kubernetes cluster node 3.,"1. Reproduce: Database migration script outputs deprecated syntax warning
2. Observe result on Kubernetes cluster node 3",Clean database migration execution logs,Deprecated database index syntax warning logged,Development,Database,Low,P4,Database
Memory leak during PDF export triggers OOM performance crash (during load test run),Exporting PDF documents consumes 4GB heap RAM memory causing OOM performance killer crash. Note: Defect was verified during load test run.,"1. Reproduce: Memory leak during PDF export triggers OOM performance crash
2. Observe result during load test run",Optimize PDF stream memory allocation under 250MB,Performance crash with OutOfMemory error,Staging,Performance,Critical,P1,Performance
High CPU utilization spike during concurrent CSV file parsing (after v1.4 patch release),Parsing 500MB CSV file locks CPU performance threads causing API response lag. Note: Defect was verified after v1.4 patch release.,"1. Reproduce: High CPU utilization spike during concurrent CSV file parsing
2. Observe result after v1.4 patch release",Process CSV parsing in async background queue to maintain performance,Server CPU spikes to 100% performance degradation,Staging,Performance,High,P2,Performance
N+1 SQL query loop in list view degrades page load performance (after v1.4 patch release),Looping over table records triggers 150 individual SQL queries degrading performance. Note: Defect was verified after v1.4 patch release.,"1. Reproduce: N+1 SQL query loop in list view degrades page load performance
2. Observe result after v1.4 patch release",Use eager loading SQL joins for page performance,150 separate queries degrade load performance,Development,Performance,Medium,P3,Performance
Unused JavaScript bundle assets increase page load time (intermittently after session timeout),Legacy library dependencies included in main production bundle slowing performance. Note: Defect was verified intermittently after session timeout.,"1. Reproduce: Unused JavaScript bundle assets increase page load time
2. Observe result intermittently after session timeout",Tree-shake unused script files for optimal frontend performance,Bundle size 50KB larger than optimal performance benchmark,Staging,Performance,Low,P4,Performance
Multi-Factor Authentication MFA bypass via direct login route (intermittently after session timeout),Navigating directly to protected URL skips mandatory MFA passcode prompt during authentication. Note: Defect was verified intermittently after session timeout.,"1. Reproduce: Multi-Factor Authentication MFA bypass via direct login route
2. Observe result intermittently after session timeout",Enforce MFA authentication before issuing access token,Bypasses authentication MFA verification check,Development,Authentication,Critical,P1,Authentication
OAuth2 SSO authentication callback loop state mismatch (in microservice container),Single Sign-On SSO authentication redirect fails for Azure AD login users. Note: Defect was verified in microservice container.,"1. Reproduce: OAuth2 SSO authentication callback loop state mismatch
2. Observe result in microservice container",Validate SSO authentication state token cleanly,Authentication redirect loop with 403 error,Staging,Authentication,High,P2,Authentication
Password reset token does not expire after single redemption (observed in staging deployment),Password reset link remains active for authentication multiple times. Note: Defect was verified observed in staging deployment.,"1. Reproduce: Password reset token does not expire after single redemption
2. Observe result observed in staging deployment",Invalidate password reset token after single authentication use,Reset token re-usable for 24 hours,Development,Authentication,Medium,P3,Authentication
Login form password input field missing autocomplete attribute (intermittently after session timeout),Password manager browser extension fails to auto-fill authentication password field. Note: Defect was verified intermittently after session timeout.,"1. Reproduce: Login form password input field missing autocomplete attribute
2. Observe result intermittently after session timeout",Set autocomplete='current-password' for authentication UX,Password manager fails to detect field,Production,Authentication,Low,P4,Authentication
HTTP 504 Gateway Timeout on microservice network proxy (on Kubernetes cluster node 3),Network API gateway proxy drops inbound requests taking longer than 30 seconds. Note: Defect was verified on Kubernetes cluster node 3.,"1. Reproduce: HTTP 504 Gateway Timeout on microservice network proxy
2. Observe result on Kubernetes cluster node 3",Maintain network proxy connection for long requests,Network proxy returns 504 Gateway Timeout,Staging,Network,Critical,P1,Network
WebSocket live stream network connection drops every 60 seconds (after v1.4 patch release),Missing network ping heartbeat ping causes reverse proxy to terminate socket connection. Note: Defect was verified after v1.4 patch release.,"1. Reproduce: WebSocket live stream network connection drops every 60 seconds
2. Observe result after v1.4 patch release",Send periodic WebSocket network keep-alive ping,Network socket connection closes with code 1006,Staging,Network,High,P2,Network
CORS preflight network request fails on custom HTTP headers (after v1.4 patch release),OPTIONS network request returns 403 Forbidden due to missing Access-Control header. Note: Defect was verified after v1.4 patch release.,"1. Reproduce: CORS preflight network request fails on custom HTTP headers
2. Observe result after v1.4 patch release",Allow custom headers in CORS network handler,Browser blocks cross-origin network API request,Development,Network,Medium,P3,Network
DNS lookup retry delay adds 150ms latency to network calls (observed in staging deployment),Secondary DNS network resolver lookup retries before resolving hostname. Note: Defect was verified observed in staging deployment.,"1. Reproduce: DNS lookup retry delay adds 150ms latency to network calls
2. Observe result observed in staging deployment",Fast primary DNS network resolution under 10ms,Intermittent 150ms network delay,Development,Network,Low,P4,Network
Modal dialog close button unclickable on mobile viewport UI/UX (in microservice container),Modal close button positioned outside viewport UI/UX touch boundary. Note: Defect was verified in microservice container.,"1. Reproduce: Modal dialog close button unclickable on mobile viewport UI/UX
2. Observe result in microservice container",Responsive UI/UX modal bounds with accessible tap target,User stuck on modal UI/UX screen,Staging,UI/UX,Critical,P1,UI/UX
Filter dropdown selected values fail to clear on reset UI/UX click (when running background cron job),Clicking Clear Filters resets text but leaves dropdown selection active in UI/UX state. Note: Defect was verified when running background cron job.,"1. Reproduce: Filter dropdown selected values fail to clear on reset UI/UX click
2. Observe result when running background cron job",Reset all UI/UX filter components to default state,Dropdown selection remains active in UI/UX state,Staging,UI/UX,High,P2,UI/UX
Dark mode text contrast ratio fails accessibility UI/UX guidelines (during load test run),Muted gray text on dark background has insufficient contrast ratio in UI/UX theme. Note: Defect was verified during load test run.,"1. Reproduce: Dark mode text contrast ratio fails accessibility UI/UX guidelines
2. Observe result during load test run",Maintain WCAG AAA contrast ratio 4.5:1 for UI/UX,Text illegible in dark UI/UX theme,Production,UI/UX,Medium,P3,UI/UX
User avatar image renders broken placeholder icon on CDN UI/UX 404 (when running background cron job),Broken image icon rendered when user profile picture URL fails in UI/UX. Note: Defect was verified when running background cron job.,"1. Reproduce: User avatar image renders broken placeholder icon on CDN UI/UX 404
2. Observe result when running background cron job",Render fallback initial avatar icon in UI/UX,Broken image placeholder shown in UI/UX layout,Development,UI/UX,Low,P4,UI/UX
Bulk delete functional action removes wrong record IDs (during load test run),Select all functional checkbox maps array index instead of database record ID. Note: Defect was verified during load test run.,"1. Reproduce: Bulk delete functional action removes wrong record IDs
2. Observe result during load test run",Execute functional deletion on selected database IDs only,Deletes wrong database records in functional execution,Development,General,Critical,P1,Functional
Incorrect functional pagination item count displayed on table footer (on mobile Safari browser),Footer displays total count from unfiltered dataset after applying functional search. Note: Defect was verified on mobile Safari browser.,"1. Reproduce: Incorrect functional pagination item count displayed on table footer
2. Observe result on mobile Safari browser",Update functional item count to match active search filter,Displays stale total count in table functional footer,Production,General,High,P2,Functional
Export CSV functional feature truncates descriptions with commas (when running background cron job),CSV functional generator fails to wrap string values in double quotes. Note: Defect was verified when running background cron job.,"1. Reproduce: Export CSV functional feature truncates descriptions with commas
2. Observe result when running background cron job",Escape commas in CSV functional export,Splits text across columns in functional export,Staging,General,Medium,P3,Functional
Date picker functional filter applies timezone offset incorrectly (when running background cron job),Selecting start date converts time to UTC shifting selected functional day. Note: Defect was verified when running background cron job.,"1. Reproduce: Date picker functional filter applies timezone offset incorrectly
2. Observe result when running background cron job",Preserve selected date string in functional filter,Shifts selected date by -1 day in functional query,Production,General,Low,P4,Functional
Zapier webhook integration pipeline drops sync events (observed in staging deployment),Data integration sync pipeline fails to retry dropped HTTP events under failure. Note: Defect was verified observed in staging deployment.,"1. Reproduce: Zapier webhook integration pipeline drops sync events
2. Observe result observed in staging deployment",Guaranteed event delivery across integration pipeline,Integration sync events silently lost,Staging,Integration,Critical,P1,Integration
Third-party REST integration API rate limit returns 429 error (when running background cron job),Exceeding vendor API quota throws uncaught integration exception in worker queue. Note: Defect was verified when running background cron job.,"1. Reproduce: Third-party REST integration API rate limit returns 429 error
2. Observe result when running background cron job",Implement exponential backoff retry in integration client,Integration worker process crashes,Development,Integration,High,P2,Integration
Jira issue integration sync fails on custom field schema mismatch (when running background cron job),Custom field value formatting causes Jira integration REST API validation error. Note: Defect was verified when running background cron job.,"1. Reproduce: Jira issue integration sync fails on custom field schema mismatch
2. Observe result when running background cron job",Format payload according to Jira integration spec,Jira integration sync fails,Staging,Integration,Medium,P3,Integration
Slack webhook integration notification fails when title contains quotes (when running background cron job),Unescaped double quotes in bug title break Slack integration JSON payload. Note: Defect was verified when running background cron job.,"1. Reproduce: Slack webhook integration notification fails when title contains quotes
2. Observe result when running background cron job",Sanitize JSON payload strings for integration webhook,Slack integration notification fails,Staging,Integration,Low,P4,Integration
Cron job scheduler thread deadlocks halting automated tasks (in microservice container),Shared lock between scheduled tasks causes task runner service to stall. Note: Defect was verified in microservice container.,"1. Reproduce: Cron job scheduler thread deadlocks halting automated tasks
2. Observe result in microservice container",Isolated task execution threads for background jobs,Cron scheduler completely stops execution,Production,General,Critical,P1,Other
Email notification sender address rejected by SPF DMARC policy (in microservice container),Outbound transaction email missing valid DKIM signature in mail header. Note: Defect was verified in microservice container.,"1. Reproduce: Email notification sender address rejected by SPF DMARC policy
2. Observe result in microservice container",Send authenticated email headers with DKIM signature,Notification emails marked as spam,Production,General,High,P2,Other
Help center documentation search returns 500 on special characters (on Kubernetes cluster node 3),Searching documentation with quotes throws unhandled server exception. Note: Defect was verified on Kubernetes cluster node 3.,"1. Reproduce: Help center documentation search returns 500 on special characters
2. Observe result on Kubernetes cluster node 3",Sanitize search input terms in documentation portal,500 Internal Server Error,Production,General,Medium,P3,Other
Typo in assignment notification email subject header text (on Kubernetes cluster node 3),Notification email subject contains spelling error: 'Bug Assignned'. Note: Defect was verified on Kubernetes cluster node 3.,"1. Reproduce: Typo in assignment notification email subject header text
2. Observe result on Kubernetes cluster node 3",Correct spelling: 'Bug Assigned',Displays 'Assignned' with double n,Staging,General,Low,P4,Other
SQL Injection security vulnerability in login authentication field (on Kubernetes cluster node 3),Unsanitized user input in security field allows unauthenticated SQL injection exploit against user database. Note: Defect was verified on Kubernetes cluster node 3.,"1. Reproduce: SQL Injection security vulnerability in login authentication field
2. Observe result on Kubernetes cluster node 3",Security input sanitization and SQL parameterization should block injection payload,Security authentication check bypassed allowing unauthorized access,Staging,Security,Critical,P1,Security
Cross-Site Scripting XSS security vulnerability in comment box (intermittently after session timeout),Stored XSS security vulnerability executes arbitrary JavaScript in victim browser session. Note: Defect was verified intermittently after session timeout.,"1. Reproduce: Cross-Site Scripting XSS security vulnerability in comment box
2. Observe result intermittently after session timeout",Security HTML tag escaping should sanitize XSS payload,Malicious XSS script tag executes on profile page,Development,Security,High,P2,Security
Missing security HTTP Content-Security-Policy headers (after v1.4 patch release),Application security response headers lack CSP protection against frame injection. Note: Defect was verified after v1.4 patch release.,"1. Reproduce: Missing security HTTP Content-Security-Policy headers
2. Observe result after v1.4 patch release",Include security response headers CSP and X-Frame-Options,Security response headers missing CSP directives,Development,Security,Medium,P3,Security
Verbose server header leaks proxy security version info (observed in staging deployment),HTTP Server security response header reveals backend proxy version string. Note: Defect was verified observed in staging deployment.,"1. Reproduce: Verbose server header leaks proxy security version info
2. Observe result observed in staging deployment",Mask security server version strings in production,Header leaks Server version information,Production,Security,Low,P4,Security
Payment gateway deadlock causing duplicate debit charge (on mobile Safari browser),Concurrent payment checkout requests cause deadlock resulting in double credit card debit. Note: Defect was verified on mobile Safari browser.,"1. Reproduce: Payment gateway deadlock causing duplicate debit charge
2. Observe result on mobile Safari browser",Atomic payment transaction lock prevents duplicate charges,Payment fails with 500 error and debits customer twice,Staging,Payment,Critical,P1,Payment
Stripe payment API webhook notification signature failure (under high concurrent traffic),Asynchronous payment gateway notification webhook drops checkout completion events. Note: Defect was verified under high concurrent traffic.,"1. Reproduce: Stripe payment API webhook notification signature failure
2. Observe result under high concurrent traffic",Validate Stripe payment webhook signature correctly,Payment status remains pending after credit card charge,Production,Payment,High,P2,Payment
Currency symbol display mismatch in checkout payment summary (observed in staging deployment),Payment conversion calculates correctly but displays wrong currency symbol prefix. Note: Defect was verified observed in staging deployment.,"1. Reproduce: Currency symbol display mismatch in checkout payment summary
2. Observe result observed in staging deployment",Display correct currency symbol on payment screen,Displays $ instead of EUR symbol for payment total,Development,Payment,Medium,P3,Payment
Saved payment card mask displays 14 visible digits (after v1.4 patch release),Credit card payment mask displays 14 visible digits on account billing page. Note: Defect was verified after v1.4 patch release.,"1. Reproduce: Saved payment card mask displays 14 visible digits
2. Observe result after v1.4 patch release",Mask all but last 4 payment card numbers,Payment card digits exposed on screen,Staging,Payment,Low,P4,Payment
Database connection pool leak exhausts active DB connections (under high concurrent traffic),Unclosed database ORM sessions leak database connection pool capacity causing API crash. Note: Defect was verified under high concurrent traffic.,"1. Reproduce: Database connection pool leak exhausts active DB connections
2. Observe result under high concurrent traffic",Recycle idle database connection pool threads automatically,Database connection pool timeout error,Staging,Database,Critical,P1,Database
Missing composite database index causes full table scan (during load test run),Database query plan performs full table scan on 10 million database rows. Note: Defect was verified during load test run.,"1. Reproduce: Missing composite database index causes full table scan
2. Observe result during load test run",Execute database query using composite index under 50ms,Database query latency spikes to 9 seconds,Production,Database,High,P2,Database
Read replica database synchronization delay lag (observed in staging deployment),Replication lag on secondary database instance returns stale database records. Note: Defect was verified observed in staging deployment.,"1. Reproduce: Read replica database synchronization delay lag
2. Observe result observed in staging deployment",Database replication sync delay under 200ms,Stale database records returned to read query,Production,Database,Medium,P3,Database
Database migration script outputs deprecated syntax warning (on mobile Safari browser),Database schema migration succeeds but logs SQL index syntax warning. Note: Defect was verified on mobile Safari browser.,"1. Reproduce: Database migration script outputs deprecated syntax warning
2. Observe result on mobile Safari browser",Clean database migration execution logs,Deprecated database index syntax warning logged,Staging,Database,Low,P4,Database
Memory leak during PDF export triggers OOM performance crash (on Kubernetes cluster node 3),Exporting PDF documents consumes 4GB heap RAM memory causing OOM performance killer crash. Note: Defect was verified on Kubernetes cluster node 3.,"1. Reproduce: Memory leak during PDF export triggers OOM performance crash
2. Observe result on Kubernetes cluster node 3",Optimize PDF stream memory allocation under 250MB,Performance crash with OutOfMemory error,Development,Performance,Critical,P1,Performance
High CPU utilization spike during concurrent CSV file parsing (when running background cron job),Parsing 500MB CSV file locks CPU performance threads causing API response lag. Note: Defect was verified when running background cron job.,"1. Reproduce: High CPU utilization spike during concurrent CSV file parsing
2. Observe result when running background cron job",Process CSV parsing in async background queue to maintain performance,Server CPU spikes to 100% performance degradation,Development,Performance,High,P2,Performance
N+1 SQL query loop in list view degrades page load performance (after v1.4 patch release),Looping over table records triggers 150 individual SQL queries degrading performance. Note: Defect was verified after v1.4 patch release.,"1. Reproduce: N+1 SQL query loop in list view degrades page load performance
2. Observe result after v1.4 patch release",Use eager loading SQL joins for page performance,150 separate queries degrade load performance,Staging,Performance,Medium,P3,Performance
Unused JavaScript bundle assets increase page load time (under high concurrent traffic),Legacy library dependencies included in main production bundle slowing performance. Note: Defect was verified under high concurrent traffic.,"1. Reproduce: Unused JavaScript bundle assets increase page load time
2. Observe result under high concurrent traffic",Tree-shake unused script files for optimal frontend performance,Bundle size 50KB larger than optimal performance benchmark,Development,Performance,Low,P4,Performance
Multi-Factor Authentication MFA bypass via direct login route (when running background cron job),Navigating directly to protected URL skips mandatory MFA passcode prompt during authentication. Note: Defect was verified when running background cron job.,"1. Reproduce: Multi-Factor Authentication MFA bypass via direct login route
2. Observe result when running background cron job",Enforce MFA authentication before issuing access token,Bypasses authentication MFA verification check,Development,Authentication,Critical,P1,Authentication
OAuth2 SSO authentication callback loop state mismatch (observed in staging deployment),Single Sign-On SSO authentication redirect fails for Azure AD login users. Note: Defect was verified observed in staging deployment.,"1. Reproduce: OAuth2 SSO authentication callback loop state mismatch
2. Observe result observed in staging deployment",Validate SSO authentication state token cleanly,Authentication redirect loop with 403 error,Staging,Authentication,High,P2,Authentication
Password reset token does not expire after single redemption (intermittently after session timeout),Password reset link remains active for authentication multiple times. Note: Defect was verified intermittently after session timeout.,"1. Reproduce: Password reset token does not expire after single redemption
2. Observe result intermittently after session timeout",Invalidate password reset token after single authentication use,Reset token re-usable for 24 hours,Development,Authentication,Medium,P3,Authentication
Login form password input field missing autocomplete attribute (on mobile Safari browser),Password manager browser extension fails to auto-fill authentication password field. Note: Defect was verified on mobile Safari browser.,"1. Reproduce: Login form password input field missing autocomplete attribute
2. Observe result on mobile Safari browser",Set autocomplete='current-password' for authentication UX,Password manager fails to detect field,Staging,Authentication,Low,P4,Authentication
HTTP 504 Gateway Timeout on microservice network proxy (after v1.4 patch release),Network API gateway proxy drops inbound requests taking longer than 30 seconds. Note: Defect was verified after v1.4 patch release.,"1. Reproduce: HTTP 504 Gateway Timeout on microservice network proxy
2. Observe result after v1.4 patch release",Maintain network proxy connection for long requests,Network proxy returns 504 Gateway Timeout,Development,Network,Critical,P1,Network
WebSocket live stream network connection drops every 60 seconds (after v1.4 patch release),Missing network ping heartbeat ping causes reverse proxy to terminate socket connection. Note: Defect was verified after v1.4 patch release.,"1. Reproduce: WebSocket live stream network connection drops every 60 seconds
2. Observe result after v1.4 patch release",Send periodic WebSocket network keep-alive ping,Network socket connection closes with code 1006,Production,Network,High,P2,Network
CORS preflight network request fails on custom HTTP headers (after v1.4 patch release),OPTIONS network request returns 403 Forbidden due to missing Access-Control header. Note: Defect was verified after v1.4 patch release.,"1. Reproduce: CORS preflight network request fails on custom HTTP headers
2. Observe result after v1.4 patch release",Allow custom headers in CORS network handler,Browser blocks cross-origin network API request,Staging,Network,Medium,P3,Network
DNS lookup retry delay adds 150ms latency to network calls (on Kubernetes cluster node 3),Secondary DNS network resolver lookup retries before resolving hostname. Note: Defect was verified on Kubernetes cluster node 3.,"1. Reproduce: DNS lookup retry delay adds 150ms latency to network calls
2. Observe result on Kubernetes cluster node 3",Fast primary DNS network resolution under 10ms,Intermittent 150ms network delay,Development,Network,Low,P4,Network
Modal dialog close button unclickable on mobile viewport UI/UX (on mobile Safari browser),Modal close button positioned outside viewport UI/UX touch boundary. Note: Defect was verified on mobile Safari browser.,"1. Reproduce: Modal dialog close button unclickable on mobile viewport UI/UX
2. Observe result on mobile Safari browser",Responsive UI/UX modal bounds with accessible tap target,User stuck on modal UI/UX screen,Staging,UI/UX,Critical,P1,UI/UX
Filter dropdown selected values fail to clear on reset UI/UX click (on mobile Safari browser),Clicking Clear Filters resets text but leaves dropdown selection active in UI/UX state. Note: Defect was verified on mobile Safari browser.,"1. Reproduce: Filter dropdown selected values fail to clear on reset UI/UX click
2. Observe result on mobile Safari browser",Reset all UI/UX filter components to default state,Dropdown selection remains active in UI/UX state,Staging,UI/UX,High,P2,UI/UX
Dark mode text contrast ratio fails accessibility UI/UX guidelines (during load test run),Muted gray text on dark background has insufficient contrast ratio in UI/UX theme. Note: Defect was verified during load test run.,"1. Reproduce: Dark mode text contrast ratio fails accessibility UI/UX guidelines
2. Observe result during load test run",Maintain WCAG AAA contrast ratio 4.5:1 for UI/UX,Text illegible in dark UI/UX theme,Development,UI/UX,Medium,P3,UI/UX
User avatar image renders broken placeholder icon on CDN UI/UX 404 (on Kubernetes cluster node 3),Broken image icon rendered when user profile picture URL fails in UI/UX. Note: Defect was verified on Kubernetes cluster node 3.,"1. Reproduce: User avatar image renders broken placeholder icon on CDN UI/UX 404
2. Observe result on Kubernetes cluster node 3",Render fallback initial avatar icon in UI/UX,Broken image placeholder shown in UI/UX layout,Production,UI/UX,Low,P4,UI/UX
Bulk delete functional action removes wrong record IDs (under high concurrent traffic),Select all functional checkbox maps array index instead of database record ID. Note: Defect was verified under high concurrent traffic.,"1. Reproduce: Bulk delete functional action removes wrong record IDs
2. Observe result under high concurrent traffic",Execute functional deletion on selected database IDs only,Deletes wrong database records in functional execution,Production,General,Critical,P1,Functional
Incorrect functional pagination item count displayed on table footer (on Kubernetes cluster node 3),Footer displays total count from unfiltered dataset after applying functional search. Note: Defect was verified on Kubernetes cluster node 3.,"1. Reproduce: Incorrect functional pagination item count displayed on table footer
2. Observe result on Kubernetes cluster node 3",Update functional item count to match active search filter,Displays stale total count in table functional footer,Development,General,High,P2,Functional
Export CSV functional feature truncates descriptions with commas (on mobile Safari browser),CSV functional generator fails to wrap string values in double quotes. Note: Defect was verified on mobile Safari browser.,"1. Reproduce: Export CSV functional feature truncates descriptions with commas
2. Observe result on mobile Safari browser",Escape commas in CSV functional export,Splits text across columns in functional export,Development,General,Medium,P3,Functional
Date picker functional filter applies timezone offset incorrectly (on mobile Safari browser),Selecting start date converts time to UTC shifting selected functional day. Note: Defect was verified on mobile Safari browser.,"1. Reproduce: Date picker functional filter applies timezone offset incorrectly
2. Observe result on mobile Safari browser",Preserve selected date string in functional filter,Shifts selected date by -1 day in functional query,Development,General,Low,P4,Functional
Zapier webhook integration pipeline drops sync events (under high concurrent traffic),Data integration sync pipeline fails to retry dropped HTTP events under failure. Note: Defect was verified under high concurrent traffic.,"1. Reproduce: Zapier webhook integration pipeline drops sync events
2. Observe result under high concurrent traffic",Guaranteed event delivery across integration pipeline,Integration sync events silently lost,Staging,Integration,Critical,P1,Integration
Third-party REST integration API rate limit returns 429 error (on Kubernetes cluster node 3),Exceeding vendor API quota throws uncaught integration exception in worker queue. Note: Defect was verified on Kubernetes cluster node 3.,"1. Reproduce: Third-party REST integration API rate limit returns 429 error
2. Observe result on Kubernetes cluster node 3",Implement exponential backoff retry in integration client,Integration worker process crashes,Staging,Integration,High,P2,Integration
Jira issue integration sync fails on custom field schema mismatch (observed in staging deployment),Custom field value formatting causes Jira integration REST API validation error. Note: Defect was verified observed in staging deployment.,"1. Reproduce: Jira issue integration sync fails on custom field schema mismatch
2. Observe result observed in staging deployment",Format payload according to Jira integration spec,Jira integration sync fails,Production,Integration,Medium,P3,Integration
Slack webhook integration notification fails when title contains quotes (in microservice container),Unescaped double quotes in bug title break Slack integration JSON payload. Note: Defect was verified in microservice container.,"1. Reproduce: Slack webhook integration notification fails when title contains quotes
2. Observe result in microservice container",Sanitize JSON payload strings for integration webhook,Slack integration notification fails,Production,Integration,Low,P4,Integration
Cron job scheduler thread deadlocks halting automated tasks (on mobile Safari browser),Shared lock between scheduled tasks causes task runner service to stall. Note: Defect was verified on mobile Safari browser.,"1. Reproduce: Cron job scheduler thread deadlocks halting automated tasks
2. Observe result on mobile Safari browser",Isolated task execution threads for background jobs,Cron scheduler completely stops execution,Staging,General,Critical,P1,Other
Email notification sender address rejected by SPF DMARC policy (in microservice container),Outbound transaction email missing valid DKIM signature in mail header. Note: Defect was verified in microservice container.,"1. Reproduce: Email notification sender address rejected by SPF DMARC policy
2. Observe result in microservice container",Send authenticated email headers with DKIM signature,Notification emails marked as spam,Development,General,High,P2,Other
Help center documentation search returns 500 on special characters (after v1.4 patch release),Searching documentation with quotes throws unhandled server exception. Note: Defect was verified after v1.4 patch release.,"1. Reproduce: Help center documentation search returns 500 on special characters
2. Observe result after v1.4 patch release",Sanitize search input terms in documentation portal,500 Internal Server Error,Production,General,Medium,P3,Other
Typo in assignment notification email subject header text (under high concurrent traffic),Notification email subject contains spelling error: 'Bug Assignned'. Note: Defect was verified under high concurrent traffic.,"1. Reproduce: Typo in assignment notification email subject header text
2. Observe result under high concurrent traffic",Correct spelling: 'Bug Assigned',Displays 'Assignned' with double n,Staging,General,Low,P4,Other
SQL Injection security vulnerability in login authentication field (after v1.4 patch release),Unsanitized user input in security field allows unauthenticated SQL injection exploit against user database. Note: Defect was verified after v1.4 patch release.,"1. Reproduce: SQL Injection security vulnerability in login authentication field
2. Observe result after v1.4 patch release",Security input sanitization and SQL parameterization should block injection payload,Security authentication check bypassed allowing unauthorized access,Development,Security,Critical,P1,Security
Cross-Site Scripting XSS security vulnerability in comment box (on Kubernetes cluster node 3),Stored XSS security vulnerability executes arbitrary JavaScript in victim browser session. Note: Defect was verified on Kubernetes cluster node 3.,"1. Reproduce: Cross-Site Scripting XSS security vulnerability in comment box
2. Observe result on Kubernetes cluster node 3",Security HTML tag escaping should sanitize XSS payload,Malicious XSS script tag executes on profile page,Staging,Security,High,P2,Security
Missing security HTTP Content-Security-Policy headers (during load test run),Application security response headers lack CSP protection against frame injection. Note: Defect was verified during load test run.,"1. Reproduce: Missing security HTTP Content-Security-Policy headers
2. Observe result during load test run",Include security response headers CSP and X-Frame-Options,Security response headers missing CSP directives,Staging,Security,Medium,P3,Security
Verbose server header leaks proxy security version info (under high concurrent traffic),HTTP Server security response header reveals backend proxy version string. Note: Defect was verified under high concurrent traffic.,"1. Reproduce: Verbose server header leaks proxy security version info
2. Observe result under high concurrent traffic",Mask security server version strings in production,Header leaks Server version information,Staging,Security,Low,P4,Security
Payment gateway deadlock causing duplicate debit charge (on mobile Safari browser),Concurrent payment checkout requests cause deadlock resulting in double credit card debit. Note: Defect was verified on mobile Safari browser.,"1. Reproduce: Payment gateway deadlock causing duplicate debit charge
2. Observe result on mobile Safari browser",Atomic payment transaction lock prevents duplicate charges,Payment fails with 500 error and debits customer twice,Development,Payment,Critical,P1,Payment
Stripe payment API webhook notification signature failure (in microservice container),Asynchronous payment gateway notification webhook drops checkout completion events. Note: Defect was verified in microservice container.,"1. Reproduce: Stripe payment API webhook notification signature failure
2. Observe result in microservice container",Validate Stripe payment webhook signature correctly,Payment status remains pending after credit card charge,Development,Payment,High,P2,Payment
Currency symbol display mismatch in checkout payment summary (on Kubernetes cluster node 3),Payment conversion calculates correctly but displays wrong currency symbol prefix. Note: Defect was verified on Kubernetes cluster node 3.,"1. Reproduce: Currency symbol display mismatch in checkout payment summary
2. Observe result on Kubernetes cluster node 3",Display correct currency symbol on payment screen,Displays $ instead of EUR symbol for payment total,Development,Payment,Medium,P3,Payment
Saved payment card mask displays 14 visible digits (during load test run),Credit card payment mask displays 14 visible digits on account billing page. Note: Defect was verified during load test run.,"1. Reproduce: Saved payment card mask displays 14 visible digits
2. Observe result during load test run",Mask all but last 4 payment card numbers,Payment card digits exposed on screen,Production,Payment,Low,P4,Payment
Database connection pool leak exhausts active DB connections (when running background cron job),Unclosed database ORM sessions leak database connection pool capacity causing API crash. Note: Defect was verified when running background cron job.,"1. Reproduce: Database connection pool leak exhausts active DB connections
2. Observe result when running background cron job",Recycle idle database connection pool threads automatically,Database connection pool timeout error,Production,Database,Critical,P1,Database
Missing composite database index causes full table scan (observed in staging deployment),Database query plan performs full table scan on 10 million database rows. Note: Defect was verified observed in staging deployment.,"1. Reproduce: Missing composite database index causes full table scan
2. Observe result observed in staging deployment",Execute database query using composite index under 50ms,Database query latency spikes to 9 seconds,Production,Database,High,P2,Database
Read replica database synchronization delay lag (on Kubernetes cluster node 3),Replication lag on secondary database instance returns stale database records. Note: Defect was verified on Kubernetes cluster node 3.,"1. Reproduce: Read replica database synchronization delay lag
2. Observe result on Kubernetes cluster node 3",Database replication sync delay under 200ms,Stale database records returned to read query,Development,Database,Medium,P3,Database
Database migration script outputs deprecated syntax warning (on Kubernetes cluster node 3),Database schema migration succeeds but logs SQL index syntax warning. Note: Defect was verified on Kubernetes cluster node 3.,"1. Reproduce: Database migration script outputs deprecated syntax warning
2. Observe result on Kubernetes cluster node 3",Clean database migration execution logs,Deprecated database index syntax warning logged,Staging,Database,Low,P4,Database
Memory leak during PDF export triggers OOM performance crash (observed in staging deployment),Exporting PDF documents consumes 4GB heap RAM memory causing OOM performance killer crash. Note: Defect was verified observed in staging deployment.,"1. Reproduce: Memory leak during PDF export triggers OOM performance crash
2. Observe result observed in staging deployment",Optimize PDF stream memory allocation under 250MB,Performance crash with OutOfMemory error,Staging,Performance,Critical,P1,Performance
High CPU utilization spike during concurrent CSV file parsing (on Kubernetes cluster node 3),Parsing 500MB CSV file locks CPU performance threads causing API response lag. Note: Defect was verified on Kubernetes cluster node 3.,"1. Reproduce: High CPU utilization spike during concurrent CSV file parsing
2. Observe result on Kubernetes cluster node 3",Process CSV parsing in async background queue to maintain performance,Server CPU spikes to 100% performance degradation,Staging,Performance,High,P2,Performance
N+1 SQL query loop in list view degrades page load performance (in microservice container),Looping over table records triggers 150 individual SQL queries degrading performance. Note: Defect was verified in microservice container.,"1. Reproduce: N+1 SQL query loop in list view degrades page load performance
2. Observe result in microservice container",Use eager loading SQL joins for page performance,150 separate queries degrade load performance,Production,Performance,Medium,P3,Performance
Unused JavaScript bundle assets increase page load time (after v1.4 patch release),Legacy library dependencies included in main production bundle slowing performance. Note: Defect was verified after v1.4 patch release.,"1. Reproduce: Unused JavaScript bundle assets increase page load time
2. Observe result after v1.4 patch release",Tree-shake unused script files for optimal frontend performance,Bundle size 50KB larger than optimal performance benchmark,Production,Performance,Low,P4,Performance
Multi-Factor Authentication MFA bypass via direct login route (intermittently after session timeout),Navigating directly to protected URL skips mandatory MFA passcode prompt during authentication. Note: Defect was verified intermittently after session timeout.,"1. Reproduce: Multi-Factor Authentication MFA bypass via direct login route
2. Observe result intermittently after session timeout",Enforce MFA authentication before issuing access token,Bypasses authentication MFA verification check,Development,Authentication,Critical,P1,Authentication
OAuth2 SSO authentication callback loop state mismatch (during load test run),Single Sign-On SSO authentication redirect fails for Azure AD login users. Note: Defect was verified during load test run.,"1. Reproduce: OAuth2 SSO authentication callback loop state mismatch
2. Observe result during load test run",Validate SSO authentication state token cleanly,Authentication redirect loop with 403 error,Development,Authentication,High,P2,Authentication
Password reset token does not expire after single redemption (on Kubernetes cluster node 3),Password reset link remains active for authentication multiple times. Note: Defect was verified on Kubernetes cluster node 3.,"1. Reproduce: Password reset token does not expire after single redemption
2. Observe result on Kubernetes cluster node 3",Invalidate password reset token after single authentication use,Reset token re-usable for 24 hours,Staging,Authentication,Medium,P3,Authentication
Login form password input field missing autocomplete attribute (under high concurrent traffic),Password manager browser extension fails to auto-fill authentication password field. Note: Defect was verified under high concurrent traffic.,"1. Reproduce: Login form password input field missing autocomplete attribute
2. Observe result under high concurrent traffic",Set autocomplete='current-password' for authentication UX,Password manager fails to detect field,Production,Authentication,Low,P4,Authentication
HTTP 504 Gateway Timeout on microservice network proxy (under high concurrent traffic),Network API gateway proxy drops inbound requests taking longer than 30 seconds. Note: Defect was verified under high concurrent traffic.,"1. Reproduce: HTTP 504 Gateway Timeout on microservice network proxy
2. Observe result under high concurrent traffic",Maintain network proxy connection for long requests,Network proxy returns 504 Gateway Timeout,Production,Network,Critical,P1,Network
WebSocket live stream network connection drops every 60 seconds (during load test run),Missing network ping heartbeat ping causes reverse proxy to terminate socket connection. Note: Defect was verified during load test run.,"1. Reproduce: WebSocket live stream network connection drops every 60 seconds
2. Observe result during load test run",Send periodic WebSocket network keep-alive ping,Network socket connection closes with code 1006,Production,Network,High,P2,Network
CORS preflight network request fails on custom HTTP headers (intermittently after session timeout),OPTIONS network request returns 403 Forbidden due to missing Access-Control header. Note: Defect was verified intermittently after session timeout.,"1. Reproduce: CORS preflight network request fails on custom HTTP headers
2. Observe result intermittently after session timeout",Allow custom headers in CORS network handler,Browser blocks cross-origin network API request,Development,Network,Medium,P3,Network
DNS lookup retry delay adds 150ms latency to network calls (intermittently after session timeout),Secondary DNS network resolver lookup retries before resolving hostname. Note: Defect was verified intermittently after session timeout.,"1. Reproduce: DNS lookup retry delay adds 150ms latency to network calls
2. Observe result intermittently after session timeout",Fast primary DNS network resolution under 10ms,Intermittent 150ms network delay,Development,Network,Low,P4,Network
Modal dialog close button unclickable on mobile viewport UI/UX (on Kubernetes cluster node 3),Modal close button positioned outside viewport UI/UX touch boundary. Note: Defect was verified on Kubernetes cluster node 3.,"1. Reproduce: Modal dialog close button unclickable on mobile viewport UI/UX
2. Observe result on Kubernetes cluster node 3",Responsive UI/UX modal bounds with accessible tap target,User stuck on modal UI/UX screen,Production,UI/UX,Critical,P1,UI/UX
Filter dropdown selected values fail to clear on reset UI/UX click (under high concurrent traffic),Clicking Clear Filters resets text but leaves dropdown selection active in UI/UX state. Note: Defect was verified under high concurrent traffic.,"1. Reproduce: Filter dropdown selected values fail to clear on reset UI/UX click
2. Observe result under high concurrent traffic",Reset all UI/UX filter components to default state,Dropdown selection remains active in UI/UX state,Development,UI/UX,High,P2,UI/UX
Dark mode text contrast ratio fails accessibility UI/UX guidelines (observed in staging deployment),Muted gray text on dark background has insufficient contrast ratio in UI/UX theme. Note: Defect was verified observed in staging deployment.,"1. Reproduce: Dark mode text contrast ratio fails accessibility UI/UX guidelines
2. Observe result observed in staging deployment",Maintain WCAG AAA contrast ratio 4.5:1 for UI/UX,Text illegible in dark UI/UX theme,Development,UI/UX,Medium,P3,UI/UX
User avatar image renders broken placeholder icon on CDN UI/UX 404 (during load test run),Broken image icon rendered when user profile picture URL fails in UI/UX. Note: Defect was verified during load test run.,"1. Reproduce: User avatar image renders broken placeholder icon on CDN UI/UX 404
2. Observe result during load test run",Render fallback initial avatar icon in UI/UX,Broken image placeholder shown in UI/UX layout,Staging,UI/UX,Low,P4,UI/UX
Bulk delete functional action removes wrong record IDs (in microservice container),Select all functional checkbox maps array index instead of database record ID. Note: Defect was verified in microservice container.,"1. Reproduce: Bulk delete functional action removes wrong record IDs
2. Observe result in microservice container",Execute functional deletion on selected database IDs only,Deletes wrong database records in functional execution,Production,General,Critical,P1,Functional
Incorrect functional pagination item count displayed on table footer (in microservice container),Footer displays total count from unfiltered dataset after applying functional search. Note: Defect was verified in microservice container.,"1. Reproduce: Incorrect functional pagination item count displayed on table footer
2. Observe result in microservice container",Update functional item count to match active search filter,Displays stale total count in table functional footer,Production,General,High,P2,Functional
Export CSV functional feature truncates descriptions with commas (during load test run),CSV functional generator fails to wrap string values in double quotes. Note: Defect was verified during load test run.,"1. Reproduce: Export CSV functional feature truncates descriptions with commas
2. Observe result during load test run",Escape commas in CSV functional export,Splits text across columns in functional export,Production,General,Medium,P3,Functional
Date picker functional filter applies timezone offset incorrectly (on Kubernetes cluster node 3),Selecting start date converts time to UTC shifting selected functional day. Note: Defect was verified on Kubernetes cluster node 3.,"1. Reproduce: Date picker functional filter applies timezone offset incorrectly
2. Observe result on Kubernetes cluster node 3",Preserve selected date string in functional filter,Shifts selected date by -1 day in functional query,Production,General,Low,P4,Functional
Zapier webhook integration pipeline drops sync events (under high concurrent traffic),Data integration sync pipeline fails to retry dropped HTTP events under failure. Note: Defect was verified under high concurrent traffic.,"1. Reproduce: Zapier webhook integration pipeline drops sync events
2. Observe result under high concurrent traffic",Guaranteed event delivery across integration pipeline,Integration sync events silently lost,Production,Integration,Critical,P1,Integration
Third-party REST integration API rate limit returns 429 error (under high concurrent traffic),Exceeding vendor API quota throws uncaught integration exception in worker queue. Note: Defect was verified under high concurrent traffic.,"1. Reproduce: Third-party REST integration API rate limit returns 429 error
2. Observe result under high concurrent traffic",Implement exponential backoff retry in integration client,Integration worker process crashes,Development,Integration,High,P2,Integration
Jira issue integration sync fails on custom field schema mismatch (on Kubernetes cluster node 3),Custom field value formatting causes Jira integration REST API validation error. Note: Defect was verified on Kubernetes cluster node 3.,"1. Reproduce: Jira issue integration sync fails on custom field schema mismatch
2. Observe result on Kubernetes cluster node 3",Format payload according to Jira integration spec,Jira integration sync fails,Production,Integration,Medium,P3,Integration
Slack webhook integration notification fails when title contains quotes (on mobile Safari browser),Unescaped double quotes in bug title break Slack integration JSON payload. Note: Defect was verified on mobile Safari browser.,"1. Reproduce: Slack webhook integration notification fails when title contains quotes
2. Observe result on mobile Safari browser",Sanitize JSON payload strings for integration webhook,Slack integration notification fails,Development,Integration,Low,P4,Integration
Cron job scheduler thread deadlocks halting automated tasks (observed in staging deployment),Shared lock between scheduled tasks causes task runner service to stall. Note: Defect was verified observed in staging deployment.,"1. Reproduce: Cron job scheduler thread deadlocks halting automated tasks
2. Observe result observed in staging deployment",Isolated task execution threads for background jobs,Cron scheduler completely stops execution,Staging,General,Critical,P1,Other
Email notification sender address rejected by SPF DMARC policy (on Kubernetes cluster node 3),Outbound transaction email missing valid DKIM signature in mail header. Note: Defect was verified on Kubernetes cluster node 3.,"1. Reproduce: Email notification sender address rejected by SPF DMARC policy
2. Observe result on Kubernetes cluster node 3",Send authenticated email headers with DKIM signature,Notification emails marked as spam,Production,General,High,P2,Other
Help center documentation search returns 500 on special characters (after v1.4 patch release),Searching documentation with quotes throws unhandled server exception. Note: Defect was verified after v1.4 patch release.,"1. Reproduce: Help center documentation search returns 500 on special characters
2. Observe result after v1.4 patch release",Sanitize search input terms in documentation portal,500 Internal Server Error,Staging,General,Medium,P3,Other
Typo in assignment notification email subject header text (during load test run),Notification email subject contains spelling error: 'Bug Assignned'. Note: Defect was verified during load test run.,"1. Reproduce: Typo in assignment notification email subject header text
2. Observe result during load test run",Correct spelling: 'Bug Assigned',Displays 'Assignned' with double n,Development,General,Low,P4,Other
SQL Injection security vulnerability in login authentication field (when running background cron job),Unsanitized user input in security field allows unauthenticated SQL injection exploit against user database. Note: Defect was verified when running background cron job.,"1. Reproduce: SQL Injection security vulnerability in login authentication field
2. Observe result when running background cron job",Security input sanitization and SQL parameterization should block injection payload,Security authentication check bypassed allowing unauthorized access,Production,Security,Critical,P1,Security
Cross-Site Scripting XSS security vulnerability in comment box (when running background cron job),Stored XSS security vulnerability executes arbitrary JavaScript in victim browser session. Note: Defect was verified when running background cron job.,"1. Reproduce: Cross-Site Scripting XSS security vulnerability in comment box
2. Observe result when running background cron job",Security HTML tag escaping should sanitize XSS payload,Malicious XSS script tag executes on profile page,Staging,Security,High,P2,Security
Missing security HTTP Content-Security-Policy headers (in microservice container),Application security response headers lack CSP protection against frame injection. Note: Defect was verified in microservice container.,"1. Reproduce: Missing security HTTP Content-Security-Policy headers
2. Observe result in microservice container",Include security response headers CSP and X-Frame-Options,Security response headers missing CSP directives,Production,Security,Medium,P3,Security
Verbose server header leaks proxy security version info (when running background cron job),HTTP Server security response header reveals backend proxy version string. Note: Defect was verified when running background cron job.,"1. Reproduce: Verbose server header leaks proxy security version info
2. Observe result when running background cron job",Mask security server version strings in production,Header leaks Server version information,Staging,Security,Low,P4,Security
Payment gateway deadlock causing duplicate debit charge (during load test run),Concurrent payment checkout requests cause deadlock resulting in double credit card debit. Note: Defect was verified during load test run.,"1. Reproduce: Payment gateway deadlock causing duplicate debit charge
2. Observe result during load test run",Atomic payment transaction lock prevents duplicate charges,Payment fails with 500 error and debits customer twice,Development,Payment,Critical,P1,Payment
Stripe payment API webhook notification signature failure (on Kubernetes cluster node 3),Asynchronous payment gateway notification webhook drops checkout completion events. Note: Defect was verified on Kubernetes cluster node 3.,"1. Reproduce: Stripe payment API webhook notification signature failure
2. Observe result on Kubernetes cluster node 3",Validate Stripe payment webhook signature correctly,Payment status remains pending after credit card charge,Staging,Payment,High,P2,Payment
Currency symbol display mismatch in checkout payment summary (under high concurrent traffic),Payment conversion calculates correctly but displays wrong currency symbol prefix. Note: Defect was verified under high concurrent traffic.,"1. Reproduce: Currency symbol display mismatch in checkout payment summary
2. Observe result under high concurrent traffic",Display correct currency symbol on payment screen,Displays $ instead of EUR symbol for payment total,Production,Payment,Medium,P3,Payment
Saved payment card mask displays 14 visible digits (during load test run),Credit card payment mask displays 14 visible digits on account billing page. Note: Defect was verified during load test run.,"1. Reproduce: Saved payment card mask displays 14 visible digits
2. Observe result during load test run",Mask all but last 4 payment card numbers,Payment card digits exposed on screen,Staging,Payment,Low,P4,Payment
Database connection pool leak exhausts active DB connections (during load test run),Unclosed database ORM sessions leak database connection pool capacity causing API crash. Note: Defect was verified during load test run.,"1. Reproduce: Database connection pool leak exhausts active DB connections
2. Observe result during load test run",Recycle idle database connection pool threads automatically,Database connection pool timeout error,Development,Database,Critical,P1,Database
Missing composite database index causes full table scan (after v1.4 patch release),Database query plan performs full table scan on 10 million database rows. Note: Defect was verified after v1.4 patch release.,"1. Reproduce: Missing composite database index causes full table scan
2. Observe result after v1.4 patch release",Execute database query using composite index under 50ms,Database query latency spikes to 9 seconds,Production,Database,High,P2,Database
Read replica database synchronization delay lag (after v1.4 patch release),Replication lag on secondary database instance returns stale database records. Note: Defect was verified after v1.4 patch release.,"1. Reproduce: Read replica database synchronization delay lag
2. Observe result after v1.4 patch release",Database replication sync delay under 200ms,Stale database records returned to read query,Staging,Database,Medium,P3,Database
Database migration script outputs deprecated syntax warning (on Kubernetes cluster node 3),Database schema migration succeeds but logs SQL index syntax warning. Note: Defect was verified on Kubernetes cluster node 3.,"1. Reproduce: Database migration script outputs deprecated syntax warning
2. Observe result on Kubernetes cluster node 3",Clean database migration execution logs,Deprecated database index syntax warning logged,Staging,Database,Low,P4,Database
Memory leak during PDF export triggers OOM performance crash (when running background cron job),Exporting PDF documents consumes 4GB heap RAM memory causing OOM performance killer crash. Note: Defect was verified when running background cron job.,"1. Reproduce: Memory leak during PDF export triggers OOM performance crash
2. Observe result when running background cron job",Optimize PDF stream memory allocation under 250MB,Performance crash with OutOfMemory error,Production,Performance,Critical,P1,Performance
High CPU utilization spike during concurrent CSV file parsing (intermittently after session timeout),Parsing 500MB CSV file locks CPU performance threads causing API response lag. Note: Defect was verified intermittently after session timeout.,"1. Reproduce: High CPU utilization spike during concurrent CSV file parsing
2. Observe result intermittently after session timeout",Process CSV parsing in async background queue to maintain performance,Server CPU spikes to 100% performance degradation,Development,Performance,High,P2,Performance
N+1 SQL query loop in list view degrades page load performance (after v1.4 patch release),Looping over table records triggers 150 individual SQL queries degrading performance. Note: Defect was verified after v1.4 patch release.,"1. Reproduce: N+1 SQL query loop in list view degrades page load performance
2. Observe result after v1.4 patch release",Use eager loading SQL joins for page performance,150 separate queries degrade load performance,Development,Performance,Medium,P3,Performance
Unused JavaScript bundle assets increase page load time (after v1.4 patch release),Legacy library dependencies included in main production bundle slowing performance. Note: Defect was verified after v1.4 patch release.,"1. Reproduce: Unused JavaScript bundle assets increase page load time
2. Observe result after v1.4 patch release",Tree-shake unused script files for optimal frontend performance,Bundle size 50KB larger than optimal performance benchmark,Production,Performance,Low,P4,Performance
Multi-Factor Authentication MFA bypass via direct login route (under high concurrent traffic),Navigating directly to protected URL skips mandatory MFA passcode prompt during authentication. Note: Defect was verified under high concurrent traffic.,"1. Reproduce: Multi-Factor Authentication MFA bypass via direct login route
2. Observe result under high concurrent traffic",Enforce MFA authentication before issuing access token,Bypasses authentication MFA verification check,Production,Authentication,Critical,P1,Authentication
OAuth2 SSO authentication callback loop state mismatch (on mobile Safari browser),Single Sign-On SSO authentication redirect fails for Azure AD login users. Note: Defect was verified on mobile Safari browser.,"1. Reproduce: OAuth2 SSO authentication callback loop state mismatch
2. Observe result on mobile Safari browser",Validate SSO authentication state token cleanly,Authentication redirect loop with 403 error,Production,Authentication,High,P2,Authentication
Password reset token does not expire after single redemption (in microservice container),Password reset link remains active for authentication multiple times. Note: Defect was verified in microservice container.,"1. Reproduce: Password reset token does not expire after single redemption
2. Observe result in microservice container",Invalidate password reset token after single authentication use,Reset token re-usable for 24 hours,Development,Authentication,Medium,P3,Authentication
Login form password input field missing autocomplete attribute (under high concurrent traffic),Password manager browser extension fails to auto-fill authentication password field. Note: Defect was verified under high concurrent traffic.,"1. Reproduce: Login form password input field missing autocomplete attribute
2. Observe result under high concurrent traffic",Set autocomplete='current-password' for authentication UX,Password manager fails to detect field,Development,Authentication,Low,P4,Authentication
HTTP 504 Gateway Timeout on microservice network proxy (on mobile Safari browser),Network API gateway proxy drops inbound requests taking longer than 30 seconds. Note: Defect was verified on mobile Safari browser.,"1. Reproduce: HTTP 504 Gateway Timeout on microservice network proxy
2. Observe result on mobile Safari browser",Maintain network proxy connection for long requests,Network proxy returns 504 Gateway Timeout,Production,Network,Critical,P1,Network
WebSocket live stream network connection drops every 60 seconds (observed in staging deployment),Missing network ping heartbeat ping causes reverse proxy to terminate socket connection. Note: Defect was verified observed in staging deployment.,"1. Reproduce: WebSocket live stream network connection drops every 60 seconds
2. Observe result observed in staging deployment",Send periodic WebSocket network keep-alive ping,Network socket connection closes with code 1006,Staging,Network,High,P2,Network
CORS preflight network request fails on custom HTTP headers (when running background cron job),OPTIONS network request returns 403 Forbidden due to missing Access-Control header. Note: Defect was verified when running background cron job.,"1. Reproduce: CORS preflight network request fails on custom HTTP headers
2. Observe result when running background cron job",Allow custom headers in CORS network handler,Browser blocks cross-origin network API request,Development,Network,Medium,P3,Network
DNS lookup retry delay adds 150ms latency to network calls (in microservice container),Secondary DNS network resolver lookup retries before resolving hostname. Note: Defect was verified in microservice container.,"1. Reproduce: DNS lookup retry delay adds 150ms latency to network calls
2. Observe result in microservice container",Fast primary DNS network resolution under 10ms,Intermittent 150ms network delay,Production,Network,Low,P4,Network
Modal dialog close button unclickable on mobile viewport UI/UX (after v1.4 patch release),Modal close button positioned outside viewport UI/UX touch boundary. Note: Defect was verified after v1.4 patch release.,"1. Reproduce: Modal dialog close button unclickable on mobile viewport UI/UX
2. Observe result after v1.4 patch release",Responsive UI/UX modal bounds with accessible tap target,User stuck on modal UI/UX screen,Development,UI/UX,Critical,P1,UI/UX
Filter dropdown selected values fail to clear on reset UI/UX click (on Kubernetes cluster node 3),Clicking Clear Filters resets text but leaves dropdown selection active in UI/UX state. Note: Defect was verified on Kubernetes cluster node 3.,"1. Reproduce: Filter dropdown selected values fail to clear on reset UI/UX click
2. Observe result on Kubernetes cluster node 3",Reset all UI/UX filter components to default state,Dropdown selection remains active in UI/UX state,Staging,UI/UX,High,P2,UI/UX
Dark mode text contrast ratio fails accessibility UI/UX guidelines (on Kubernetes cluster node 3),Muted gray text on dark background has insufficient contrast ratio in UI/UX theme. Note: Defect was verified on Kubernetes cluster node 3.,"1. Reproduce: Dark mode text contrast ratio fails accessibility UI/UX guidelines
2. Observe result on Kubernetes cluster node 3",Maintain WCAG AAA contrast ratio 4.5:1 for UI/UX,Text illegible in dark UI/UX theme,Staging,UI/UX,Medium,P3,UI/UX
User avatar image renders broken placeholder icon on CDN UI/UX 404 (after v1.4 patch release),Broken image icon rendered when user profile picture URL fails in UI/UX. Note: Defect was verified after v1.4 patch release.,"1. Reproduce: User avatar image renders broken placeholder icon on CDN UI/UX 404
2. Observe result after v1.4 patch release",Render fallback initial avatar icon in UI/UX,Broken image placeholder shown in UI/UX layout,Production,UI/UX,Low,P4,UI/UX
Bulk delete functional action removes wrong record IDs (on mobile Safari browser),Select all functional checkbox maps array index instead of database record ID. Note: Defect was verified on mobile Safari browser.,"1. Reproduce: Bulk delete functional action removes wrong record IDs
2. Observe result on mobile Safari browser",Execute functional deletion on selected database IDs only,Deletes wrong database records in functional execution,Staging,General,Critical,P1,Functional
Incorrect functional pagination item count displayed on table footer (during load test run),Footer displays total count from unfiltered dataset after applying functional search. Note: Defect was verified during load test run.,"1. Reproduce: Incorrect functional pagination item count displayed on table footer
2. Observe result during load test run",Update functional item count to match active search filter,Displays stale total count in table functional footer,Development,General,High,P2,Functional
Export CSV functional feature truncates descriptions with commas (during load test run),CSV functional generator fails to wrap string values in double quotes. Note: Defect was verified during load test run.,"1. Reproduce: Export CSV functional feature truncates descriptions with commas
2. Observe result during load test run",Escape commas in CSV functional export,Splits text across columns in functional export,Development,General,Medium,P3,Functional
Date picker functional filter applies timezone offset incorrectly (after v1.4 patch release),Selecting start date converts time to UTC shifting selected functional day. Note: Defect was verified after v1.4 patch release.,"1. Reproduce: Date picker functional filter applies timezone offset incorrectly
2. Observe result after v1.4 patch release",Preserve selected date string in functional filter,Shifts selected date by -1 day in functional query,Staging,General,Low,P4,Functional
Zapier webhook integration pipeline drops sync events (intermittently after session timeout),Data integration sync pipeline fails to retry dropped HTTP events under failure. Note: Defect was verified intermittently after session timeout.,"1. Reproduce: Zapier webhook integration pipeline drops sync events
2. Observe result intermittently after session timeout",Guaranteed event delivery across integration pipeline,Integration sync events silently lost,Development,Integration,Critical,P1,Integration
Third-party REST integration API rate limit returns 429 error (observed in staging deployment),Exceeding vendor API quota throws uncaught integration exception in worker queue. Note: Defect was verified observed in staging deployment.,"1. Reproduce: Third-party REST integration API rate limit returns 429 error
2. Observe result observed in staging deployment",Implement exponential backoff retry in integration client,Integration worker process crashes,Production,Integration,High,P2,Integration
Jira issue integration sync fails on custom field schema mismatch (when running background cron job),Custom field value formatting causes Jira integration REST API validation error. Note: Defect was verified when running background cron job.,"1. Reproduce: Jira issue integration sync fails on custom field schema mismatch
2. Observe result when running background cron job",Format payload according to Jira integration spec,Jira integration sync fails,Production,Integration,Medium,P3,Integration
Slack webhook integration notification fails when title contains quotes (observed in staging deployment),Unescaped double quotes in bug title break Slack integration JSON payload. Note: Defect was verified observed in staging deployment.,"1. Reproduce: Slack webhook integration notification fails when title contains quotes
2. Observe result observed in staging deployment",Sanitize JSON payload strings for integration webhook,Slack integration notification fails,Production,Integration,Low,P4,Integration
Cron job scheduler thread deadlocks halting automated tasks (after v1.4 patch release),Shared lock between scheduled tasks causes task runner service to stall. Note: Defect was verified after v1.4 patch release.,"1. Reproduce: Cron job scheduler thread deadlocks halting automated tasks
2. Observe result after v1.4 patch release",Isolated task execution threads for background jobs,Cron scheduler completely stops execution,Development,General,Critical,P1,Other
Email notification sender address rejected by SPF DMARC policy (on Kubernetes cluster node 3),Outbound transaction email missing valid DKIM signature in mail header. Note: Defect was verified on Kubernetes cluster node 3.,"1. Reproduce: Email notification sender address rejected by SPF DMARC policy
2. Observe result on Kubernetes cluster node 3",Send authenticated email headers with DKIM signature,Notification emails marked as spam,Production,General,High,P2,Other
Help center documentation search returns 500 on special characters (observed in staging deployment),Searching documentation with quotes throws unhandled server exception. Note: Defect was verified observed in staging deployment.,"1. Reproduce: Help center documentation search returns 500 on special characters
2. Observe result observed in staging deployment",Sanitize search input terms in documentation portal,500 Internal Server Error,Production,General,Medium,P3,Other
Typo in assignment notification email subject header text (intermittently after session timeout),Notification email subject contains spelling error: 'Bug Assignned'. Note: Defect was verified intermittently after session timeout.,"1. Reproduce: Typo in assignment notification email subject header text
2. Observe result intermittently after session timeout",Correct spelling: 'Bug Assigned',Displays 'Assignned' with double n,Production,General,Low,P4,Other
SQL Injection security vulnerability in login authentication field (observed in staging deployment),Unsanitized user input in security field allows unauthenticated SQL injection exploit against user database. Note: Defect was verified observed in staging deployment.,"1. Reproduce: SQL Injection security vulnerability in login authentication field
2. Observe result observed in staging deployment",Security input sanitization and SQL parameterization should block injection payload,Security authentication check bypassed allowing unauthorized access,Staging,Security,Critical,P1,Security
Cross-Site Scripting XSS security vulnerability in comment box (on mobile Safari browser),Stored XSS security vulnerability executes arbitrary JavaScript in victim browser session. Note: Defect was verified on mobile Safari browser.,"1. Reproduce: Cross-Site Scripting XSS security vulnerability in comment box
2. Observe result on mobile Safari browser",Security HTML tag escaping should sanitize XSS payload,Malicious XSS script tag executes on profile page,Staging,Security,High,P2,Security
Missing security HTTP Content-Security-Policy headers (observed in staging deployment),Application security response headers lack CSP protection against frame injection. Note: Defect was verified observed in staging deployment.,"1. Reproduce: Missing security HTTP Content-Security-Policy headers
2. Observe result observed in staging deployment",Include security response headers CSP and X-Frame-Options,Security response headers missing CSP directives,Development,Security,Medium,P3,Security
Verbose server header leaks proxy security version info (during load test run),HTTP Server security response header reveals backend proxy version string. Note: Defect was verified during load test run.,"1. Reproduce: Verbose server header leaks proxy security version info
2. Observe result during load test run",Mask security server version strings in production,Header leaks Server version information,Production,Security,Low,P4,Security
Payment gateway deadlock causing duplicate debit charge (in microservice container),Concurrent payment checkout requests cause deadlock resulting in double credit card debit. Note: Defect was verified in microservice container.,"1. Reproduce: Payment gateway deadlock causing duplicate debit charge
2. Observe result in microservice container",Atomic payment transaction lock prevents duplicate charges,Payment fails with 500 error and debits customer twice,Staging,Payment,Critical,P1,Payment
Stripe payment API webhook notification signature failure (on Kubernetes cluster node 3),Asynchronous payment gateway notification webhook drops checkout completion events. Note: Defect was verified on Kubernetes cluster node 3.,"1. Reproduce: Stripe payment API webhook notification signature failure
2. Observe result on Kubernetes cluster node 3",Validate Stripe payment webhook signature correctly,Payment status remains pending after credit card charge,Production,Payment,High,P2,Payment
Currency symbol display mismatch in checkout payment summary (after v1.4 patch release),Payment conversion calculates correctly but displays wrong currency symbol prefix. Note: Defect was verified after v1.4 patch release.,"1. Reproduce: Currency symbol display mismatch in checkout payment summary
2. Observe result after v1.4 patch release",Display correct currency symbol on payment screen,Displays $ instead of EUR symbol for payment total,Staging,Payment,Medium,P3,Payment
Saved payment card mask displays 14 visible digits (when running background cron job),Credit card payment mask displays 14 visible digits on account billing page. Note: Defect was verified when running background cron job.,"1. Reproduce: Saved payment card mask displays 14 visible digits
2. Observe result when running background cron job",Mask all but last 4 payment card numbers,Payment card digits exposed on screen,Staging,Payment,Low,P4,Payment
Database connection pool leak exhausts active DB connections (after v1.4 patch release),Unclosed database ORM sessions leak database connection pool capacity causing API crash. Note: Defect was verified after v1.4 patch release.,"1. Reproduce: Database connection pool leak exhausts active DB connections
2. Observe result after v1.4 patch release",Recycle idle database connection pool threads automatically,Database connection pool timeout error,Development,Database,Critical,P1,Database
Missing composite database index causes full table scan (in microservice container),Database query plan performs full table scan on 10 million database rows. Note: Defect was verified in microservice container.,"1. Reproduce: Missing composite database index causes full table scan
2. Observe result in microservice container",Execute database query using composite index under 50ms,Database query latency spikes to 9 seconds,Development,Database,High,P2,Database
Read replica database synchronization delay lag (after v1.4 patch release),Replication lag on secondary database instance returns stale database records. Note: Defect was verified after v1.4 patch release.,"1. Reproduce: Read replica database synchronization delay lag
2. Observe result after v1.4 patch release",Database replication sync delay under 200ms,Stale database records returned to read query,Development,Database,Medium,P3,Database
Database migration script outputs deprecated syntax warning (intermittently after session timeout),Database schema migration succeeds but logs SQL index syntax warning. Note: Defect was verified intermittently after session timeout.,"1. Reproduce: Database migration script outputs deprecated syntax warning
2. Observe result intermittently after session timeout",Clean database migration execution logs,Deprecated database index syntax warning logged,Production,Database,Low,P4,Database
Memory leak during PDF export triggers OOM performance crash (during load test run),Exporting PDF documents consumes 4GB heap RAM memory causing OOM performance killer crash. Note: Defect was verified during load test run.,"1. Reproduce: Memory leak during PDF export triggers OOM performance crash
2. Observe result during load test run",Optimize PDF stream memory allocation under 250MB,Performance crash with OutOfMemory error,Development,Performance,Critical,P1,Performance
High CPU utilization spike during concurrent CSV file parsing (after v1.4 patch release),Parsing 500MB CSV file locks CPU performance threads causing API response lag. Note: Defect was verified after v1.4 patch release.,"1. Reproduce: High CPU utilization spike during concurrent CSV file parsing
2. Observe result after v1.4 patch release",Process CSV parsing in async background queue to maintain performance,Server CPU spikes to 100% performance degradation,Staging,Performance,High,P2,Performance
N+1 SQL query loop in list view degrades page load performance (intermittently after session timeout),Looping over table records triggers 150 individual SQL queries degrading performance. Note: Defect was verified intermittently after session timeout.,"1. Reproduce: N+1 SQL query loop in list view degrades page load performance
2. Observe result intermittently after session timeout",Use eager loading SQL joins for page performance,150 separate queries degrade load performance,Development,Performance,Medium,P3,Performance
Unused JavaScript bundle assets increase page load time (on mobile Safari browser),Legacy library dependencies included in main production bundle slowing performance. Note: Defect was verified on mobile Safari browser.,"1. Reproduce: Unused JavaScript bundle assets increase page load time
2. Observe result on mobile Safari browser",Tree-shake unused script files for optimal frontend performance,Bundle size 50KB larger than optimal performance benchmark,Production,Performance,Low,P4,Performance
Multi-Factor Authentication MFA bypass via direct login route (after v1.4 patch release),Navigating directly to protected URL skips mandatory MFA passcode prompt during authentication. Note: Defect was verified after v1.4 patch release.,"1. Reproduce: Multi-Factor Authentication MFA bypass via direct login route
2. Observe result after v1.4 patch release",Enforce MFA authentication before issuing access token,Bypasses authentication MFA verification check,Development,Authentication,Critical,P1,Authentication
OAuth2 SSO authentication callback loop state mismatch (after v1.4 patch release),Single Sign-On SSO authentication redirect fails for Azure AD login users. Note: Defect was verified after v1.4 patch release.,"1. Reproduce: OAuth2 SSO authentication callback loop state mismatch
2. Observe result after v1.4 patch release",Validate SSO authentication state token cleanly,Authentication redirect loop with 403 error,Staging,Authentication,High,P2,Authentication
Password reset token does not expire after single redemption (on Kubernetes cluster node 3),Password reset link remains active for authentication multiple times. Note: Defect was verified on Kubernetes cluster node 3.,"1. Reproduce: Password reset token does not expire after single redemption
2. Observe result on Kubernetes cluster node 3",Invalidate password reset token after single authentication use,Reset token re-usable for 24 hours,Staging,Authentication,Medium,P3,Authentication
Login form password input field missing autocomplete attribute (after v1.4 patch release),Password manager browser extension fails to auto-fill authentication password field. Note: Defect was verified after v1.4 patch release.,"1. Reproduce: Login form password input field missing autocomplete attribute
2. Observe result after v1.4 patch release",Set autocomplete='current-password' for authentication UX,Password manager fails to detect field,Production,Authentication,Low,P4,Authentication
HTTP 504 Gateway Timeout on microservice network proxy (observed in staging deployment),Network API gateway proxy drops inbound requests taking longer than 30 seconds. Note: Defect was verified observed in staging deployment.,"1. Reproduce: HTTP 504 Gateway Timeout on microservice network proxy
2. Observe result observed in staging deployment",Maintain network proxy connection for long requests,Network proxy returns 504 Gateway Timeout,Staging,Network,Critical,P1,Network
WebSocket live stream network connection drops every 60 seconds (intermittently after session timeout),Missing network ping heartbeat ping causes reverse proxy to terminate socket connection. Note: Defect was verified intermittently after session timeout.,"1. Reproduce: WebSocket live stream network connection drops every 60 seconds
2. Observe result intermittently after session timeout",Send periodic WebSocket network keep-alive ping,Network socket connection closes with code 1006,Production,Network,High,P2,Network
CORS preflight network request fails on custom HTTP headers (under high concurrent traffic),OPTIONS network request returns 403 Forbidden due to missing Access-Control header. Note: Defect was verified under high concurrent traffic.,"1. Reproduce: CORS preflight network request fails on custom HTTP headers
2. Observe result under high concurrent traffic",Allow custom headers in CORS network handler,Browser blocks cross-origin network API request,Production,Network,Medium,P3,Network
DNS lookup retry delay adds 150ms latency to network calls (intermittently after session timeout),Secondary DNS network resolver lookup retries before resolving hostname. Note: Defect was verified intermittently after session timeout.,"1. Reproduce: DNS lookup retry delay adds 150ms latency to network calls
2. Observe result intermittently after session timeout",Fast primary DNS network resolution under 10ms,Intermittent 150ms network delay,Staging,Network,Low,P4,Network
Modal dialog close button unclickable on mobile viewport UI/UX (under high concurrent traffic),Modal close button positioned outside viewport UI/UX touch boundary. Note: Defect was verified under high concurrent traffic.,"1. Reproduce: Modal dialog close button unclickable on mobile viewport UI/UX
2. Observe result under high concurrent traffic",Responsive UI/UX modal bounds with accessible tap target,User stuck on modal UI/UX screen,Staging,UI/UX,Critical,P1,UI/UX
Filter dropdown selected values fail to clear on reset UI/UX click (under high concurrent traffic),Clicking Clear Filters resets text but leaves dropdown selection active in UI/UX state. Note: Defect was verified under high concurrent traffic.,"1. Reproduce: Filter dropdown selected values fail to clear on reset UI/UX click
2. Observe result under high concurrent traffic",Reset all UI/UX filter components to default state,Dropdown selection remains active in UI/UX state,Production,UI/UX,High,P2,UI/UX
Dark mode text contrast ratio fails accessibility UI/UX guidelines (on mobile Safari browser),Muted gray text on dark background has insufficient contrast ratio in UI/UX theme. Note: Defect was verified on mobile Safari browser.,"1. Reproduce: Dark mode text contrast ratio fails accessibility UI/UX guidelines
2. Observe result on mobile Safari browser",Maintain WCAG AAA contrast ratio 4.5:1 for UI/UX,Text illegible in dark UI/UX theme,Staging,UI/UX,Medium,P3,UI/UX
User avatar image renders broken placeholder icon on CDN UI/UX 404 (intermittently after session timeout),Broken image icon rendered when user profile picture URL fails in UI/UX. Note: Defect was verified intermittently after session timeout.,"1. Reproduce: User avatar image renders broken placeholder icon on CDN UI/UX 404
2. Observe result intermittently after session timeout",Render fallback initial avatar icon in UI/UX,Broken image placeholder shown in UI/UX layout,Staging,UI/UX,Low,P4,UI/UX
Bulk delete functional action removes wrong record IDs (on Kubernetes cluster node 3),Select all functional checkbox maps array index instead of database record ID. Note: Defect was verified on Kubernetes cluster node 3.,"1. Reproduce: Bulk delete functional action removes wrong record IDs
2. Observe result on Kubernetes cluster node 3",Execute functional deletion on selected database IDs only,Deletes wrong database records in functional execution,Staging,General,Critical,P1,Functional
Incorrect functional pagination item count displayed on table footer (intermittently after session timeout),Footer displays total count from unfiltered dataset after applying functional search. Note: Defect was verified intermittently after session timeout.,"1. Reproduce: Incorrect functional pagination item count displayed on table footer
2. Observe result intermittently after session timeout",Update functional item count to match active search filter,Displays stale total count in table functional footer,Staging,General,High,P2,Functional
Export CSV functional feature truncates descriptions with commas (under high concurrent traffic),CSV functional generator fails to wrap string values in double quotes. Note: Defect was verified under high concurrent traffic.,"1. Reproduce: Export CSV functional feature truncates descriptions with commas
2. Observe result under high concurrent traffic",Escape commas in CSV functional export,Splits text across columns in functional export,Development,General,Medium,P3,Functional
Date picker functional filter applies timezone offset incorrectly (intermittently after session timeout),Selecting start date converts time to UTC shifting selected functional day. Note: Defect was verified intermittently after session timeout.,"1. Reproduce: Date picker functional filter applies timezone offset incorrectly
2. Observe result intermittently after session timeout",Preserve selected date string in functional filter,Shifts selected date by -1 day in functional query,Staging,General,Low,P4,Functional
Zapier webhook integration pipeline drops sync events (intermittently after session timeout),Data integration sync pipeline fails to retry dropped HTTP events under failure. Note: Defect was verified intermittently after session timeout.,"1. Reproduce: Zapier webhook integration pipeline drops sync events
2. Observe result intermittently after session timeout",Guaranteed event delivery across integration pipeline,Integration sync events silently lost,Production,Integration,Critical,P1,Integration
Third-party REST integration API rate limit returns 429 error (observed in staging deployment),Exceeding vendor API quota throws uncaught integration exception in worker queue. Note: Defect was verified observed in staging deployment.,"1. Reproduce: Third-party REST integration API rate limit returns 429 error
2. Observe result observed in staging deployment",Implement exponential backoff retry in integration client,Integration worker process crashes,Staging,Integration,High,P2,Integration
Jira issue integration sync fails on custom field schema mismatch (during load test run),Custom field value formatting causes Jira integration REST API validation error. Note: Defect was verified during load test run.,"1. Reproduce: Jira issue integration sync fails on custom field schema mismatch
2. Observe result during load test run",Format payload according to Jira integration spec,Jira integration sync fails,Production,Integration,Medium,P3,Integration
Slack webhook integration notification fails when title contains quotes (after v1.4 patch release),Unescaped double quotes in bug title break Slack integration JSON payload. Note: Defect was verified after v1.4 patch release.,"1. Reproduce: Slack webhook integration notification fails when title contains quotes
2. Observe result after v1.4 patch release",Sanitize JSON payload strings for integration webhook,Slack integration notification fails,Development,Integration,Low,P4,Integration
Cron job scheduler thread deadlocks halting automated tasks (observed in staging deployment),Shared lock between scheduled tasks causes task runner service to stall. Note: Defect was verified observed in staging deployment.,"1. Reproduce: Cron job scheduler thread deadlocks halting automated tasks
2. Observe result observed in staging deployment",Isolated task execution threads for background jobs,Cron scheduler completely stops execution,Staging,General,Critical,P1,Other
Email notification sender address rejected by SPF DMARC policy (when running background cron job),Outbound transaction email missing valid DKIM signature in mail header. Note: Defect was verified when running background cron job.,"1. Reproduce: Email notification sender address rejected by SPF DMARC policy
2. Observe result when running background cron job",Send authenticated email headers with DKIM signature,Notification emails marked as spam,Staging,General,High,P2,Other
Help center documentation search returns 500 on special characters (under high concurrent traffic),Searching documentation with quotes throws unhandled server exception. Note: Defect was verified under high concurrent traffic.,"1. Reproduce: Help center documentation search returns 500 on special characters
2. Observe result under high concurrent traffic",Sanitize search input terms in documentation portal,500 Internal Server Error,Production,General,Medium,P3,Other
Typo in assignment notification email subject header text (on mobile Safari browser),Notification email subject contains spelling error: 'Bug Assignned'. Note: Defect was verified on mobile Safari browser.,"1. Reproduce: Typo in assignment notification email subject header text
2. Observe result on mobile Safari browser",Correct spelling: 'Bug Assigned',Displays 'Assignned' with double n,Production,General,Low,P4,Other
SQL Injection security vulnerability in login authentication field (during load test run),Unsanitized user input in security field allows unauthenticated SQL injection exploit against user database. Note: Defect was verified during load test run.,"1. Reproduce: SQL Injection security vulnerability in login authentication field
2. Observe result during load test run",Security input sanitization and SQL parameterization should block injection payload,Security authentication check bypassed allowing unauthorized access,Staging,Security,Critical,P1,Security
Cross-Site Scripting XSS security vulnerability in comment box (when running background cron job),Stored XSS security vulnerability executes arbitrary JavaScript in victim browser session. Note: Defect was verified when running background cron job.,"1. Reproduce: Cross-Site Scripting XSS security vulnerability in comment box
2. Observe result when running background cron job",Security HTML tag escaping should sanitize XSS payload,Malicious XSS script tag executes on profile page,Production,Security,High,P2,Security
Missing security HTTP Content-Security-Policy headers (intermittently after session timeout),Application security response headers lack CSP protection against frame injection. Note: Defect was verified intermittently after session timeout.,"1. Reproduce: Missing security HTTP Content-Security-Policy headers
2. Observe result intermittently after session timeout",Include security response headers CSP and X-Frame-Options,Security response headers missing CSP directives,Development,Security,Medium,P3,Security
Verbose server header leaks proxy security version info (observed in staging deployment),HTTP Server security response header reveals backend proxy version string. Note: Defect was verified observed in staging deployment.,"1. Reproduce: Verbose server header leaks proxy security version info
2. Observe result observed in staging deployment",Mask security server version strings in production,Header leaks Server version information,Staging,Security,Low,P4,Security
Payment gateway deadlock causing duplicate debit charge (on mobile Safari browser),Concurrent payment checkout requests cause deadlock resulting in double credit card debit. Note: Defect was verified on mobile Safari browser.,"1. Reproduce: Payment gateway deadlock causing duplicate debit charge
2. Observe result on mobile Safari browser",Atomic payment transaction lock prevents duplicate charges,Payment fails with 500 error and debits customer twice,Staging,Payment,Critical,P1,Payment
Stripe payment API webhook notification signature failure (after v1.4 patch release),Asynchronous payment gateway notification webhook drops checkout completion events. Note: Defect was verified after v1.4 patch release.,"1. Reproduce: Stripe payment API webhook notification signature failure
2. Observe result after v1.4 patch release",Validate Stripe payment webhook signature correctly,Payment status remains pending after credit card charge,Production,Payment,High,P2,Payment
Currency symbol display mismatch in checkout payment summary (in microservice container),Payment conversion calculates correctly but displays wrong currency symbol prefix. Note: Defect was verified in microservice container.,"1. Reproduce: Currency symbol display mismatch in checkout payment summary
2. Observe result in microservice container",Display correct currency symbol on payment screen,Displays $ instead of EUR symbol for payment total,Staging,Payment,Medium,P3,Payment
Saved payment card mask displays 14 visible digits (observed in staging deployment),Credit card payment mask displays 14 visible digits on account billing page. Note: Defect was verified observed in staging deployment.,"1. Reproduce: Saved payment card mask displays 14 visible digits
2. Observe result observed in staging deployment",Mask all but last 4 payment card numbers,Payment card digits exposed on screen,Staging,Payment,Low,P4,Payment
Database connection pool leak exhausts active DB connections (after v1.4 patch release),Unclosed database ORM sessions leak database connection pool capacity causing API crash. Note: Defect was verified after v1.4 patch release.,"1. Reproduce: Database connection pool leak exhausts active DB connections
2. Observe result after v1.4 patch release",Recycle idle database connection pool threads automatically,Database connection pool timeout error,Development,Database,Critical,P1,Database
Missing composite database index causes full table scan (on mobile Safari browser),Database query plan performs full table scan on 10 million database rows. Note: Defect was verified on mobile Safari browser.,"1. Reproduce: Missing composite database index causes full table scan
2. Observe result on mobile Safari browser",Execute database query using composite index under 50ms,Database query latency spikes to 9 seconds,Staging,Database,High,P2,Database
Read replica database synchronization delay lag (when running background cron job),Replication lag on secondary database instance returns stale database records. Note: Defect was verified when running background cron job.,"1. Reproduce: Read replica database synchronization delay lag
2. Observe result when running background cron job",Database replication sync delay under 200ms,Stale database records returned to read query,Production,Database,Medium,P3,Database
Database migration script outputs deprecated syntax warning (in microservice container),Database schema migration succeeds but logs SQL index syntax warning. Note: Defect was verified in microservice container.,"1. Reproduce: Database migration script outputs deprecated syntax warning
2. Observe result in microservice container",Clean database migration execution logs,Deprecated database index syntax warning logged,Staging,Database,Low,P4,Database
Memory leak during PDF export triggers OOM performance crash (during load test run),Exporting PDF documents consumes 4GB heap RAM memory causing OOM performance killer crash. Note: Defect was verified during load test run.,"1. Reproduce: Memory leak during PDF export triggers OOM performance crash
2. Observe result during load test run",Optimize PDF stream memory allocation under 250MB,Performance crash with OutOfMemory error,Development,Performance,Critical,P1,Performance
High CPU utilization spike during concurrent CSV file parsing (on Kubernetes cluster node 3),Parsing 500MB CSV file locks CPU performance threads causing API response lag. Note: Defect was verified on Kubernetes cluster node 3.,"1. Reproduce: High CPU utilization spike during concurrent CSV file parsing
2. Observe result on Kubernetes cluster node 3",Process CSV parsing in async background queue to maintain performance,Server CPU spikes to 100% performance degradation,Production,Performance,High,P2,Performance
N+1 SQL query loop in list view degrades page load performance (under high concurrent traffic),Looping over table records triggers 150 individual SQL queries degrading performance. Note: Defect was verified under high concurrent traffic.,"1. Reproduce: N+1 SQL query loop in list view degrades page load performance
2. Observe result under high concurrent traffic",Use eager loading SQL joins for page performance,150 separate queries degrade load performance,Production,Performance,Medium,P3,Performance
Unused JavaScript bundle assets increase page load time (observed in staging deployment),Legacy library dependencies included in main production bundle slowing performance. Note: Defect was verified observed in staging deployment.,"1. Reproduce: Unused JavaScript bundle assets increase page load time
2. Observe result observed in staging deployment",Tree-shake unused script files for optimal frontend performance,Bundle size 50KB larger than optimal performance benchmark,Staging,Performance,Low,P4,Performance
Multi-Factor Authentication MFA bypass via direct login route (under high concurrent traffic),Navigating directly to protected URL skips mandatory MFA passcode prompt during authentication. Note: Defect was verified under high concurrent traffic.,"1. Reproduce: Multi-Factor Authentication MFA bypass via direct login route
2. Observe result under high concurrent traffic",Enforce MFA authentication before issuing access token,Bypasses authentication MFA verification check,Production,Authentication,Critical,P1,Authentication
OAuth2 SSO authentication callback loop state mismatch (under high concurrent traffic),Single Sign-On SSO authentication redirect fails for Azure AD login users. Note: Defect was verified under high concurrent traffic.,"1. Reproduce: OAuth2 SSO authentication callback loop state mismatch
2. Observe result under high concurrent traffic",Validate SSO authentication state token cleanly,Authentication redirect loop with 403 error,Development,Authentication,High,P2,Authentication
Password reset token does not expire after single redemption (when running background cron job),Password reset link remains active for authentication multiple times. Note: Defect was verified when running background cron job.,"1. Reproduce: Password reset token does not expire after single redemption
2. Observe result when running background cron job",Invalidate password reset token after single authentication use,Reset token re-usable for 24 hours,Staging,Authentication,Medium,P3,Authentication
Login form password input field missing autocomplete attribute (observed in staging deployment),Password manager browser extension fails to auto-fill authentication password field. Note: Defect was verified observed in staging deployment.,"1. Reproduce: Login form password input field missing autocomplete attribute
2. Observe result observed in staging deployment",Set autocomplete='current-password' for authentication UX,Password manager fails to detect field,Staging,Authentication,Low,P4,Authentication
HTTP 504 Gateway Timeout on microservice network proxy (during load test run),Network API gateway proxy drops inbound requests taking longer than 30 seconds. Note: Defect was verified during load test run.,"1. Reproduce: HTTP 504 Gateway Timeout on microservice network proxy
2. Observe result during load test run",Maintain network proxy connection for long requests,Network proxy returns 504 Gateway Timeout,Staging,Network,Critical,P1,Network
WebSocket live stream network connection drops every 60 seconds (after v1.4 patch release),Missing network ping heartbeat ping causes reverse proxy to terminate socket connection. Note: Defect was verified after v1.4 patch release.,"1. Reproduce: WebSocket live stream network connection drops every 60 seconds
2. Observe result after v1.4 patch release",Send periodic WebSocket network keep-alive ping,Network socket connection closes with code 1006,Development,Network,High,P2,Network
CORS preflight network request fails on custom HTTP headers (observed in staging deployment),OPTIONS network request returns 403 Forbidden due to missing Access-Control header. Note: Defect was verified observed in staging deployment.,"1. Reproduce: CORS preflight network request fails on custom HTTP headers
2. Observe result observed in staging deployment",Allow custom headers in CORS network handler,Browser blocks cross-origin network API request,Staging,Network,Medium,P3,Network
DNS lookup retry delay adds 150ms latency to network calls (on mobile Safari browser),Secondary DNS network resolver lookup retries before resolving hostname. Note: Defect was verified on mobile Safari browser.,"1. Reproduce: DNS lookup retry delay adds 150ms latency to network calls
2. Observe result on mobile Safari browser",Fast primary DNS network resolution under 10ms,Intermittent 150ms network delay,Staging,Network,Low,P4,Network
Modal dialog close button unclickable on mobile viewport UI/UX (during load test run),Modal close button positioned outside viewport UI/UX touch boundary. Note: Defect was verified during load test run.,"1. Reproduce: Modal dialog close button unclickable on mobile viewport UI/UX
2. Observe result during load test run",Responsive UI/UX modal bounds with accessible tap target,User stuck on modal UI/UX screen,Production,UI/UX,Critical,P1,UI/UX
Filter dropdown selected values fail to clear on reset UI/UX click (after v1.4 patch release),Clicking Clear Filters resets text but leaves dropdown selection active in UI/UX state. Note: Defect was verified after v1.4 patch release.,"1. Reproduce: Filter dropdown selected values fail to clear on reset UI/UX click
2. Observe result after v1.4 patch release",Reset all UI/UX filter components to default state,Dropdown selection remains active in UI/UX state,Staging,UI/UX,High,P2,UI/UX
Dark mode text contrast ratio fails accessibility UI/UX guidelines (observed in staging deployment),Muted gray text on dark background has insufficient contrast ratio in UI/UX theme. Note: Defect was verified observed in staging deployment.,"1. Reproduce: Dark mode text contrast ratio fails accessibility UI/UX guidelines
2. Observe result observed in staging deployment",Maintain WCAG AAA contrast ratio 4.5:1 for UI/UX,Text illegible in dark UI/UX theme,Development,UI/UX,Medium,P3,UI/UX
User avatar image renders broken placeholder icon on CDN UI/UX 404 (on mobile Safari browser),Broken image icon rendered when user profile picture URL fails in UI/UX. Note: Defect was verified on mobile Safari browser.,"1. Reproduce: User avatar image renders broken placeholder icon on CDN UI/UX 404
2. Observe result on mobile Safari browser",Render fallback initial avatar icon in UI/UX,Broken image placeholder shown in UI/UX layout,Production,UI/UX,Low,P4,UI/UX
Bulk delete functional action removes wrong record IDs (on mobile Safari browser),Select all functional checkbox maps array index instead of database record ID. Note: Defect was verified on mobile Safari browser.,"1. Reproduce: Bulk delete functional action removes wrong record IDs
2. Observe result on mobile Safari browser",Execute functional deletion on selected database IDs only,Deletes wrong database records in functional execution,Development,General,Critical,P1,Functional
Incorrect functional pagination item count displayed on table footer (during load test run),Footer displays total count from unfiltered dataset after applying functional search. Note: Defect was verified during load test run.,"1. Reproduce: Incorrect functional pagination item count displayed on table footer
2. Observe result during load test run",Update functional item count to match active search filter,Displays stale total count in table functional footer,Production,General,High,P2,Functional
Export CSV functional feature truncates descriptions with commas (in microservice container),CSV functional generator fails to wrap string values in double quotes. Note: Defect was verified in microservice container.,"1. Reproduce: Export CSV functional feature truncates descriptions with commas
2. Observe result in microservice container",Escape commas in CSV functional export,Splits text across columns in functional export,Development,General,Medium,P3,Functional
Date picker functional filter applies timezone offset incorrectly (when running background cron job),Selecting start date converts time to UTC shifting selected functional day. Note: Defect was verified when running background cron job.,"1. Reproduce: Date picker functional filter applies timezone offset incorrectly
2. Observe result when running background cron job",Preserve selected date string in functional filter,Shifts selected date by -1 day in functional query,Production,General,Low,P4,Functional
Zapier webhook integration pipeline drops sync events (observed in staging deployment),Data integration sync pipeline fails to retry dropped HTTP events under failure. Note: Defect was verified observed in staging deployment.,"1. Reproduce: Zapier webhook integration pipeline drops sync events
2. Observe result observed in staging deployment",Guaranteed event delivery across integration pipeline,Integration sync events silently lost,Development,Integration,Critical,P1,Integration
Third-party REST integration API rate limit returns 429 error (under high concurrent traffic),Exceeding vendor API quota throws uncaught integration exception in worker queue. Note: Defect was verified under high concurrent traffic.,"1. Reproduce: Third-party REST integration API rate limit returns 429 error
2. Observe result under high concurrent traffic",Implement exponential backoff retry in integration client,Integration worker process crashes,Development,Integration,High,P2,Integration
Jira issue integration sync fails on custom field schema mismatch (after v1.4 patch release),Custom field value formatting causes Jira integration REST API validation error. Note: Defect was verified after v1.4 patch release.,"1. Reproduce: Jira issue integration sync fails on custom field schema mismatch
2. Observe result after v1.4 patch release",Format payload according to Jira integration spec,Jira integration sync fails,Staging,Integration,Medium,P3,Integration
Slack webhook integration notification fails when title contains quotes (on mobile Safari browser),Unescaped double quotes in bug title break Slack integration JSON payload. Note: Defect was verified on mobile Safari browser.,"1. Reproduce: Slack webhook integration notification fails when title contains quotes
2. Observe result on mobile Safari browser",Sanitize JSON payload strings for integration webhook,Slack integration notification fails,Production,Integration,Low,P4,Integration
Cron job scheduler thread deadlocks halting automated tasks (on Kubernetes cluster node 3),Shared lock between scheduled tasks causes task runner service to stall. Note: Defect was verified on Kubernetes cluster node 3.,"1. Reproduce: Cron job scheduler thread deadlocks halting automated tasks
2. Observe result on Kubernetes cluster node 3",Isolated task execution threads for background jobs,Cron scheduler completely stops execution,Staging,General,Critical,P1,Other
Email notification sender address rejected by SPF DMARC policy (under high concurrent traffic),Outbound transaction email missing valid DKIM signature in mail header. Note: Defect was verified under high concurrent traffic.,"1. Reproduce: Email notification sender address rejected by SPF DMARC policy
2. Observe result under high concurrent traffic",Send authenticated email headers with DKIM signature,Notification emails marked as spam,Development,General,High,P2,Other
Help center documentation search returns 500 on special characters (intermittently after session timeout),Searching documentation with quotes throws unhandled server exception. Note: Defect was verified intermittently after session timeout.,"1. Reproduce: Help center documentation search returns 500 on special characters
2. Observe result intermittently after session timeout",Sanitize search input terms in documentation portal,500 Internal Server Error,Production,General,Medium,P3,Other
Typo in assignment notification email subject header text (when running background cron job),Notification email subject contains spelling error: 'Bug Assignned'. Note: Defect was verified when running background cron job.,"1. Reproduce: Typo in assignment notification email subject header text
2. Observe result when running background cron job",Correct spelling: 'Bug Assigned',Displays 'Assignned' with double n,Development,General,Low,P4,Other
SQL Injection security vulnerability in login authentication field (during load test run),Unsanitized user input in security field allows unauthenticated SQL injection exploit against user database. Note: Defect was verified during load test run.,"1. Reproduce: SQL Injection security vulnerability in login authentication field
2. Observe result during load test run",Security input sanitization and SQL parameterization should block injection payload,Security authentication check bypassed allowing unauthorized access,Production,Security,Critical,P1,Security
Cross-Site Scripting XSS security vulnerability in comment box (observed in staging deployment),Stored XSS security vulnerability executes arbitrary JavaScript in victim browser session. Note: Defect was verified observed in staging deployment.,"1. Reproduce: Cross-Site Scripting XSS security vulnerability in comment box
2. Observe result observed in staging deployment",Security HTML tag escaping should sanitize XSS payload,Malicious XSS script tag executes on profile page,Development,Security,High,P2,Security
Missing security HTTP Content-Security-Policy headers (during load test run),Application security response headers lack CSP protection against frame injection. Note: Defect was verified during load test run.,"1. Reproduce: Missing security HTTP Content-Security-Policy headers
2. Observe result during load test run",Include security response headers CSP and X-Frame-Options,Security response headers missing CSP directives,Production,Security,Medium,P3,Security
Verbose server header leaks proxy security version info (on mobile Safari browser),HTTP Server security response header reveals backend proxy version string. Note: Defect was verified on mobile Safari browser.,"1. Reproduce: Verbose server header leaks proxy security version info
2. Observe result on mobile Safari browser",Mask security server version strings in production,Header leaks Server version information,Staging,Security,Low,P4,Security
Payment gateway deadlock causing duplicate debit charge (observed in staging deployment),Concurrent payment checkout requests cause deadlock resulting in double credit card debit. Note: Defect was verified observed in staging deployment.,"1. Reproduce: Payment gateway deadlock causing duplicate debit charge
2. Observe result observed in staging deployment",Atomic payment transaction lock prevents duplicate charges,Payment fails with 500 error and debits customer twice,Development,Payment,Critical,P1,Payment
Stripe payment API webhook notification signature failure (intermittently after session timeout),Asynchronous payment gateway notification webhook drops checkout completion events. Note: Defect was verified intermittently after session timeout.,"1. Reproduce: Stripe payment API webhook notification signature failure
2. Observe result intermittently after session timeout",Validate Stripe payment webhook signature correctly,Payment status remains pending after credit card charge,Staging,Payment,High,P2,Payment
Currency symbol display mismatch in checkout payment summary (intermittently after session timeout),Payment conversion calculates correctly but displays wrong currency symbol prefix. Note: Defect was verified intermittently after session timeout.,"1. Reproduce: Currency symbol display mismatch in checkout payment summary
2. Observe result intermittently after session timeout",Display correct currency symbol on payment screen,Displays $ instead of EUR symbol for payment total,Production,Payment,Medium,P3,Payment
Saved payment card mask displays 14 visible digits (after v1.4 patch release),Credit card payment mask displays 14 visible digits on account billing page. Note: Defect was verified after v1.4 patch release.,"1. Reproduce: Saved payment card mask displays 14 visible digits
2. Observe result after v1.4 patch release",Mask all but last 4 payment card numbers,Payment card digits exposed on screen,Staging,Payment,Low,P4,Payment
Database connection pool leak exhausts active DB connections (when running background cron job),Unclosed database ORM sessions leak database connection pool capacity causing API crash. Note: Defect was verified when running background cron job.,"1. Reproduce: Database connection pool leak exhausts active DB connections
2. Observe result when running background cron job",Recycle idle database connection pool threads automatically,Database connection pool timeout error,Production,Database,Critical,P1,Database
Missing composite database index causes full table scan (after v1.4 patch release),Database query plan performs full table scan on 10 million database rows. Note: Defect was verified after v1.4 patch release.,"1. Reproduce: Missing composite database index causes full table scan
2. Observe result after v1.4 patch release",Execute database query using composite index under 50ms,Database query latency spikes to 9 seconds,Development,Database,High,P2,Database
Read replica database synchronization delay lag (on Kubernetes cluster node 3),Replication lag on secondary database instance returns stale database records. Note: Defect was verified on Kubernetes cluster node 3.,"1. Reproduce: Read replica database synchronization delay lag
2. Observe result on Kubernetes cluster node 3",Database replication sync delay under 200ms,Stale database records returned to read query,Development,Database,Medium,P3,Database
Database migration script outputs deprecated syntax warning (when running background cron job),Database schema migration succeeds but logs SQL index syntax warning. Note: Defect was verified when running background cron job.,"1. Reproduce: Database migration script outputs deprecated syntax warning
2. Observe result when running background cron job",Clean database migration execution logs,Deprecated database index syntax warning logged,Development,Database,Low,P4,Database
Memory leak during PDF export triggers OOM performance crash (after v1.4 patch release),Exporting PDF documents consumes 4GB heap RAM memory causing OOM performance killer crash. Note: Defect was verified after v1.4 patch release.,"1. Reproduce: Memory leak during PDF export triggers OOM performance crash
2. Observe result after v1.4 patch release",Optimize PDF stream memory allocation under 250MB,Performance crash with OutOfMemory error,Production,Performance,Critical,P1,Performance
High CPU utilization spike during concurrent CSV file parsing (when running background cron job),Parsing 500MB CSV file locks CPU performance threads causing API response lag. Note: Defect was verified when running background cron job.,"1. Reproduce: High CPU utilization spike during concurrent CSV file parsing
2. Observe result when running background cron job",Process CSV parsing in async background queue to maintain performance,Server CPU spikes to 100% performance degradation,Production,Performance,High,P2,Performance
N+1 SQL query loop in list view degrades page load performance (intermittently after session timeout),Looping over table records triggers 150 individual SQL queries degrading performance. Note: Defect was verified intermittently after session timeout.,"1. Reproduce: N+1 SQL query loop in list view degrades page load performance
2. Observe result intermittently after session timeout",Use eager loading SQL joins for page performance,150 separate queries degrade load performance,Production,Performance,Medium,P3,Performance
Unused JavaScript bundle assets increase page load time (during load test run),Legacy library dependencies included in main production bundle slowing performance. Note: Defect was verified during load test run.,"1. Reproduce: Unused JavaScript bundle assets increase page load time
2. Observe result during load test run",Tree-shake unused script files for optimal frontend performance,Bundle size 50KB larger than optimal performance benchmark,Production,Performance,Low,P4,Performance
Multi-Factor Authentication MFA bypass via direct login route (observed in staging deployment),Navigating directly to protected URL skips mandatory MFA passcode prompt during authentication. Note: Defect was verified observed in staging deployment.,"1. Reproduce: Multi-Factor Authentication MFA bypass via direct login route
2. Observe result observed in staging deployment",Enforce MFA authentication before issuing access token,Bypasses authentication MFA verification check,Development,Authentication,Critical,P1,Authentication
OAuth2 SSO authentication callback loop state mismatch (on mobile Safari browser),Single Sign-On SSO authentication redirect fails for Azure AD login users. Note: Defect was verified on mobile Safari browser.,"1. Reproduce: OAuth2 SSO authentication callback loop state mismatch
2. Observe result on mobile Safari browser",Validate SSO authentication state token cleanly,Authentication redirect loop with 403 error,Production,Authentication,High,P2,Authentication
Password reset token does not expire after single redemption (during load test run),Password reset link remains active for authentication multiple times. Note: Defect was verified during load test run.,"1. Reproduce: Password reset token does not expire after single redemption
2. Observe result during load test run",Invalidate password reset token after single authentication use,Reset token re-usable for 24 hours,Staging,Authentication,Medium,P3,Authentication
Login form password input field missing autocomplete attribute (under high concurrent traffic),Password manager browser extension fails to auto-fill authentication password field. Note: Defect was verified under high concurrent traffic.,"1. Reproduce: Login form password input field missing autocomplete attribute
2. Observe result under high concurrent traffic",Set autocomplete='current-password' for authentication UX,Password manager fails to detect field,Production,Authentication,Low,P4,Authentication
HTTP 504 Gateway Timeout on microservice network proxy (when running background cron job),Network API gateway proxy drops inbound requests taking longer than 30 seconds. Note: Defect was verified when running background cron job.,"1. Reproduce: HTTP 504 Gateway Timeout on microservice network proxy
2. Observe result when running background cron job",Maintain network proxy connection for long requests,Network proxy returns 504 Gateway Timeout,Development,Network,Critical,P1,Network
WebSocket live stream network connection drops every 60 seconds (during load test run),Missing network ping heartbeat ping causes reverse proxy to terminate socket connection. Note: Defect was verified during load test run.,"1. Reproduce: WebSocket live stream network connection drops every 60 seconds
2. Observe result during load test run",Send periodic WebSocket network keep-alive ping,Network socket connection closes with code 1006,Production,Network,High,P2,Network
CORS preflight network request fails on custom HTTP headers (in microservice container),OPTIONS network request returns 403 Forbidden due to missing Access-Control header. Note: Defect was verified in microservice container.,"1. Reproduce: CORS preflight network request fails on custom HTTP headers
2. Observe result in microservice container",Allow custom headers in CORS network handler,Browser blocks cross-origin network API request,Staging,Network,Medium,P3,Network
DNS lookup retry delay adds 150ms latency to network calls (in microservice container),Secondary DNS network resolver lookup retries before resolving hostname. Note: Defect was verified in microservice container.,"1. Reproduce: DNS lookup retry delay adds 150ms latency to network calls
2. Observe result in microservice container",Fast primary DNS network resolution under 10ms,Intermittent 150ms network delay,Staging,Network,Low,P4,Network
Modal dialog close button unclickable on mobile viewport UI/UX (during load test run),Modal close button positioned outside viewport UI/UX touch boundary. Note: Defect was verified during load test run.,"1. Reproduce: Modal dialog close button unclickable on mobile viewport UI/UX
2. Observe result during load test run",Responsive UI/UX modal bounds with accessible tap target,User stuck on modal UI/UX screen,Development,UI/UX,Critical,P1,UI/UX
Filter dropdown selected values fail to clear on reset UI/UX click (after v1.4 patch release),Clicking Clear Filters resets text but leaves dropdown selection active in UI/UX state. Note: Defect was verified after v1.4 patch release.,"1. Reproduce: Filter dropdown selected values fail to clear on reset UI/UX click
2. Observe result after v1.4 patch release",Reset all UI/UX filter components to default state,Dropdown selection remains active in UI/UX state,Staging,UI/UX,High,P2,UI/UX
Dark mode text contrast ratio fails accessibility UI/UX guidelines (intermittently after session timeout),Muted gray text on dark background has insufficient contrast ratio in UI/UX theme. Note: Defect was verified intermittently after session timeout.,"1. Reproduce: Dark mode text contrast ratio fails accessibility UI/UX guidelines
2. Observe result intermittently after session timeout",Maintain WCAG AAA contrast ratio 4.5:1 for UI/UX,Text illegible in dark UI/UX theme,Staging,UI/UX,Medium,P3,UI/UX
User avatar image renders broken placeholder icon on CDN UI/UX 404 (on mobile Safari browser),Broken image icon rendered when user profile picture URL fails in UI/UX. Note: Defect was verified on mobile Safari browser.,"1. Reproduce: User avatar image renders broken placeholder icon on CDN UI/UX 404
2. Observe result on mobile Safari browser",Render fallback initial avatar icon in UI/UX,Broken image placeholder shown in UI/UX layout,Staging,UI/UX,Low,P4,UI/UX
Bulk delete functional action removes wrong record IDs (on mobile Safari browser),Select all functional checkbox maps array index instead of database record ID. Note: Defect was verified on mobile Safari browser.,"1. Reproduce: Bulk delete functional action removes wrong record IDs
2. Observe result on mobile Safari browser",Execute functional deletion on selected database IDs only,Deletes wrong database records in functional execution,Staging,General,Critical,P1,Functional
Incorrect functional pagination item count displayed on table footer (when running background cron job),Footer displays total count from unfiltered dataset after applying functional search. Note: Defect was verified when running background cron job.,"1. Reproduce: Incorrect functional pagination item count displayed on table footer
2. Observe result when running background cron job",Update functional item count to match active search filter,Displays stale total count in table functional footer,Development,General,High,P2,Functional
Export CSV functional feature truncates descriptions with commas (in microservice container),CSV functional generator fails to wrap string values in double quotes. Note: Defect was verified in microservice container.,"1. Reproduce: Export CSV functional feature truncates descriptions with commas
2. Observe result in microservice container",Escape commas in CSV functional export,Splits text across columns in functional export,Staging,General,Medium,P3,Functional
Date picker functional filter applies timezone offset incorrectly (in microservice container),Selecting start date converts time to UTC shifting selected functional day. Note: Defect was verified in microservice container.,"1. Reproduce: Date picker functional filter applies timezone offset incorrectly
2. Observe result in microservice container",Preserve selected date string in functional filter,Shifts selected date by -1 day in functional query,Development,General,Low,P4,Functional
Zapier webhook integration pipeline drops sync events (observed in staging deployment),Data integration sync pipeline fails to retry dropped HTTP events under failure. Note: Defect was verified observed in staging deployment.,"1. Reproduce: Zapier webhook integration pipeline drops sync events
2. Observe result observed in staging deployment",Guaranteed event delivery across integration pipeline,Integration sync events silently lost,Production,Integration,Critical,P1,Integration
Third-party REST integration API rate limit returns 429 error (during load test run),Exceeding vendor API quota throws uncaught integration exception in worker queue. Note: Defect was verified during load test run.,"1. Reproduce: Third-party REST integration API rate limit returns 429 error
2. Observe result during load test run",Implement exponential backoff retry in integration client,Integration worker process crashes,Development,Integration,High,P2,Integration
Jira issue integration sync fails on custom field schema mismatch (in microservice container),Custom field value formatting causes Jira integration REST API validation error. Note: Defect was verified in microservice container.,"1. Reproduce: Jira issue integration sync fails on custom field schema mismatch
2. Observe result in microservice container",Format payload according to Jira integration spec,Jira integration sync fails,Staging,Integration,Medium,P3,Integration
Slack webhook integration notification fails when title contains quotes (observed in staging deployment),Unescaped double quotes in bug title break Slack integration JSON payload. Note: Defect was verified observed in staging deployment.,"1. Reproduce: Slack webhook integration notification fails when title contains quotes
2. Observe result observed in staging deployment",Sanitize JSON payload strings for integration webhook,Slack integration notification fails,Development,Integration,Low,P4,Integration
Cron job scheduler thread deadlocks halting automated tasks (intermittently after session timeout),Shared lock between scheduled tasks causes task runner service to stall. Note: Defect was verified intermittently after session timeout.,"1. Reproduce: Cron job scheduler thread deadlocks halting automated tasks
2. Observe result intermittently after session timeout",Isolated task execution threads for background jobs,Cron scheduler completely stops execution,Staging,General,Critical,P1,Other
Email notification sender address rejected by SPF DMARC policy (observed in staging deployment),Outbound transaction email missing valid DKIM signature in mail header. Note: Defect was verified observed in staging deployment.,"1. Reproduce: Email notification sender address rejected by SPF DMARC policy
2. Observe result observed in staging deployment",Send authenticated email headers with DKIM signature,Notification emails marked as spam,Staging,General,High,P2,Other
Help center documentation search returns 500 on special characters (after v1.4 patch release),Searching documentation with quotes throws unhandled server exception. Note: Defect was verified after v1.4 patch release.,"1. Reproduce: Help center documentation search returns 500 on special characters
2. Observe result after v1.4 patch release",Sanitize search input terms in documentation portal,500 Internal Server Error,Staging,General,Medium,P3,Other
Typo in assignment notification email subject header text (on mobile Safari browser),Notification email subject contains spelling error: 'Bug Assignned'. Note: Defect was verified on mobile Safari browser.,"1. Reproduce: Typo in assignment notification email subject header text
2. Observe result on mobile Safari browser",Correct spelling: 'Bug Assigned',Displays 'Assignned' with double n,Production,General,Low,P4,Other
SQL Injection security vulnerability in login authentication field (on mobile Safari browser),Unsanitized user input in security field allows unauthenticated SQL injection exploit against user database. Note: Defect was verified on mobile Safari browser.,"1. Reproduce: SQL Injection security vulnerability in login authentication field
2. Observe result on mobile Safari browser",Security input sanitization and SQL parameterization should block injection payload,Security authentication check bypassed allowing unauthorized access,Production,Security,Critical,P1,Security
Cross-Site Scripting XSS security vulnerability in comment box (after v1.4 patch release),Stored XSS security vulnerability executes arbitrary JavaScript in victim browser session. Note: Defect was verified after v1.4 patch release.,"1. Reproduce: Cross-Site Scripting XSS security vulnerability in comment box
2. Observe result after v1.4 patch release",Security HTML tag escaping should sanitize XSS payload,Malicious XSS script tag executes on profile page,Staging,Security,High,P2,Security
Missing security HTTP Content-Security-Policy headers (under high concurrent traffic),Application security response headers lack CSP protection against frame injection. Note: Defect was verified under high concurrent traffic.,"1. Reproduce: Missing security HTTP Content-Security-Policy headers
2. Observe result under high concurrent traffic",Include security response headers CSP and X-Frame-Options,Security response headers missing CSP directives,Staging,Security,Medium,P3,Security
Verbose server header leaks proxy security version info (observed in staging deployment),HTTP Server security response header reveals backend proxy version string. Note: Defect was verified observed in staging deployment.,"1. Reproduce: Verbose server header leaks proxy security version info
2. Observe result observed in staging deployment",Mask security server version strings in production,Header leaks Server version information,Production,Security,Low,P4,Security
Payment gateway deadlock causing duplicate debit charge (observed in staging deployment),Concurrent payment checkout requests cause deadlock resulting in double credit card debit. Note: Defect was verified observed in staging deployment.,"1. Reproduce: Payment gateway deadlock causing duplicate debit charge
2. Observe result observed in staging deployment",Atomic payment transaction lock prevents duplicate charges,Payment fails with 500 error and debits customer twice,Development,Payment,Critical,P1,Payment
Stripe payment API webhook notification signature failure (in microservice container),Asynchronous payment gateway notification webhook drops checkout completion events. Note: Defect was verified in microservice container.,"1. Reproduce: Stripe payment API webhook notification signature failure
2. Observe result in microservice container",Validate Stripe payment webhook signature correctly,Payment status remains pending after credit card charge,Development,Payment,High,P2,Payment
Currency symbol display mismatch in checkout payment summary (when running background cron job),Payment conversion calculates correctly but displays wrong currency symbol prefix. Note: Defect was verified when running background cron job.,"1. Reproduce: Currency symbol display mismatch in checkout payment summary
2. Observe result when running background cron job",Display correct currency symbol on payment screen,Displays $ instead of EUR symbol for payment total,Development,Payment,Medium,P3,Payment
Saved payment card mask displays 14 visible digits (observed in staging deployment),Credit card payment mask displays 14 visible digits on account billing page. Note: Defect was verified observed in staging deployment.,"1. Reproduce: Saved payment card mask displays 14 visible digits
2. Observe result observed in staging deployment",Mask all but last 4 payment card numbers,Payment card digits exposed on screen,Development,Payment,Low,P4,Payment
Database connection pool leak exhausts active DB connections (when running background cron job),Unclosed database ORM sessions leak database connection pool capacity causing API crash. Note: Defect was verified when running background cron job.,"1. Reproduce: Database connection pool leak exhausts active DB connections
2. Observe result when running background cron job",Recycle idle database connection pool threads automatically,Database connection pool timeout error,Production,Database,Critical,P1,Database
Missing composite database index causes full table scan (on Kubernetes cluster node 3),Database query plan performs full table scan on 10 million database rows. Note: Defect was verified on Kubernetes cluster node 3.,"1. Reproduce: Missing composite database index causes full table scan
2. Observe result on Kubernetes cluster node 3",Execute database query using composite index under 50ms,Database query latency spikes to 9 seconds,Development,Database,High,P2,Database
Read replica database synchronization delay lag (after v1.4 patch release),Replication lag on secondary database instance returns stale database records. Note: Defect was verified after v1.4 patch release.,"1. Reproduce: Read replica database synchronization delay lag
2. Observe result after v1.4 patch release",Database replication sync delay under 200ms,Stale database records returned to read query,Production,Database,Medium,P3,Database
Database migration script outputs deprecated syntax warning (under high concurrent traffic),Database schema migration succeeds but logs SQL index syntax warning. Note: Defect was verified under high concurrent traffic.,"1. Reproduce: Database migration script outputs deprecated syntax warning
2. Observe result under high concurrent traffic",Clean database migration execution logs,Deprecated database index syntax warning logged,Production,Database,Low,P4,Database
Memory leak during PDF export triggers OOM performance crash (on Kubernetes cluster node 3),Exporting PDF documents consumes 4GB heap RAM memory causing OOM performance killer crash. Note: Defect was verified on Kubernetes cluster node 3.,"1. Reproduce: Memory leak during PDF export triggers OOM performance crash
2. Observe result on Kubernetes cluster node 3",Optimize PDF stream memory allocation under 250MB,Performance crash with OutOfMemory error,Production,Performance,Critical,P1,Performance
High CPU utilization spike during concurrent CSV file parsing (intermittently after session timeout),Parsing 500MB CSV file locks CPU performance threads causing API response lag. Note: Defect was verified intermittently after session timeout.,"1. Reproduce: High CPU utilization spike during concurrent CSV file parsing
2. Observe result intermittently after session timeout",Process CSV parsing in async background queue to maintain performance,Server CPU spikes to 100% performance degradation,Staging,Performance,High,P2,Performance
N+1 SQL query loop in list view degrades page load performance (observed in staging deployment),Looping over table records triggers 150 individual SQL queries degrading performance. Note: Defect was verified observed in staging deployment.,"1. Reproduce: N+1 SQL query loop in list view degrades page load performance
2. Observe result observed in staging deployment",Use eager loading SQL joins for page performance,150 separate queries degrade load performance,Development,Performance,Medium,P3,Performance
Unused JavaScript bundle assets increase page load time (intermittently after session timeout),Legacy library dependencies included in main production bundle slowing performance. Note: Defect was verified intermittently after session timeout.,"1. Reproduce: Unused JavaScript bundle assets increase page load time
2. Observe result intermittently after session timeout",Tree-shake unused script files for optimal frontend performance,Bundle size 50KB larger than optimal performance benchmark,Staging,Performance,Low,P4,Performance
Multi-Factor Authentication MFA bypass via direct login route (on Kubernetes cluster node 3),Navigating directly to protected URL skips mandatory MFA passcode prompt during authentication. Note: Defect was verified on Kubernetes cluster node 3.,"1. Reproduce: Multi-Factor Authentication MFA bypass via direct login route
2. Observe result on Kubernetes cluster node 3",Enforce MFA authentication before issuing access token,Bypasses authentication MFA verification check,Development,Authentication,Critical,P1,Authentication
OAuth2 SSO authentication callback loop state mismatch (observed in staging deployment),Single Sign-On SSO authentication redirect fails for Azure AD login users. Note: Defect was verified observed in staging deployment.,"1. Reproduce: OAuth2 SSO authentication callback loop state mismatch
2. Observe result observed in staging deployment",Validate SSO authentication state token cleanly,Authentication redirect loop with 403 error,Production,Authentication,High,P2,Authentication
Password reset token does not expire after single redemption (in microservice container),Password reset link remains active for authentication multiple times. Note: Defect was verified in microservice container.,"1. Reproduce: Password reset token does not expire after single redemption
2. Observe result in microservice container",Invalidate password reset token after single authentication use,Reset token re-usable for 24 hours,Production,Authentication,Medium,P3,Authentication
Login form password input field missing autocomplete attribute (intermittently after session timeout),Password manager browser extension fails to auto-fill authentication password field. Note: Defect was verified intermittently after session timeout.,"1. Reproduce: Login form password input field missing autocomplete attribute
2. Observe result intermittently after session timeout",Set autocomplete='current-password' for authentication UX,Password manager fails to detect field,Staging,Authentication,Low,P4,Authentication
HTTP 504 Gateway Timeout on microservice network proxy (on Kubernetes cluster node 3),Network API gateway proxy drops inbound requests taking longer than 30 seconds. Note: Defect was verified on Kubernetes cluster node 3.,"1. Reproduce: HTTP 504 Gateway Timeout on microservice network proxy
2. Observe result on Kubernetes cluster node 3",Maintain network proxy connection for long requests,Network proxy returns 504 Gateway Timeout,Staging,Network,Critical,P1,Network
WebSocket live stream network connection drops every 60 seconds (during load test run),Missing network ping heartbeat ping causes reverse proxy to terminate socket connection. Note: Defect was verified during load test run.,"1. Reproduce: WebSocket live stream network connection drops every 60 seconds
2. Observe result during load test run",Send periodic WebSocket network keep-alive ping,Network socket connection closes with code 1006,Staging,Network,High,P2,Network
CORS preflight network request fails on custom HTTP headers (after v1.4 patch release),OPTIONS network request returns 403 Forbidden due to missing Access-Control header. Note: Defect was verified after v1.4 patch release.,"1. Reproduce: CORS preflight network request fails on custom HTTP headers
2. Observe result after v1.4 patch release",Allow custom headers in CORS network handler,Browser blocks cross-origin network API request,Development,Network,Medium,P3,Network
DNS lookup retry delay adds 150ms latency to network calls (intermittently after session timeout),Secondary DNS network resolver lookup retries before resolving hostname. Note: Defect was verified intermittently after session timeout.,"1. Reproduce: DNS lookup retry delay adds 150ms latency to network calls
2. Observe result intermittently after session timeout",Fast primary DNS network resolution under 10ms,Intermittent 150ms network delay,Development,Network,Low,P4,Network
Modal dialog close button unclickable on mobile viewport UI/UX (in microservice container),Modal close button positioned outside viewport UI/UX touch boundary. Note: Defect was verified in microservice container.,"1. Reproduce: Modal dialog close button unclickable on mobile viewport UI/UX
2. Observe result in microservice container",Responsive UI/UX modal bounds with accessible tap target,User stuck on modal UI/UX screen,Staging,UI/UX,Critical,P1,UI/UX
Filter dropdown selected values fail to clear on reset UI/UX click (on mobile Safari browser),Clicking Clear Filters resets text but leaves dropdown selection active in UI/UX state. Note: Defect was verified on mobile Safari browser.,"1. Reproduce: Filter dropdown selected values fail to clear on reset UI/UX click
2. Observe result on mobile Safari browser",Reset all UI/UX filter components to default state,Dropdown selection remains active in UI/UX state,Development,UI/UX,High,P2,UI/UX
Dark mode text contrast ratio fails accessibility UI/UX guidelines (after v1.4 patch release),Muted gray text on dark background has insufficient contrast ratio in UI/UX theme. Note: Defect was verified after v1.4 patch release.,"1. Reproduce: Dark mode text contrast ratio fails accessibility UI/UX guidelines
2. Observe result after v1.4 patch release",Maintain WCAG AAA contrast ratio 4.5:1 for UI/UX,Text illegible in dark UI/UX theme,Staging,UI/UX,Medium,P3,UI/UX
User avatar image renders broken placeholder icon on CDN UI/UX 404 (on mobile Safari browser),Broken image icon rendered when user profile picture URL fails in UI/UX. Note: Defect was verified on mobile Safari browser.,"1. Reproduce: User avatar image renders broken placeholder icon on CDN UI/UX 404
2. Observe result on mobile Safari browser",Render fallback initial avatar icon in UI/UX,Broken image placeholder shown in UI/UX layout,Development,UI/UX,Low,P4,UI/UX
Bulk delete functional action removes wrong record IDs (when running background cron job),Select all functional checkbox maps array index instead of database record ID. Note: Defect was verified when running background cron job.,"1. Reproduce: Bulk delete functional action removes wrong record IDs
2. Observe result when running background cron job",Execute functional deletion on selected database IDs only,Deletes wrong database records in functional execution,Development,General,Critical,P1,Functional
Incorrect functional pagination item count displayed on table footer (under high concurrent traffic),Footer displays total count from unfiltered dataset after applying functional search. Note: Defect was verified under high concurrent traffic.,"1. Reproduce: Incorrect functional pagination item count displayed on table footer
2. Observe result under high concurrent traffic",Update functional item count to match active search filter,Displays stale total count in table functional footer,Production,General,High,P2,Functional
Export CSV functional feature truncates descriptions with commas (observed in staging deployment),CSV functional generator fails to wrap string values in double quotes. Note: Defect was verified observed in staging deployment.,"1. Reproduce: Export CSV functional feature truncates descriptions with commas
2. Observe result observed in staging deployment",Escape commas in CSV functional export,Splits text across columns in functional export,Production,General,Medium,P3,Functional
Date picker functional filter applies timezone offset incorrectly (on mobile Safari browser),Selecting start date converts time to UTC shifting selected functional day. Note: Defect was verified on mobile Safari browser.,"1. Reproduce: Date picker functional filter applies timezone offset incorrectly
2. Observe result on mobile Safari browser",Preserve selected date string in functional filter,Shifts selected date by -1 day in functional query,Development,General,Low,P4,Functional
Zapier webhook integration pipeline drops sync events (observed in staging deployment),Data integration sync pipeline fails to retry dropped HTTP events under failure. Note: Defect was verified observed in staging deployment.,"1. Reproduce: Zapier webhook integration pipeline drops sync events
2. Observe result observed in staging deployment",Guaranteed event delivery across integration pipeline,Integration sync events silently lost,Staging,Integration,Critical,P1,Integration
Third-party REST integration API rate limit returns 429 error (during load test run),Exceeding vendor API quota throws uncaught integration exception in worker queue. Note: Defect was verified during load test run.,"1. Reproduce: Third-party REST integration API rate limit returns 429 error
2. Observe result during load test run",Implement exponential backoff retry in integration client,Integration worker process crashes,Development,Integration,High,P2,Integration
Jira issue integration sync fails on custom field schema mismatch (intermittently after session timeout),Custom field value formatting causes Jira integration REST API validation error. Note: Defect was verified intermittently after session timeout.,"1. Reproduce: Jira issue integration sync fails on custom field schema mismatch
2. Observe result intermittently after session timeout",Format payload according to Jira integration spec,Jira integration sync fails,Staging,Integration,Medium,P3,Integration
Slack webhook integration notification fails when title contains quotes (observed in staging deployment),Unescaped double quotes in bug title break Slack integration JSON payload. Note: Defect was verified observed in staging deployment.,"1. Reproduce: Slack webhook integration notification fails when title contains quotes
2. Observe result observed in staging deployment",Sanitize JSON payload strings for integration webhook,Slack integration notification fails,Staging,Integration,Low,P4,Integration
Cron job scheduler thread deadlocks halting automated tasks (on mobile Safari browser),Shared lock between scheduled tasks causes task runner service to stall. Note: Defect was verified on mobile Safari browser.,"1. Reproduce: Cron job scheduler thread deadlocks halting automated tasks
2. Observe result on mobile Safari browser",Isolated task execution threads for background jobs,Cron scheduler completely stops execution,Development,General,Critical,P1,Other
Email notification sender address rejected by SPF DMARC policy (when running background cron job),Outbound transaction email missing valid DKIM signature in mail header. Note: Defect was verified when running background cron job.,"1. Reproduce: Email notification sender address rejected by SPF DMARC policy
2. Observe result when running background cron job",Send authenticated email headers with DKIM signature,Notification emails marked as spam,Development,General,High,P2,Other
Help center documentation search returns 500 on special characters (observed in staging deployment),Searching documentation with quotes throws unhandled server exception. Note: Defect was verified observed in staging deployment.,"1. Reproduce: Help center documentation search returns 500 on special characters
2. Observe result observed in staging deployment",Sanitize search input terms in documentation portal,500 Internal Server Error,Development,General,Medium,P3,Other
Typo in assignment notification email subject header text (when running background cron job),Notification email subject contains spelling error: 'Bug Assignned'. Note: Defect was verified when running background cron job.,"1. Reproduce: Typo in assignment notification email subject header text
2. Observe result when running background cron job",Correct spelling: 'Bug Assigned',Displays 'Assignned' with double n,Staging,General,Low,P4,Other
SQL Injection security vulnerability in login authentication field (on mobile Safari browser),Unsanitized user input in security field allows unauthenticated SQL injection exploit against user database. Note: Defect was verified on mobile Safari browser.,"1. Reproduce: SQL Injection security vulnerability in login authentication field
2. Observe result on mobile Safari browser",Security input sanitization and SQL parameterization should block injection payload,Security authentication check bypassed allowing unauthorized access,Staging,Security,Critical,P1,Security
Cross-Site Scripting XSS security vulnerability in comment box (on Kubernetes cluster node 3),Stored XSS security vulnerability executes arbitrary JavaScript in victim browser session. Note: Defect was verified on Kubernetes cluster node 3.,"1. Reproduce: Cross-Site Scripting XSS security vulnerability in comment box
2. Observe result on Kubernetes cluster node 3",Security HTML tag escaping should sanitize XSS payload,Malicious XSS script tag executes on profile page,Staging,Security,High,P2,Security
Missing security HTTP Content-Security-Policy headers (in microservice container),Application security response headers lack CSP protection against frame injection. Note: Defect was verified in microservice container.,"1. Reproduce: Missing security HTTP Content-Security-Policy headers
2. Observe result in microservice container",Include security response headers CSP and X-Frame-Options,Security response headers missing CSP directives,Staging,Security,Medium,P3,Security
Verbose server header leaks proxy security version info (during load test run),HTTP Server security response header reveals backend proxy version string. Note: Defect was verified during load test run.,"1. Reproduce: Verbose server header leaks proxy security version info
2. Observe result during load test run",Mask security server version strings in production,Header leaks Server version information,Staging,Security,Low,P4,Security
Payment gateway deadlock causing duplicate debit charge (intermittently after session timeout),Concurrent payment checkout requests cause deadlock resulting in double credit card debit. Note: Defect was verified intermittently after session timeout.,"1. Reproduce: Payment gateway deadlock causing duplicate debit charge
2. Observe result intermittently after session timeout",Atomic payment transaction lock prevents duplicate charges,Payment fails with 500 error and debits customer twice,Staging,Payment,Critical,P1,Payment
Stripe payment API webhook notification signature failure (during load test run),Asynchronous payment gateway notification webhook drops checkout completion events. Note: Defect was verified during load test run.,"1. Reproduce: Stripe payment API webhook notification signature failure
2. Observe result during load test run",Validate Stripe payment webhook signature correctly,Payment status remains pending after credit card charge,Staging,Payment,High,P2,Payment
Currency symbol display mismatch in checkout payment summary (observed in staging deployment),Payment conversion calculates correctly but displays wrong currency symbol prefix. Note: Defect was verified observed in staging deployment.,"1. Reproduce: Currency symbol display mismatch in checkout payment summary
2. Observe result observed in staging deployment",Display correct currency symbol on payment screen,Displays $ instead of EUR symbol for payment total,Staging,Payment,Medium,P3,Payment
Saved payment card mask displays 14 visible digits (on mobile Safari browser),Credit card payment mask displays 14 visible digits on account billing page. Note: Defect was verified on mobile Safari browser.,"1. Reproduce: Saved payment card mask displays 14 visible digits
2. Observe result on mobile Safari browser",Mask all but last 4 payment card numbers,Payment card digits exposed on screen,Staging,Payment,Low,P4,Payment
Database connection pool leak exhausts active DB connections (intermittently after session timeout),Unclosed database ORM sessions leak database connection pool capacity causing API crash. Note: Defect was verified intermittently after session timeout.,"1. Reproduce: Database connection pool leak exhausts active DB connections
2. Observe result intermittently after session timeout",Recycle idle database connection pool threads automatically,Database connection pool timeout error,Development,Database,Critical,P1,Database
Missing composite database index causes full table scan (under high concurrent traffic),Database query plan performs full table scan on 10 million database rows. Note: Defect was verified under high concurrent traffic.,"1. Reproduce: Missing composite database index causes full table scan
2. Observe result under high concurrent traffic",Execute database query using composite index under 50ms,Database query latency spikes to 9 seconds,Production,Database,High,P2,Database
Read replica database synchronization delay lag (on Kubernetes cluster node 3),Replication lag on secondary database instance returns stale database records. Note: Defect was verified on Kubernetes cluster node 3.,"1. Reproduce: Read replica database synchronization delay lag
2. Observe result on Kubernetes cluster node 3",Database replication sync delay under 200ms,Stale database records returned to read query,Development,Database,Medium,P3,Database
Database migration script outputs deprecated syntax warning (during load test run),Database schema migration succeeds but logs SQL index syntax warning. Note: Defect was verified during load test run.,"1. Reproduce: Database migration script outputs deprecated syntax warning
2. Observe result during load test run",Clean database migration execution logs,Deprecated database index syntax warning logged,Production,Database,Low,P4,Database
Memory leak during PDF export triggers OOM performance crash (in microservice container),Exporting PDF documents consumes 4GB heap RAM memory causing OOM performance killer crash. Note: Defect was verified in microservice container.,"1. Reproduce: Memory leak during PDF export triggers OOM performance crash
2. Observe result in microservice container",Optimize PDF stream memory allocation under 250MB,Performance crash with OutOfMemory error,Development,Performance,Critical,P1,Performance
High CPU utilization spike during concurrent CSV file parsing (under high concurrent traffic),Parsing 500MB CSV file locks CPU performance threads causing API response lag. Note: Defect was verified under high concurrent traffic.,"1. Reproduce: High CPU utilization spike during concurrent CSV file parsing
2. Observe result under high concurrent traffic",Process CSV parsing in async background queue to maintain performance,Server CPU spikes to 100% performance degradation,Development,Performance,High,P2,Performance
N+1 SQL query loop in list view degrades page load performance (after v1.4 patch release),Looping over table records triggers 150 individual SQL queries degrading performance. Note: Defect was verified after v1.4 patch release.,"1. Reproduce: N+1 SQL query loop in list view degrades page load performance
2. Observe result after v1.4 patch release",Use eager loading SQL joins for page performance,150 separate queries degrade load performance,Staging,Performance,Medium,P3,Performance
Unused JavaScript bundle assets increase page load time (after v1.4 patch release),Legacy library dependencies included in main production bundle slowing performance. Note: Defect was verified after v1.4 patch release.,"1. Reproduce: Unused JavaScript bundle assets increase page load time
2. Observe result after v1.4 patch release",Tree-shake unused script files for optimal frontend performance,Bundle size 50KB larger than optimal performance benchmark,Staging,Performance,Low,P4,Performance
Multi-Factor Authentication MFA bypass via direct login route (intermittently after session timeout),Navigating directly to protected URL skips mandatory MFA passcode prompt during authentication. Note: Defect was verified intermittently after session timeout.,"1. Reproduce: Multi-Factor Authentication MFA bypass via direct login route
2. Observe result intermittently after session timeout",Enforce MFA authentication before issuing access token,Bypasses authentication MFA verification check,Staging,Authentication,Critical,P1,Authentication
OAuth2 SSO authentication callback loop state mismatch (during load test run),Single Sign-On SSO authentication redirect fails for Azure AD login users. Note: Defect was verified during load test run.,"1. Reproduce: OAuth2 SSO authentication callback loop state mismatch
2. Observe result during load test run",Validate SSO authentication state token cleanly,Authentication redirect loop with 403 error,Production,Authentication,High,P2,Authentication
Password reset token does not expire after single redemption (under high concurrent traffic),Password reset link remains active for authentication multiple times. Note: Defect was verified under high concurrent traffic.,"1. Reproduce: Password reset token does not expire after single redemption
2. Observe result under high concurrent traffic",Invalidate password reset token after single authentication use,Reset token re-usable for 24 hours,Staging,Authentication,Medium,P3,Authentication
Login form password input field missing autocomplete attribute (observed in staging deployment),Password manager browser extension fails to auto-fill authentication password field. Note: Defect was verified observed in staging deployment.,"1. Reproduce: Login form password input field missing autocomplete attribute
2. Observe result observed in staging deployment",Set autocomplete='current-password' for authentication UX,Password manager fails to detect field,Staging,Authentication,Low,P4,Authentication
HTTP 504 Gateway Timeout on microservice network proxy (observed in staging deployment),Network API gateway proxy drops inbound requests taking longer than 30 seconds. Note: Defect was verified observed in staging deployment.,"1. Reproduce: HTTP 504 Gateway Timeout on microservice network proxy
2. Observe result observed in staging deployment",Maintain network proxy connection for long requests,Network proxy returns 504 Gateway Timeout,Development,Network,Critical,P1,Network
WebSocket live stream network connection drops every 60 seconds (in microservice container),Missing network ping heartbeat ping causes reverse proxy to terminate socket connection. Note: Defect was verified in microservice container.,"1. Reproduce: WebSocket live stream network connection drops every 60 seconds
2. Observe result in microservice container",Send periodic WebSocket network keep-alive ping,Network socket connection closes with code 1006,Production,Network,High,P2,Network
CORS preflight network request fails on custom HTTP headers (observed in staging deployment),OPTIONS network request returns 403 Forbidden due to missing Access-Control header. Note: Defect was verified observed in staging deployment.,"1. Reproduce: CORS preflight network request fails on custom HTTP headers
2. Observe result observed in staging deployment",Allow custom headers in CORS network handler,Browser blocks cross-origin network API request,Staging,Network,Medium,P3,Network
DNS lookup retry delay adds 150ms latency to network calls (after v1.4 patch release),Secondary DNS network resolver lookup retries before resolving hostname. Note: Defect was verified after v1.4 patch release.,"1. Reproduce: DNS lookup retry delay adds 150ms latency to network calls
2. Observe result after v1.4 patch release",Fast primary DNS network resolution under 10ms,Intermittent 150ms network delay,Development,Network,Low,P4,Network
Modal dialog close button unclickable on mobile viewport UI/UX (in microservice container),Modal close button positioned outside viewport UI/UX touch boundary. Note: Defect was verified in microservice container.,"1. Reproduce: Modal dialog close button unclickable on mobile viewport UI/UX
2. Observe result in microservice container",Responsive UI/UX modal bounds with accessible tap target,User stuck on modal UI/UX screen,Staging,UI/UX,Critical,P1,UI/UX
Filter dropdown selected values fail to clear on reset UI/UX click (intermittently after session timeout),Clicking Clear Filters resets text but leaves dropdown selection active in UI/UX state. Note: Defect was verified intermittently after session timeout.,"1. Reproduce: Filter dropdown selected values fail to clear on reset UI/UX click
2. Observe result intermittently after session timeout",Reset all UI/UX filter components to default state,Dropdown selection remains active in UI/UX state,Development,UI/UX,High,P2,UI/UX
Dark mode text contrast ratio fails accessibility UI/UX guidelines (on Kubernetes cluster node 3),Muted gray text on dark background has insufficient contrast ratio in UI/UX theme. Note: Defect was verified on Kubernetes cluster node 3.,"1. Reproduce: Dark mode text contrast ratio fails accessibility UI/UX guidelines
2. Observe result on Kubernetes cluster node 3",Maintain WCAG AAA contrast ratio 4.5:1 for UI/UX,Text illegible in dark UI/UX theme,Production,UI/UX,Medium,P3,UI/UX
User avatar image renders broken placeholder icon on CDN UI/UX 404 (during load test run),Broken image icon rendered when user profile picture URL fails in UI/UX. Note: Defect was verified during load test run.,"1. Reproduce: User avatar image renders broken placeholder icon on CDN UI/UX 404
2. Observe result during load test run",Render fallback initial avatar icon in UI/UX,Broken image placeholder shown in UI/UX layout,Development,UI/UX,Low,P4,UI/UX
Bulk delete functional action removes wrong record IDs (under high concurrent traffic),Select all functional checkbox maps array index instead of database record ID. Note: Defect was verified under high concurrent traffic.,"1. Reproduce: Bulk delete functional action removes wrong record IDs
2. Observe result under high concurrent traffic",Execute functional deletion on selected database IDs only,Deletes wrong database records in functional execution,Production,General,Critical,P1,Functional
Incorrect functional pagination item count displayed on table footer (during load test run),Footer displays total count from unfiltered dataset after applying functional search. Note: Defect was verified during load test run.,"1. Reproduce: Incorrect functional pagination item count displayed on table footer
2. Observe result during load test run",Update functional item count to match active search filter,Displays stale total count in table functional footer,Staging,General,High,P2,Functional
Export CSV functional feature truncates descriptions with commas (under high concurrent traffic),CSV functional generator fails to wrap string values in double quotes. Note: Defect was verified under high concurrent traffic.,"1. Reproduce: Export CSV functional feature truncates descriptions with commas
2. Observe result under high concurrent traffic",Escape commas in CSV functional export,Splits text across columns in functional export,Development,General,Medium,P3,Functional
Date picker functional filter applies timezone offset incorrectly (when running background cron job),Selecting start date converts time to UTC shifting selected functional day. Note: Defect was verified when running background cron job.,"1. Reproduce: Date picker functional filter applies timezone offset incorrectly
2. Observe result when running background cron job",Preserve selected date string in functional filter,Shifts selected date by -1 day in functional query,Development,General,Low,P4,Functional
Zapier webhook integration pipeline drops sync events (intermittently after session timeout),Data integration sync pipeline fails to retry dropped HTTP events under failure. Note: Defect was verified intermittently after session timeout.,"1. Reproduce: Zapier webhook integration pipeline drops sync events
2. Observe result intermittently after session timeout",Guaranteed event delivery across integration pipeline,Integration sync events silently lost,Production,Integration,Critical,P1,Integration
Third-party REST integration API rate limit returns 429 error (on mobile Safari browser),Exceeding vendor API quota throws uncaught integration exception in worker queue. Note: Defect was verified on mobile Safari browser.,"1. Reproduce: Third-party REST integration API rate limit returns 429 error
2. Observe result on mobile Safari browser",Implement exponential backoff retry in integration client,Integration worker process crashes,Production,Integration,High,P2,Integration
Jira issue integration sync fails on custom field schema mismatch (in microservice container),Custom field value formatting causes Jira integration REST API validation error. Note: Defect was verified in microservice container.,"1. Reproduce: Jira issue integration sync fails on custom field schema mismatch
2. Observe result in microservice container",Format payload according to Jira integration spec,Jira integration sync fails,Development,Integration,Medium,P3,Integration
Slack webhook integration notification fails when title contains quotes (observed in staging deployment),Unescaped double quotes in bug title break Slack integration JSON payload. Note: Defect was verified observed in staging deployment.,"1. Reproduce: Slack webhook integration notification fails when title contains quotes
2. Observe result observed in staging deployment",Sanitize JSON payload strings for integration webhook,Slack integration notification fails,Development,Integration,Low,P4,Integration
Cron job scheduler thread deadlocks halting automated tasks (observed in staging deployment),Shared lock between scheduled tasks causes task runner service to stall. Note: Defect was verified observed in staging deployment.,"1. Reproduce: Cron job scheduler thread deadlocks halting automated tasks
2. Observe result observed in staging deployment",Isolated task execution threads for background jobs,Cron scheduler completely stops execution,Staging,General,Critical,P1,Other
Email notification sender address rejected by SPF DMARC policy (when running background cron job),Outbound transaction email missing valid DKIM signature in mail header. Note: Defect was verified when running background cron job.,"1. Reproduce: Email notification sender address rejected by SPF DMARC policy
2. Observe result when running background cron job",Send authenticated email headers with DKIM signature,Notification emails marked as spam,Production,General,High,P2,Other
Help center documentation search returns 500 on special characters (on Kubernetes cluster node 3),Searching documentation with quotes throws unhandled server exception. Note: Defect was verified on Kubernetes cluster node 3.,"1. Reproduce: Help center documentation search returns 500 on special characters
2. Observe result on Kubernetes cluster node 3",Sanitize search input terms in documentation portal,500 Internal Server Error,Production,General,Medium,P3,Other
Typo in assignment notification email subject header text (intermittently after session timeout),Notification email subject contains spelling error: 'Bug Assignned'. Note: Defect was verified intermittently after session timeout.,"1. Reproduce: Typo in assignment notification email subject header text
2. Observe result intermittently after session timeout",Correct spelling: 'Bug Assigned',Displays 'Assignned' with double n,Production,General,Low,P4,Other
